mask,num_edges,chromatic_number
0,0,1
1,1,2
2,1,2
3,2,2
4,1,2
5,2,2
6,2,2
7,3,2
8,1,2
9,2,2
10,2,2
11,3,2
12,2,2
13,3,2
14,3,2
15,4,2
16,1,2
17,2,2
18,2,2
19,3,2
20,2,2
21,3,2
22,3,2
23,4,2
24,2,2
25,3,2
26,3,2
27,4,2
28,3,2
29,4,2
30,4,2
31,5,2
32,1,2
33,2,2
34,2,2
35,3,2
36,2,2
37,3,2
38,3,2
39,4,2
40,2,2
41,3,2
42,3,2
43,4,2
44,3,2
45,4,2
46,4,2
47,5,2
48,2,2
49,3,2
50,3,2
51,4,2
52,3,2
53,4,2
54,4,2
55,5,2
56,3,2
57,4,2
58,4,2
59,5,2
60,4,2
61,5,2
62,5,2
63,6,2
64,1,2
65,2,2
66,2,2
67,3,2
68,2,2
69,3,2
70,3,2
71,4,2
72,2,2
73,3,2
74,3,2
75,4,2
76,3,2
77,4,2
78,4,2
79,5,2
80,2,2
81,3,2
82,3,2
83,4,2
84,3,2
85,4,2
86,4,2
87,5,2
88,3,2
89,4,2
90,4,2
91,5,2
92,4,2
93,5,2
94,5,2
95,6,2
96,2,2
97,3,2
98,3,2
99,4,2
100,3,2
101,4,2
102,4,2
103,5,2
104,3,2
105,4,2
106,4,2
107,5,2
108,4,2
109,5,2
110,5,2
111,6,2
112,3,2
113,4,2
114,4,2
115,5,2
116,4,2
117,5,2
118,5,2
119,6,2
120,4,2
121,5,2
122,5,2
123,6,2
124,5,2
125,6,2
126,6,2
127,7,2
128,1,2
129,2,2
130,2,2
131,3,2
132,2,2
133,3,2
134,3,2
135,4,2
136,2,2
137,3,2
138,3,2
139,4,2
140,3,2
141,4,2
142,4,2
143,5,2
144,2,2
145,3,2
146,3,2
147,4,2
148,3,2
149,4,2
150,4,2
151,5,2
152,3,2
153,4,2
154,4,2
155,5,2
156,4,2
157,5,2
158,5,2
159,6,2
160,2,2
161,3,2
162,3,2
163,4,2
164,3,2
165,4,2
166,4,2
167,5,2
168,3,2
169,4,2
170,4,2
171,5,2
172,4,2
173,5,2
174,5,2
175,6,2
176,3,2
177,4,2
178,4,2
179,5,2
180,4,2
181,5,2
182,5,2
183,6,2
184,4,2
185,5,2
186,5,2
187,6,2
188,5,2
189,6,2
190,6,2
191,7,2
192,2,2
193,3,2
194,3,2
195,4,2
196,3,2
197,4,2
198,4,2
199,5,2
200,3,2
201,4,2
202,4,2
203,5,2
204,4,2
205,5,2
206,5,2
207,6,2
208,3,2
209,4,2
210,4,2
211,5,2
212,4,2
213,5,2
214,5,2
215,6,2
216,4,2
217,5,2
218,5,2
219,6,2
220,5,2
221,6,2
222,6,2
223,7,2
224,3,2
225,4,2
226,4,2
227,5,2
228,4,2
229,5,2
230,5,2
231,6,2
232,4,2
233,5,2
234,5,2
235,6,2
236,5,2
237,6,2
238,6,2
239,7,2
240,4,2
241,5,2
242,5,2
243,6,2
244,5,2
245,6,2
246,6,2
247,7,2
248,5,2
249,6,2
250,6,2
251,7,2
252,6,2
253,7,2
254,7,2
255,8,2
256,1,2
257,2,2
258,2,2
259,3,2
260,2,2
261,3,2
262,3,2
263,4,2
264,2,2
265,3,2
266,3,2
267,4,2
268,3,2
269,4,2
270,4,2
271,5,2
272,2,2
273,3,2
274,3,2
275,4,2
276,3,2
277,4,2
278,4,2
279,5,2
280,3,2
281,4,2
282,4,2
283,5,2
284,4,2
285,5,2
286,5,2
287,6,2
288,2,2
289,3,3
290,3,2
291,4,2
292,3,2
293,4,2
294,4,2
295,5,2
296,3,2
297,4,2
298,4,2
299,5,2
300,4,2
301,5,2
302,5,2
303,6,2
304,3,2
305,4,2
306,4,2
307,5,2
308,4,2
309,5,2
310,5,2
311,6,2
312,4,2
313,5,2
314,5,2
315,6,2
316,5,2
317,6,2
318,6,2
319,7,2
320,2,2
321,3,2
322,3,2
323,4,2
324,3,2
325,4,2
326,4,2
327,5,2
328,3,2
329,4,2
330,4,2
331,5,2
332,4,2
333,5,2
334,5,2
335,6,2
336,3,2
337,4,2
338,4,2
339,5,2
340,4,2
341,5,2
342,5,2
343,6,2
344,4,2
345,5,2
346,5,2
347,6,2
348,5,2
349,6,2
350,6,2
351,7,2
352,3,2
353,4,2
354,4,2
355,5,2
356,4,2
357,5,2
358,5,2
359,6,2
360,4,2
361,5,2
362,5,2
363,6,2
364,5,2
365,6,2
366,6,2
367,7,2
368,4,2
369,5,2
370,5,2
371,6,2
372,5,2
373,6,2
374,6,2
375,7,2
376,5,2
377,6,2
378,6,2
379,7,2
380,6,2
381,7,2
382,7,2
383,8,2
384,2,2
385,3,2
386,3,2
387,4,2
388,3,2
389,4,2
390,4,2
391,5,2
392,3,2
393,4,2
394,4,2
395,5,2
396,4,2
397,5,2
398,5,2
399,6,2
400,3,2
401,4,2
402,4,2
403,5,2
404,4,2
405,5,2
406,5,2
407,6,2
408,4,2
409,5,2
410,5,2
411,6,2
412,5,2
413,6,2
414,6,2
415,7,2
416,3,2
417,4,2
418,4,2
419,5,2
420,4,2
421,5,2
422,5,2
423,6,2
424,4,2
425,5,2
426,5,2
427,6,2
428,5,2
429,6,2
430,6,2
431,7,2
432,4,2
433,5,2
434,5,2
435,6,2
436,5,2
437,6,2
438,6,2
439,7,2
440,5,2
441,6,2
442,6,2
443,7,2
444,6,2
445,7,2
446,7,2
447,8,2
448,3,2
449,4,2
450,4,2
451,5,2
452,4,2
453,5,2
454,5,2
455,6,2
456,4,2
457,5,2
458,5,2
459,6,2
460,5,2
461,6,2
462,6,2
463,7,2
464,4,2
465,5,2
466,5,2
467,6,2
468,5,2
469,6,2
470,6,2
471,7,2
472,5,2
473,6,2
474,6,2
475,7,2
476,6,2
477,7,2
478,7,2
479,8,2
480,4,2
481,5,2
482,5,2
483,6,2
484,5,2
485,6,2
486,6,2
487,7,2
488,5,2
489,6,2
490,6,2
491,7,2
492,6,2
493,7,2
494,7,2
495,8,2
496,5,2
497,6,2
498,6,2
499,7,2
500,6,2
501,7,2
502,7,2
503,8,2
504,6,2
505,7,2
506,7,2
507,8,2
508,7,2
509,8,2
510,8,2
511,9,2
512,1,2
513,2,2
514,2,2
515,3,2
516,2,2
517,3,2
518,3,2
519,4,2
520,2,2
521,3,2
522,3,2
523,4,2
524,3,2
525,4,2
526,4,2
527,5,2
528,2,2
529,3,2
530,3,3
531,4,2
532,3,2
533,4,2
534,4,2
535,5,2
536,3,2
537,4,2
538,4,2
539,5,2
540,4,2
541,5,2
542,5,2
543,6,2
544,2,2
545,3,2
546,3,2
547,4,2
548,3,2
549,4,2
550,4,2
551,5,2
552,3,2
553,4,2
554,4,2
555,5,2
556,4,2
557,5,2
558,5,2
559,6,2
560,3,2
561,4,2
562,4,2
563,5,2
564,4,2
565,5,2
566,5,2
567,6,2
568,4,2
569,5,2
570,5,2
571,6,2
572,5,2
573,6,2
574,6,2
575,7,2
576,2,2
577,3,2
578,3,2
579,4,2
580,3,2
581,4,2
582,4,2
583,5,2
584,3,2
585,4,2
586,4,2
587,5,2
588,4,2
589,5,2
590,5,2
591,6,2
592,3,2
593,4,2
594,4,2
595,5,2
596,4,2
597,5,2
598,5,2
599,6,2
600,4,2
601,5,2
602,5,2
603,6,2
604,5,2
605,6,2
606,6,2
607,7,2
608,3,2
609,4,2
610,4,2
611,5,2
612,4,2
613,5,2
614,5,2
615,6,2
616,4,2
617,5,2
618,5,2
619,6,2
620,5,2
621,6,2
622,6,2
623,7,2
624,4,2
625,5,2
626,5,2
627,6,2
628,5,2
629,6,2
630,6,2
631,7,2
632,5,2
633,6,2
634,6,2
635,7,2
636,6,2
637,7,2
638,7,2
639,8,2
640,2,2
641,3,2
642,3,2
643,4,2
644,3,2
645,4,2
646,4,2
647,5,2
648,3,2
649,4,2
650,4,2
651,5,2
652,4,2
653,5,2
654,5,2
655,6,2
656,3,2
657,4,2
658,4,2
659,5,2
660,4,2
661,5,2
662,5,2
663,6,2
664,4,2
665,5,2
666,5,2
667,6,2
668,5,2
669,6,2
670,6,2
671,7,2
672,3,2
673,4,2
674,4,2
675,5,2
676,4,2
677,5,2
678,5,2
679,6,2
680,4,2
681,5,2
682,5,2
683,6,2
684,5,2
685,6,2
686,6,2
687,7,2
688,4,2
689,5,2
690,5,2
691,6,2
692,5,2
693,6,2
694,6,2
695,7,2
696,5,2
697,6,2
698,6,2
699,7,2
700,6,2
701,7,2
702,7,2
703,8,2
704,3,2
705,4,2
706,4,2
707,5,2
708,4,2
709,5,2
710,5,2
711,6,2
712,4,2
713,5,2
714,5,2
715,6,2
716,5,2
717,6,2
718,6,2
719,7,2
720,4,2
721,5,2
722,5,2
723,6,2
724,5,2
725,6,2
726,6,2
727,7,2
728,5,2
729,6,2
730,6,2
731,7,2
732,6,2
733,7,2
734,7,2
735,8,2
736,4,2
737,5,2
738,5,2
739,6,2
740,5,2
741,6,2
742,6,2
743,7,2
744,5,2
745,6,2
746,6,2
747,7,2
748,6,2
749,7,2
750,7,2
751,8,2
752,5,2
753,6,2
754,6,2
755,7,2
756,6,2
757,7,2
758,7,2
759,8,2
760,6,2
761,7,2
762,7,2
763,8,2
764,7,2
765,8,2
766,8,2
767,9,2
768,2,2
769,3,2
770,3,2
771,4,2
772,3,2
773,4,2
774,4,2
775,5,2
776,3,2
777,4,2
778,4,2
779,5,2
780,4,2
781,5,2
782,5,2
783,6,2
784,3,2
785,4,2
786,4,2
787,5,2
788,4,2
789,5,2
790,5,2
791,6,2
792,4,2
793,5,2
794,5,2
795,6,2
796,5,2
797,6,2
798,6,2
799,7,2
800,3,2
801,4,2
802,4,2
803,5,2
804,4,2
805,5,2
806,5,2
807,6,2
808,4,2
809,5,2
810,5,2
811,6,2
812,5,2
813,6,2
814,6,2
815,7,2
816,4,2
817,5,2
818,5,2
819,6,2
820,5,2
821,6,2
822,6,2
823,7,2
824,5,2
825,6,2
826,6,2
827,7,2
828,6,2
829,7,2
830,7,2
831,8,2
832,3,2
833,4,2
834,4,2
835,5,2
836,4,2
837,5,2
838,5,2
839,6,2
840,4,2
841,5,2
842,5,2
843,6,2
844,5,2
845,6,2
846,6,2
847,7,2
848,4,2
849,5,2
850,5,2
851,6,2
852,5,2
853,6,2
854,6,2
855,7,2
856,5,2
857,6,2
858,6,2
859,7,2
860,6,2
861,7,2
862,7,2
863,8,2
864,4,2
865,5,2
866,5,2
867,6,2
868,5,2
869,6,2
870,6,2
871,7,2
872,5,2
873,6,2
874,6,2
875,7,2
876,6,2
877,7,2
878,7,2
879,8,2
880,5,2
881,6,2
882,6,2
883,7,2
884,6,2
885,7,2
886,7,2
887,8,2
888,6,2
889,7,2
890,7,2
891,8,2
892,7,2
893,8,2
894,8,2
895,9,2
896,3,2
897,4,2
898,4,2
899,5,2
900,4,2
901,5,2
902,5,2
903,6,2
904,4,2
905,5,2
906,5,2
907,6,2
908,5,2
909,6,2
910,6,2
911,7,2
912,4,2
913,5,2
914,5,2
915,6,2
916,5,2
917,6,2
918,6,2
919,7,2
920,5,2
921,6,2
922,6,2
923,7,2
924,6,2
925,7,2
926,7,2
927,8,2
928,4,2
929,5,2
930,5,2
931,6,2
932,5,2
933,6,2
934,6,2
935,7,2
936,5,2
937,6,2
938,6,2
939,7,2
940,6,2
941,7,2
942,7,2
943,8,2
944,5,2
945,6,2
946,6,2
947,7,2
948,6,2
949,7,2
950,7,2
951,8,2
952,6,2
953,7,2
954,7,2
955,8,2
956,7,2
957,8,2
958,8,2
959,9,2
960,4,2
961,5,2
962,5,2
963,6,2
964,5,2
965,6,2
966,6,2
967,7,2
968,5,2
969,6,2
970,6,2
971,7,2
972,6,2
973,7,2
974,7,2
975,8,2
976,5,2
977,6,2
978,6,2
979,7,2
980,6,2
981,7,2
982,7,2
983,8,2
984,6,2
985,7,2
986,7,2
987,8,2
988,7,2
989,8,2
990,8,2
991,9,2
992,5,2
993,6,2
994,6,2
995,7,2
996,6,2
997,7,2
998,7,2
999,8,2
1000,6,2
1001,7,2
1002,7,2
1003,8,2
1004,7,2
1005,8,2
1006,8,2
1007,9,2
1008,6,2
1009,7,2
1010,7,2
1011,8,2
1012,7,2
1013,8,2
1014,8,2
1015,9,2
1016,7,2
1017,8,2
1018,8,2
1019,9,2
1020,8,2
1021,9,2
1022,9,2
1023,10,2
1024,1,2
1025,2,2
1026,2,2
1027,3,2
1028,2,2
1029,3,2
1030,3,2
1031,4,2
1032,2,2
1033,3,2
1034,3,2
1035,4,2
1036,3,2
1037,4,2
1038,4,2
1039,5,2
1040,2,2
1041,3,2
1042,3,2
1043,4,2
1044,3,2
1045,4,2
1046,4,2
1047,5,2
1048,3,2
1049,4,2
1050,4,2
1051,5,2
1052,4,2
1053,5,2
1054,5,2
1055,6,2
1056,2,2
1057,3,2
1058,3,2
1059,4,2
1060,3,2
1061,4,2
1062,4,2
1063,5,2
1064,3,2
1065,4,2
1066,4,2
1067,5,2
1068,4,2
1069,5,2
1070,5,2
1071,6,2
1072,3,2
1073,4,2
1074,4,2
1075,5,2
1076,4,2
1077,5,2
1078,5,2
1079,6,2
1080,4,2
1081,5,2
1082,5,2
1083,6,2
1084,5,2
1085,6,2
1086,6,2
1087,7,2
1088,2,2
1089,3,2
1090,3,2
1091,4,2
1092,3,2
1093,4,2
1094,4,2
1095,5,2
1096,3,2
1097,4,2
1098,4,2
1099,5,2
1100,4,2
1101,5,2
1102,5,2
1103,6,2
1104,3,2
1105,4,2
1106,4,2
1107,5,2
1108,4,2
1109,5,2
1110,5,2
1111,6,2
1112,4,2
1113,5,2
1114,5,2
1115,6,2
1116,5,2
1117,6,2
1118,6,2
1119,7,2
1120,3,2
1121,4,2
1122,4,2
1123,5,2
1124,4,2
1125,5,2
1126,5,2
1127,6,2
1128,4,2
1129,5,2
1130,5,2
1131,6,2
1132,5,2
1133,6,2
1134,6,2
1135,7,2
1136,4,2
1137,5,2
1138,5,2
1139,6,2
1140,5,2
1141,6,2
1142,6,2
1143,7,2
1144,5,2
1145,6,2
1146,6,2
1147,7,2
1148,6,2
1149,7,2
1150,7,2
1151,8,2
1152,2,2
1153,3,2
1154,3,2
1155,4,2
1156,3,2
1157,4,2
1158,4,2
1159,5,2
1160,3,2
1161,4,2
1162,4,2
1163,5,2
1164,4,2
1165,5,2
1166,5,2
1167,6,2
1168,3,2
1169,4,2
1170,4,2
1171,5,2
1172,4,2
1173,5,2
1174,5,2
1175,6,2
1176,4,2
1177,5,2
1178,5,2
1179,6,2
1180,5,2
1181,6,2
1182,6,2
1183,7,2
1184,3,2
1185,4,2
1186,4,2
1187,5,2
1188,4,2
1189,5,2
1190,5,2
1191,6,2
1192,4,2
1193,5,2
1194,5,2
1195,6,2
1196,5,2
1197,6,2
1198,6,2
1199,7,2
1200,4,2
1201,5,2
1202,5,2
1203,6,2
1204,5,2
1205,6,2
1206,6,2
1207,7,2
1208,5,2
1209,6,2
1210,6,2
1211,7,2
1212,6,2
1213,7,2
1214,7,2
1215,8,2
1216,3,2
1217,4,2
1218,4,2
1219,5,2
1220,4,2
1221,5,2
1222,5,2
1223,6,2
1224,4,2
1225,5,2
1226,5,2
1227,6,2
1228,5,2
1229,6,2
1230,6,2
1231,7,2
1232,4,2
1233,5,2
1234,5,2
1235,6,2
1236,5,2
1237,6,2
1238,6,2
1239,7,2
1240,5,2
1241,6,2
1242,6,2
1243,7,2
1244,6,2
1245,7,2
1246,7,2
1247,8,2
1248,4,2
1249,5,2
1250,5,2
1251,6,2
1252,5,2
1253,6,2
1254,6,2
1255,7,2
1256,5,2
1257,6,2
1258,6,2
1259,7,2
1260,6,2
1261,7,2
1262,7,2
1263,8,2
1264,5,2
1265,6,2
1266,6,2
1267,7,2
1268,6,2
1269,7,2
1270,7,2
1271,8,2
1272,6,2
1273,7,2
1274,7,2
1275,8,2
1276,7,2
1277,8,2
1278,8,2
1279,9,2
1280,2,2
1281,3,2
1282,3,2
1283,4,2
1284,3,2
1285,4,2
1286,4,2
1287,5,2
1288,3,2
1289,4,2
1290,4,2
1291,5,2
1292,4,2
1293,5,2
1294,5,2
1295,6,2
1296,3,2
1297,4,2
1298,4,2
1299,5,2
1300,4,2
1301,5,2
1302,5,2
1303,6,2
1304,4,2
1305,5,2
1306,5,2
1307,6,2
1308,5,2
1309,6,2
1310,6,2
1311,7,2
1312,3,2
1313,4,2
1314,4,2
1315,5,2
1316,4,2
1317,5,2
1318,5,2
1319,6,2
1320,4,2
1321,5,2
1322,5,2
1323,6,2
1324,5,2
1325,6,2
1326,6,2
1327,7,2
1328,4,2
1329,5,2
1330,5,2
1331,6,2
1332,5,2
1333,6,2
1334,6,2
1335,7,2
1336,5,2
1337,6,2
1338,6,2
1339,7,2
1340,6,2
1341,7,2
1342,7,2
1343,8,2
1344,3,2
1345,4,2
1346,4,2
1347,5,2
1348,4,2
1349,5,2
1350,5,2
1351,6,2
1352,4,2
1353,5,2
1354,5,2
1355,6,2
1356,5,2
1357,6,2
1358,6,2
1359,7,2
1360,4,2
1361,5,2
1362,5,2
1363,6,2
1364,5,2
1365,6,2
1366,6,2
1367,7,2
1368,5,2
1369,6,2
1370,6,2
1371,7,2
1372,6,2
1373,7,2
1374,7,2
1375,8,2
1376,4,2
1377,5,2
1378,5,2
1379,6,2
1380,5,2
1381,6,2
1382,6,2
1383,7,2
1384,5,2
1385,6,2
1386,6,2
1387,7,2
1388,6,2
1389,7,2
1390,7,2
1391,8,2
1392,5,2
1393,6,2
1394,6,2
1395,7,2
1396,6,2
1397,7,2
1398,7,2
1399,8,2
1400,6,2
1401,7,2
1402,7,2
1403,8,2
1404,7,2
1405,8,2
1406,8,2
1407,9,2
1408,3,2
1409,4,2
1410,4,2
1411,5,2
1412,4,2
1413,5,2
1414,5,2
1415,6,2
1416,4,2
1417,5,2
1418,5,2
1419,6,2
1420,5,2
1421,6,2
1422,6,2
1423,7,2
1424,4,2
1425,5,2
1426,5,2
1427,6,2
1428,5,2
1429,6,2
1430,6,2
1431,7,2
1432,5,2
1433,6,2
1434,6,2
1435,7,2
1436,6,2
1437,7,2
1438,7,2
1439,8,2
1440,4,2
1441,5,2
1442,5,2
1443,6,2
1444,5,2
1445,6,2
1446,6,2
1447,7,2
1448,5,2
1449,6,2
1450,6,2
1451,7,2
1452,6,2
1453,7,2
1454,7,2
1455,8,2
1456,5,2
1457,6,2
1458,6,2
1459,7,2
1460,6,2
1461,7,2
1462,7,2
1463,8,2
1464,6,2
1465,7,2
1466,7,2
1467,8,2
1468,7,2
1469,8,2
1470,8,2
1471,9,2
1472,4,2
1473,5,2
1474,5,2
1475,6,2
1476,5,2
1477,6,2
1478,6,2
1479,7,2
1480,5,2
1481,6,2
1482,6,2
1483,7,2
1484,6,2
1485,7,2
1486,7,2
1487,8,2
1488,5,2
1489,6,2
1490,6,2
1491,7,2
1492,6,2
1493,7,2
1494,7,2
1495,8,2
1496,6,2
1497,7,2
1498,7,2
1499,8,2
1500,7,2
1501,8,2
1502,8,2
1503,9,2
1504,5,2
1505,6,2
1506,6,2
1507,7,2
1508,6,2
1509,7,2
1510,7,2
1511,8,2
1512,6,2
1513,7,2
1514,7,2
1515,8,2
1516,7,2
1517,8,2
1518,8,2
1519,9,2
1520,6,2
1521,7,2
1522,7,2
1523,8,2
1524,7,2
1525,8,2
1526,8,2
1527,9,2
1528,7,2
1529,8,2
1530,8,2
1531,9,2
1532,8,2
1533,9,2
1534,9,2
1535,10,2
1536,2,2
1537,3,2
1538,3,2
1539,4,2
1540,3,2
1541,4,2
1542,4,2
1543,5,2
1544,3,2
1545,4,2
1546,4,2
1547,5,2
1548,4,2
1549,5,2
1550,5,2
1551,6,2
1552,3,2
1553,4,2
1554,4,2
1555,5,2
1556,4,2
1557,5,2
1558,5,2
1559,6,2
1560,4,2
1561,5,2
1562,5,2
1563,6,2
1564,5,2
1565,6,2
1566,6,2
1567,7,2
1568,3,2
1569,4,2
1570,4,2
1571,5,2
1572,4,2
1573,5,2
1574,5,2
1575,6,2
1576,4,2
1577,5,2
1578,5,2
1579,6,2
1580,5,2
1581,6,2
1582,6,2
1583,7,2
1584,4,2
1585,5,2
1586,5,2
1587,6,2
1588,5,2
1589,6,2
1590,6,2
1591,7,2
1592,5,2
1593,6,2
1594,6,2
1595,7,2
1596,6,2
1597,7,2
1598,7,2
1599,8,2
1600,3,2
1601,4,2
1602,4,2
1603,5,2
1604,4,2
1605,5,2
1606,5,2
1607,6,2
1608,4,2
1609,5,2
1610,5,2
1611,6,2
1612,5,2
1613,6,2
1614,6,2
1615,7,2
1616,4,2
1617,5,2
1618,5,2
1619,6,2
1620,5,2
1621,6,2
1622,6,2
1623,7,2
1624,5,2
1625,6,2
1626,6,2
1627,7,2
1628,6,2
1629,7,2
1630,7,2
1631,8,2
1632,4,2
1633,5,2
1634,5,2
1635,6,2
1636,5,2
1637,6,2
1638,6,2
1639,7,2
1640,5,2
1641,6,2
1642,6,2
1643,7,2
1644,6,2
1645,7,2
1646,7,2
1647,8,2
1648,5,2
1649,6,2
1650,6,2
1651,7,2
1652,6,2
1653,7,2
1654,7,2
1655,8,2
1656,6,2
1657,7,2
1658,7,2
1659,8,2
1660,7,2
1661,8,2
1662,8,2
1663,9,2
1664,3,2
1665,4,2
1666,4,2
1667,5,2
1668,4,2
1669,5,2
1670,5,2
1671,6,2
1672,4,2
1673,5,2
1674,5,2
1675,6,2
1676,5,2
1677,6,2
1678,6,2
1679,7,2
1680,4,2
1681,5,2
1682,5,2
1683,6,2
1684,5,2
1685,6,2
1686,6,2
1687,7,2
1688,5,2
1689,6,2
1690,6,2
1691,7,2
1692,6,2
1693,7,2
1694,7,2
1695,8,2
1696,4,2
1697,5,2
1698,5,2
1699,6,2
1700,5,2
1701,6,2
1702,6,2
1703,7,2
1704,5,2
1705,6,2
1706,6,2
1707,7,2
1708,6,2
1709,7,2
1710,7,2
1711,8,2
1712,5,2
1713,6,2
1714,6,2
1715,7,2
1716,6,2
1717,7,2
1718,7,2
1719,8,2
1720,6,2
1721,7,2
1722,7,2
1723,8,2
1724,7,2
1725,8,2
1726,8,2
1727,9,2
1728,4,2
1729,5,2
1730,5,2
1731,6,2
1732,5,2
1733,6,2
1734,6,2
1735,7,2
1736,5,2
1737,6,2
1738,6,2
1739,7,2
1740,6,2
1741,7,2
1742,7,2
1743,8,2
1744,5,2
1745,6,2
1746,6,2
1747,7,2
1748,6,2
1749,7,2
1750,7,2
1751,8,2
1752,6,2
1753,7,2
1754,7,2
1755,8,2
1756,7,2
1757,8,2
1758,8,2
1759,9,2
1760,5,2
1761,6,2
1762,6,2
1763,7,2
1764,6,2
1765,7,2
1766,7,2
1767,8,2
1768,6,2
1769,7,2
1770,7,2
1771,8,2
1772,7,2
1773,8,2
1774,8,2
1775,9,2
1776,6,2
1777,7,2
1778,7,2
1779,8,2
1780,7,2
1781,8,2
1782,8,2
1783,9,2
1784,7,2
1785,8,2
1786,8,2
1787,9,2
1788,8,2
1789,9,2
1790,9,2
1791,10,2
1792,3,2
1793,4,2
1794,4,2
1795,5,2
1796,4,2
1797,5,2
1798,5,2
1799,6,2
1800,4,2
1801,5,2
1802,5,2
1803,6,2
1804,5,2
1805,6,2
1806,6,2
1807,7,2
1808,4,2
1809,5,2
1810,5,2
1811,6,2
1812,5,2
1813,6,2
1814,6,2
1815,7,2
1816,5,2
1817,6,2
1818,6,2
1819,7,2
1820,6,2
1821,7,2
1822,7,2
1823,8,2
1824,4,2
1825,5,2
1826,5,2
1827,6,2
1828,5,2
1829,6,2
1830,6,2
1831,7,2
1832,5,2
1833,6,2
1834,6,2
1835,7,2
1836,6,2
1837,7,2
1838,7,2
1839,8,2
1840,5,2
1841,6,2
1842,6,2
1843,7,2
1844,6,2
1845,7,2
1846,7,2
1847,8,2
1848,6,2
1849,7,2
1850,7,2
1851,8,2
1852,7,2
1853,8,2
1854,8,2
1855,9,2
1856,4,2
1857,5,2
1858,5,2
1859,6,2
1860,5,2
1861,6,2
1862,6,2
1863,7,2
1864,5,2
1865,6,2
1866,6,2
1867,7,2
1868,6,2
1869,7,2
1870,7,2
1871,8,2
1872,5,2
1873,6,2
1874,6,2
1875,7,2
1876,6,2
1877,7,2
1878,7,2
1879,8,2
1880,6,2
1881,7,2
1882,7,2
1883,8,2
1884,7,2
1885,8,2
1886,8,2
1887,9,2
1888,5,2
1889,6,2
1890,6,2
1891,7,2
1892,6,2
1893,7,2
1894,7,2
1895,8,2
1896,6,2
1897,7,2
1898,7,2
1899,8,2
1900,7,2
1901,8,2
1902,8,2
1903,9,2
1904,6,2
1905,7,2
1906,7,2
1907,8,2
1908,7,2
1909,8,2
1910,8,2
1911,9,2
1912,7,2
1913,8,2
1914,8,2
1915,9,2
1916,8,2
1917,9,2
1918,9,2
1919,10,2
1920,4,2
1921,5,2
1922,5,2
1923,6,2
1924,5,2
1925,6,2
1926,6,2
1927,7,2
1928,5,2
1929,6,2
1930,6,2
1931,7,2
1932,6,2
1933,7,2
1934,7,2
1935,8,2
1936,5,2
1937,6,2
1938,6,2
1939,7,2
1940,6,2
1941,7,2
1942,7,2
1943,8,2
1944,6,2
1945,7,2
1946,7,2
1947,8,2
1948,7,2
1949,8,2
1950,8,2
1951,9,2
1952,5,2
1953,6,2
1954,6,2
1955,7,2
1956,6,2
1957,7,2
1958,7,2
1959,8,2
1960,6,2
1961,7,2
1962,7,2
1963,8,2
1964,7,2
1965,8,2
1966,8,2
1967,9,2
1968,6,2
1969,7,2
1970,7,2
1971,8,2
1972,7,2
1973,8,2
1974,8,2
1975,9,2
1976,7,2
1977,8,2
1978,8,2
1979,9,2
1980,8,2
1981,9,2
1982,9,2
1983,10,2
1984,5,2
1985,6,2
1986,6,2
1987,7,2
1988,6,2
1989,7,2
1990,7,2
1991,8,2
1992,6,2
1993,7,2
1994,7,2
1995,8,2
1996,7,2
1997,8,2
1998,8,2
1999,9,2
2000,6,2
2001,7,2
2002,7,2
2003,8,2
2004,7,2
2005,8,2
2006,8,2
2007,9,2
2008,7,2
2009,8,2
2010,8,2
2011,9,2
2012,8,2
2013,9,2
2014,9,2
2015,10,2
2016,6,2
2017,7,2
2018,7,2
2019,8,2
2020,7,2
2021,8,2
2022,8,2
2023,9,2
2024,7,2
2025,8,2
2026,8,2
2027,9,2
2028,8,2
2029,9,2
2030,9,2
2031,10,2
2032,7,2
2033,8,2
2034,8,2
2035,9,2
2036,8,2
2037,9,2
2038,9,2
2039,10,2
2040,8,2
2041,9,2
2042,9,2
2043,10,2
2044,9,2
2045,10,2
2046,10,2
2047,11,2
2048,1,2
2049,2,2
2050,2,2
2051,3,2
2052,2,2
2053,3,2
2054,3,2
2055,4,2
2056,2,2
2057,3,2
2058,3,2
2059,4,2
2060,3,2
2061,4,2
2062,4,2
2063,5,2
2064,2,2
2065,3,2
2066,3,2
2067,4,2
2068,3,2
2069,4,2
2070,4,2
2071,5,2
2072,3,2
2073,4,2
2074,4,2
2075,5,2
2076,4,2
2077,5,2
2078,5,2
2079,6,2
2080,2,2
2081,3,2
2082,3,2
2083,4,2
2084,3,2
2085,4,2
2086,4,2
2087,5,2
2088,3,2
2089,4,2
2090,4,2
2091,5,2
2092,4,2
2093,5,2
2094,5,2
2095,6,2
2096,3,2
2097,4,2
2098,4,2
2099,5,2
2100,4,2
2101,5,2
2102,5,2
2103,6,2
2104,4,2
2105,5,2
2106,5,2
2107,6,2
2108,5,2
2109,6,2
2110,6,2
2111,7,2
2112,2,2
2113,3,2
2114,3,2
2115,4,2
2116,3,2
2117,4,2
2118,4,2
2119,5,2
2120,3,2
2121,4,2
2122,4,2
2123,5,2
2124,4,2
2125,5,2
2126,5,2
2127,6,2
2128,3,2
2129,4,2
2130,4,2
2131,5,2
2132,4,2
2133,5,2
2134,5,2
2135,6,2
2136,4,2
2137,5,2
2138,5,2
2139,6,2
2140,5,2
2141,6,2
2142,6,2
2143,7,2
2144,3,2
2145,4,2
2146,4,2
2147,5,2
2148,4,2
2149,5,2
2150,5,2
2151,6,2
2152,4,2
2153,5,2
2154,5,2
2155,6,2
2156,5,2
2157,6,2
2158,6,2
2159,7,2
2160,4,2
2161,5,2
2162,5,2
2163,6,2
2164,5,2
2165,6,2
2166,6,2
2167,7,2
2168,5,2
2169,6,2
2170,6,2
2171,7,2
2172,6,2
2173,7,2
2174,7,2
2175,8,2
2176,2,2
2177,3,2
2178,3,2
2179,4,2
2180,3,2
2181,4,2
2182,4,2
2183,5,2
2184,3,2
2185,4,2
2186,4,2
2187,5,2
2188,4,2
2189,5,2
2190,5,2
2191,6,2
2192,3,2
2193,4,2
2194,4,2
2195,5,2
2196,4,2
2197,5,2
2198,5,2
2199,6,2
2200,4,2
2201,5,2
2202,5,2
2203,6,2
2204,5,2
2205,6,2
2206,6,2
2207,7,2
2208,3,2
2209,4,2
2210,4,2
2211,5,2
2212,4,2
2213,5,2
2214,5,2
2215,6,2
2216,4,2
2217,5,2
2218,5,2
2219,6,2
2220,5,2
2221,6,2
2222,6,2
2223,7,2
2224,4,2
2225,5,2
2226,5,2
2227,6,2
2228,5,2
2229,6,2
2230,6,2
2231,7,2
2232,5,2
2233,6,2
2234,6,2
2235,7,2
2236,6,2
2237,7,2
2238,7,2
2239,8,2
2240,3,2
2241,4,2
2242,4,2
2243,5,2
2244,4,2
2245,5,2
2246,5,2
2247,6,2
2248,4,2
2249,5,2
2250,5,2
2251,6,2
2252,5,2
2253,6,2
2254,6,2
2255,7,2
2256,4,2
2257,5,2
2258,5,2
2259,6,2
2260,5,2
2261,6,2
2262,6,2
2263,7,2
2264,5,2
2265,6,2
2266,6,2
2267,7,2
2268,6,2
2269,7,2
2270,7,2
2271,8,2
2272,4,2
2273,5,2
2274,5,2
2275,6,2
2276,5,2
2277,6,2
2278,6,2
2279,7,2
2280,5,2
2281,6,2
2282,6,2
2283,7,2
2284,6,2
2285,7,2
2286,7,2
2287,8,2
2288,5,2
2289,6,2
2290,6,2
2291,7,2
2292,6,2
2293,7,2
2294,7,2
2295,8,2
2296,6,2
2297,7,2
2298,7,2
2299,8,2
2300,7,2
2301,8,2
2302,8,2
2303,9,2
2304,2,2
2305,3,2
2306,3,2
2307,4,2
2308,3,2
2309,4,2
2310,4,2
2311,5,2
2312,3,2
2313,4,2
2314,4,2
2315,5,2
2316,4,2
2317,5,2
2318,5,2
2319,6,2
2320,3,2
2321,4,2
2322,4,2
2323,5,2
2324,4,2
2325,5,2
2326,5,2
2327,6,2
2328,4,2
2329,5,2
2330,5,2
2331,6,2
2332,5,2
2333,6,2
2334,6,2
2335,7,2
2336,3,2
2337,4,2
2338,4,2
2339,5,2
2340,4,2
2341,5,2
2342,5,2
2343,6,2
2344,4,2
2345,5,2
2346,5,2
2347,6,2
2348,5,2
2349,6,2
2350,6,2
2351,7,2
2352,4,2
2353,5,2
2354,5,2
2355,6,2
2356,5,2
2357,6,2
2358,6,2
2359,7,2
2360,5,2
2361,6,2
2362,6,2
2363,7,2
2364,6,2
2365,7,2
2366,7,2
2367,8,2
2368,3,2
2369,4,2
2370,4,2
2371,5,2
2372,4,2
2373,5,2
2374,5,2
2375,6,2
2376,4,2
2377,5,2
2378,5,2
2379,6,2
2380,5,2
2381,6,2
2382,6,2
2383,7,2
2384,4,2
2385,5,2
2386,5,2
2387,6,2
2388,5,2
2389,6,2
2390,6,2
2391,7,2
2392,5,2
2393,6,2
2394,6,2
2395,7,2
2396,6,2
2397,7,2
2398,7,2
2399,8,2
2400,4,2
2401,5,2
2402,5,2
2403,6,2
2404,5,2
2405,6,2
2406,6,2
2407,7,2
2408,5,2
2409,6,2
2410,6,2
2411,7,2
2412,6,2
2413,7,2
2414,7,2
2415,8,2
2416,5,2
2417,6,2
2418,6,2
2419,7,2
2420,6,2
2421,7,2
2422,7,2
2423,8,2
2424,6,2
2425,7,2
2426,7,2
2427,8,2
2428,7,2
2429,8,2
2430,8,2
2431,9,2
2432,3,2
2433,4,2
2434,4,2
2435,5,2
2436,4,2
2437,5,2
2438,5,2
2439,6,2
2440,4,2
2441,5,2
2442,5,2
2443,6,2
2444,5,2
2445,6,2
2446,6,2
2447,7,2
2448,4,2
2449,5,2
2450,5,2
2451,6,2
2452,5,2
2453,6,2
2454,6,2
2455,7,2
2456,5,2
2457,6,2
2458,6,2
2459,7,2
2460,6,2
2461,7,2
2462,7,2
2463,8,2
2464,4,2
2465,5,2
2466,5,2
2467,6,2
2468,5,2
2469,6,2
2470,6,2
2471,7,2
2472,5,2
2473,6,2
2474,6,2
2475,7,2
2476,6,2
2477,7,2
2478,7,2
2479,8,2
2480,5,2
2481,6,2
2482,6,2
2483,7,2
2484,6,2
2485,7,2
2486,7,2
2487,8,2
2488,6,2
2489,7,2
2490,7,2
2491,8,2
2492,7,2
2493,8,2
2494,8,2
2495,9,2
2496,4,2
2497,5,2
2498,5,2
2499,6,2
2500,5,2
2501,6,2
2502,6,2
2503,7,2
2504,5,2
2505,6,2
2506,6,2
2507,7,2
2508,6,2
2509,7,2
2510,7,2
2511,8,2
2512,5,2
2513,6,2
2514,6,2
2515,7,2
2516,6,2
2517,7,2
2518,7,2
2519,8,2
2520,6,2
2521,7,2
2522,7,2
2523,8,2
2524,7,2
2525,8,2
2526,8,2
2527,9,2
2528,5,2
2529,6,2
2530,6,2
2531,7,2
2532,6,2
2533,7,2
2534,7,2
2535,8,2
2536,6,2
2537,7,2
2538,7,2
2539,8,2
2540,7,2
2541,8,2
2542,8,2
2543,9,2
2544,6,2
2545,7,2
2546,7,2
2547,8,2
2548,7,2
2549,8,2
2550,8,2
2551,9,2
2552,7,2
2553,8,2
2554,8,2
2555,9,2
2556,8,2
2557,9,2
2558,9,2
2559,10,2
2560,2,2
2561,3,2
2562,3,2
2563,4,2
2564,3,2
2565,4,2
2566,4,2
2567,5,2
2568,3,2
2569,4,2
2570,4,2
2571,5,2
2572,4,2
2573,5,2
2574,5,2
2575,6,2
2576,3,2
2577,4,2
2578,4,2
2579,5,2
2580,4,2
2581,5,2
2582,5,2
2583,6,2
2584,4,2
2585,5,2
2586,5,2
2587,6,2
2588,5,2
2589,6,2
2590,6,2
2591,7,2
2592,3,2
2593,4,2
2594,4,2
2595,5,2
2596,4,2
2597,5,2
2598,5,2
2599,6,2
2600,4,2
2601,5,2
2602,5,2
2603,6,2
2604,5,2
2605,6,2
2606,6,2
2607,7,2
2608,4,2
2609,5,2
2610,5,2
2611,6,2
2612,5,2
2613,6,2
2614,6,2
2615,7,2
2616,5,2
2617,6,2
2618,6,2
2619,7,2
2620,6,2
2621,7,2
2622,7,2
2623,8,2
2624,3,2
2625,4,2
2626,4,2
2627,5,2
2628,4,2
2629,5,2
2630,5,2
2631,6,2
2632,4,2
2633,5,2
2634,5,2
2635,6,2
2636,5,2
2637,6,2
2638,6,2
2639,7,2
2640,4,2
2641,5,2
2642,5,2
2643,6,2
2644,5,2
2645,6,2
2646,6,2
2647,7,2
2648,5,2
2649,6,2
2650,6,2
2651,7,2
2652,6,2
2653,7,2
2654,7,2
2655,8,2
2656,4,2
2657,5,2
2658,5,2
2659,6,2
2660,5,2
2661,6,2
2662,6,2
2663,7,2
2664,5,2
2665,6,2
2666,6,2
2667,7,2
2668,6,2
2669,7,2
2670,7,2
2671,8,2
2672,5,2
2673,6,2
2674,6,2
2675,7,2
2676,6,2
2677,7,2
2678,7,2
2679,8,2
2680,6,2
2681,7,2
2682,7,2
2683,8,2
2684,7,2
2685,8,2
2686,8,2
2687,9,2
2688,3,2
2689,4,2
2690,4,2
2691,5,2
2692,4,2
2693,5,2
2694,5,2
2695,6,2
2696,4,2
2697,5,2
2698,5,2
2699,6,2
2700,5,2
2701,6,2
2702,6,2
2703,7,2
2704,4,2
2705,5,2
2706,5,2
2707,6,2
2708,5,2
2709,6,2
2710,6,2
2711,7,2
2712,5,2
2713,6,2
2714,6,2
2715,7,2
2716,6,2
2717,7,2
2718,7,2
2719,8,2
2720,4,2
2721,5,2
2722,5,2
2723,6,2
2724,5,2
2725,6,2
2726,6,2
2727,7,2
2728,5,2
2729,6,2
2730,6,2
2731,7,2
2732,6,2
2733,7,2
2734,7,2
2735,8,2
2736,5,2
2737,6,2
2738,6,2
2739,7,2
2740,6,2
2741,7,2
2742,7,2
2743,8,2
2744,6,2
2745,7,2
2746,7,2
2747,8,2
2748,7,2
2749,8,2
2750,8,2
2751,9,2
2752,4,2
2753,5,2
2754,5,2
2755,6,2
2756,5,2
2757,6,2
2758,6,2
2759,7,2
2760,5,2
2761,6,2
2762,6,2
2763,7,2
2764,6,2
2765,7,2
2766,7,2
2767,8,2
2768,5,2
2769,6,2
2770,6,2
2771,7,2
2772,6,2
2773,7,2
2774,7,2
2775,8,2
2776,6,2
2777,7,2
2778,7,2
2779,8,2
2780,7,2
2781,8,2
2782,8,2
2783,9,2
2784,5,2
2785,6,2
2786,6,2
2787,7,2
2788,6,2
2789,7,2
2790,7,2
2791,8,2
2792,6,2
2793,7,2
2794,7,2
2795,8,2
2796,7,2
2797,8,2
2798,8,2
2799,9,2
2800,6,2
2801,7,2
2802,7,2
2803,8,2
2804,7,2
2805,8,2
2806,8,2
2807,9,2
2808,7,2
2809,8,2
2810,8,2
2811,9,2
2812,8,2
2813,9,2
2814,9,2
2815,10,2
2816,3,2
2817,4,2
2818,4,2
2819,5,2
2820,4,2
2821,5,2
2822,5,2
2823,6,2
2824,4,2
2825,5,2
2826,5,2
2827,6,2
2828,5,2
2829,6,2
2830,6,2
2831,7,2
2832,4,2
2833,5,2
2834,5,2
2835,6,2
2836,5,2
2837,6,2
2838,6,2
2839,7,2
2840,5,2
2841,6,2
2842,6,2
2843,7,2
2844,6,2
2845,7,2
2846,7,2
2847,8,2
2848,4,2
2849,5,2
2850,5,2
2851,6,2
2852,5,2
2853,6,2
2854,6,2
2855,7,2
2856,5,2
2857,6,2
2858,6,2
2859,7,2
2860,6,2
2861,7,2
2862,7,2
2863,8,2
2864,5,2
2865,6,2
2866,6,2
2867,7,2
2868,6,2
2869,7,2
2870,7,2
2871,8,2
2872,6,2
2873,7,2
2874,7,2
2875,8,2
2876,7,2
2877,8,2
2878,8,2
2879,9,2
2880,4,2
2881,5,2
2882,5,2
2883,6,2
2884,5,2
2885,6,2
2886,6,2
2887,7,2
2888,5,2
2889,6,2
2890,6,2
2891,7,2
2892,6,2
2893,7,2
2894,7,2
2895,8,2
2896,5,2
2897,6,2
2898,6,2
2899,7,2
2900,6,2
2901,7,2
2902,7,2
2903,8,2
2904,6,2
2905,7,2
2906,7,2
2907,8,2
2908,7,2
2909,8,2
2910,8,2
2911,9,2
2912,5,2
2913,6,2
2914,6,2
2915,7,2
2916,6,2
2917,7,2
2918,7,2
2919,8,2
2920,6,2
2921,7,2
2922,7,2
2923,8,2
2924,7,2
2925,8,2
2926,8,2
2927,9,2
2928,6,2
2929,7,2
2930,7,2
2931,8,2
2932,7,2
2933,8,2
2934,8,2
2935,9,2
2936,7,2
2937,8,2
2938,8,2
2939,9,2
2940,8,2
2941,9,2
2942,9,2
2943,10,2
2944,4,2
2945,5,2
2946,5,2
2947,6,2
2948,5,2
2949,6,2
2950,6,2
2951,7,2
2952,5,2
2953,6,2
2954,6,2
2955,7,2
2956,6,2
2957,7,2
2958,7,2
2959,8,2
2960,5,2
2961,6,2
2962,6,2
2963,7,2
2964,6,2
2965,7,2
2966,7,2
2967,8,2
2968,6,2
2969,7,2
2970,7,2
2971,8,2
2972,7,2
2973,8,2
2974,8,2
2975,9,2
2976,5,2
2977,6,2
2978,6,2
2979,7,2
2980,6,2
2981,7,2
2982,7,2
2983,8,2
2984,6,2
2985,7,2
2986,7,2
2987,8,2
2988,7,2
2989,8,2
2990,8,2
2991,9,2
2992,6,2
2993,7,2
2994,7,2
2995,8,2
2996,7,2
2997,8,2
2998,8,2
2999,9,2
3000,7,2
3001,8,2
3002,8,2
3003,9,2
3004,8,2
3005,9,2
3006,9,2
3007,10,2
3008,5,2
3009,6,2
3010,6,2
3011,7,2
3012,6,2
3013,7,2
3014,7,2
3015,8,2
3016,6,2
3017,7,2
3018,7,2
3019,8,2
3020,7,2
3021,8,2
3022,8,2
3023,9,2
3024,6,2
3025,7,2
3026,7,2
3027,8,2
3028,7,2
3029,8,2
3030,8,2
3031,9,2
3032,7,2
3033,8,2
3034,8,2
3035,9,2
3036,8,2
3037,9,2
3038,9,2
3039,10,2
3040,6,2
3041,7,2
3042,7,2
3043,8,2
3044,7,2
3045,8,2
3046,8,2
3047,9,2
3048,7,2
3049,8,2
3050,8,2
3051,9,2
3052,8,2
3053,9,2
3054,9,2
3055,10,2
3056,7,2
3057,8,2
3058,8,2
3059,9,2
3060,8,2
3061,9,2
3062,9,2
3063,10,2
3064,8,2
3065,9,2
3066,9,2
3067,10,2
3068,9,2
3069,10,2
3070,10,2
3071,11,2
3072,2,2
3073,3,2
3074,3,2
3075,4,2
3076,3,2
3077,4,2
3078,4,2
3079,5,2
3080,3,2
3081,4,2
3082,4,2
3083,5,2
3084,4,2
3085,5,2
3086,5,2
3087,6,2
3088,3,2
3089,4,2
3090,4,2
3091,5,2
3092,4,2
3093,5,2
3094,5,2
3095,6,2
3096,4,2
3097,5,2
3098,5,2
3099,6,2
3100,5,2
3101,6,2
3102,6,2
3103,7,2
3104,3,2
3105,4,2
3106,4,2
3107,5,2
3108,4,2
3109,5,2
3110,5,2
3111,6,2
3112,4,2
3113,5,2
3114,5,2
3115,6,2
3116,5,2
3117,6,2
3118,6,2
3119,7,2
3120,4,2
3121,5,2
3122,5,2
3123,6,2
3124,5,2
3125,6,2
3126,6,2
3127,7,2
3128,5,2
3129,6,2
3130,6,2
3131,7,2
3132,6,2
3133,7,2
3134,7,2
3135,8,2
3136,3,2
3137,4,2
3138,4,2
3139,5,2
3140,4,2
3141,5,2
3142,5,2
3143,6,2
3144,4,2
3145,5,2
3146,5,2
3147,6,2
3148,5,2
3149,6,2
3150,6,2
3151,7,2
3152,4,2
3153,5,2
3154,5,2
3155,6,2
3156,5,2
3157,6,2
3158,6,2
3159,7,2
3160,5,2
3161,6,2
3162,6,2
3163,7,2
3164,6,2
3165,7,2
3166,7,2
3167,8,2
3168,4,2
3169,5,2
3170,5,2
3171,6,2
3172,5,2
3173,6,2
3174,6,2
3175,7,2
3176,5,2
3177,6,2
3178,6,2
3179,7,2
3180,6,2
3181,7,2
3182,7,2
3183,8,2
3184,5,2
3185,6,2
3186,6,2
3187,7,2
3188,6,2
3189,7,2
3190,7,2
3191,8,2
3192,6,2
3193,7,2
3194,7,2
3195,8,2
3196,7,2
3197,8,2
3198,8,2
3199,9,2
3200,3,2
3201,4,2
3202,4,2
3203,5,2
3204,4,2
3205,5,2
3206,5,2
3207,6,2
3208,4,2
3209,5,2
3210,5,2
3211,6,2
3212,5,2
3213,6,2
3214,6,2
3215,7,2
3216,4,2
3217,5,2
3218,5,2
3219,6,2
3220,5,2
3221,6,2
3222,6,2
3223,7,2
3224,5,2
3225,6,2
3226,6,2
3227,7,2
3228,6,2
3229,7,2
3230,7,2
3231,8,2
3232,4,2
3233,5,2
3234,5,2
3235,6,2
3236,5,2
3237,6,2
3238,6,2
3239,7,2
3240,5,2
3241,6,2
3242,6,2
3243,7,2
3244,6,2
3245,7,2
3246,7,2
3247,8,2
3248,5,2
3249,6,2
3250,6,2
3251,7,2
3252,6,2
3253,7,2
3254,7,2
3255,8,2
3256,6,2
3257,7,2
3258,7,2
3259,8,2
3260,7,2
3261,8,2
3262,8,2
3263,9,2
3264,4,2
3265,5,2
3266,5,2
3267,6,2
3268,5,2
3269,6,2
3270,6,2
3271,7,2
3272,5,2
3273,6,2
3274,6,2
3275,7,2
3276,6,2
3277,7,2
3278,7,2
3279,8,2
3280,5,2
3281,6,2
3282,6,2
3283,7,2
3284,6,2
3285,7,2
3286,7,2
3287,8,2
3288,6,2
3289,7,2
3290,7,2
3291,8,2
3292,7,2
3293,8,2
3294,8,2
3295,9,2
3296,5,2
3297,6,2
3298,6,2
3299,7,2
3300,6,2
3301,7,2
3302,7,2
3303,8,2
3304,6,2
3305,7,2
3306,7,2
3307,8,2
3308,7,2
3309,8,2
3310,8,2
3311,9,2
3312,6,2
3313,7,2
3314,7,2
3315,8,2
3316,7,2
3317,8,2
3318,8,2
3319,9,2
3320,7,2
3321,8,2
3322,8,2
3323,9,2
3324,8,2
3325,9,2
3326,9,2
3327,10,2
3328,3,2
3329,4,2
3330,4,2
3331,5,2
3332,4,2
3333,5,2
3334,5,2
3335,6,2
3336,4,2
3337,5,2
3338,5,2
3339,6,2
3340,5,2
3341,6,2
3342,6,2
3343,7,2
3344,4,2
3345,5,2
3346,5,2
3347,6,2
3348,5,2
3349,6,2
3350,6,2
3351,7,2
3352,5,2
3353,6,2
3354,6,2
3355,7,2
3356,6,2
3357,7,2
3358,7,2
3359,8,2
3360,4,2
3361,5,2
3362,5,2
3363,6,2
3364,5,2
3365,6,2
3366,6,2
3367,7,2
3368,5,2
3369,6,2
3370,6,2
3371,7,2
3372,6,2
3373,7,2
3374,7,2
3375,8,2
3376,5,2
3377,6,2
3378,6,2
3379,7,2
3380,6,2
3381,7,2
3382,7,2
3383,8,2
3384,6,2
3385,7,2
3386,7,2
3387,8,2
3388,7,2
3389,8,2
3390,8,2
3391,9,2
3392,4,2
3393,5,2
3394,5,2
3395,6,2
3396,5,2
3397,6,2
3398,6,2
3399,7,2
3400,5,2
3401,6,2
3402,6,2
3403,7,2
3404,6,2
3405,7,2
3406,7,2
3407,8,2
3408,5,2
3409,6,2
3410,6,2
3411,7,2
3412,6,2
3413,7,2
3414,7,2
3415,8,2
3416,6,2
3417,7,2
3418,7,2
3419,8,2
3420,7,2
3421,8,2
3422,8,2
3423,9,2
3424,5,2
3425,6,2
3426,6,2
3427,7,2
3428,6,2
3429,7,2
3430,7,2
3431,8,2
3432,6,2
3433,7,2
3434,7,2
3435,8,2
3436,7,2
3437,8,2
3438,8,2
3439,9,2
3440,6,2
3441,7,2
3442,7,2
3443,8,2
3444,7,2
3445,8,2
3446,8,2
3447,9,2
3448,7,2
3449,8,2
3450,8,2
3451,9,2
3452,8,2
3453,9,2
3454,9,2
3455,10,2
3456,4,2
3457,5,2
3458,5,2
3459,6,2
3460,5,2
3461,6,2
3462,6,2
3463,7,2
3464,5,2
3465,6,2
3466,6,2
3467,7,2
3468,6,2
3469,7,2
3470,7,2
3471,8,2
3472,5,2
3473,6,2
3474,6,2
3475,7,2
3476,6,2
3477,7,2
3478,7,2
3479,8,2
3480,6,2
3481,7,2
3482,7,2
3483,8,2
3484,7,2
3485,8,2
3486,8,2
3487,9,2
3488,5,2
3489,6,2
3490,6,2
3491,7,2
3492,6,2
3493,7,2
3494,7,2
3495,8,2
3496,6,2
3497,7,2
3498,7,2
3499,8,2
3500,7,2
3501,8,2
3502,8,2
3503,9,2
3504,6,2
3505,7,2
3506,7,2
3507,8,2
3508,7,2
3509,8,2
3510,8,2
3511,9,2
3512,7,2
3513,8,2
3514,8,2
3515,9,2
3516,8,2
3517,9,2
3518,9,2
3519,10,2
3520,5,2
3521,6,2
3522,6,2
3523,7,2
3524,6,2
3525,7,2
3526,7,2
3527,8,2
3528,6,2
3529,7,2
3530,7,2
3531,8,2
3532,7,2
3533,8,2
3534,8,2
3535,9,2
3536,6,2
3537,7,2
3538,7,2
3539,8,2
3540,7,2
3541,8,2
3542,8,2
3543,9,2
3544,7,2
3545,8,2
3546,8,2
3547,9,2
3548,8,2
3549,9,2
3550,9,2
3551,10,2
3552,6,2
3553,7,2
3554,7,2
3555,8,2
3556,7,2
3557,8,2
3558,8,2
3559,9,2
3560,7,2
3561,8,2
3562,8,2
3563,9,2
3564,8,2
3565,9,2
3566,9,2
3567,10,2
3568,7,2
3569,8,2
3570,8,2
3571,9,2
3572,8,2
3573,9,2
3574,9,2
3575,10,2
3576,8,2
3577,9,2
3578,9,2
3579,10,2
3580,9,2
3581,10,2
3582,10,2
3583,11,2
3584,3,2
3585,4,2
3586,4,2
3587,5,2
3588,4,2
3589,5,2
3590,5,2
3591,6,2
3592,4,2
3593,5,2
3594,5,2
3595,6,2
3596,5,2
3597,6,2
3598,6,2
3599,7,2
3600,4,2
3601,5,2
3602,5,2
3603,6,2
3604,5,2
3605,6,2
3606,6,2
3607,7,2
3608,5,2
3609,6,2
3610,6,2
3611,7,2
3612,6,2
3613,7,2
3614,7,2
3615,8,2
3616,4,2
3617,5,2
3618,5,2
3619,6,2
3620,5,2
3621,6,2
3622,6,2
3623,7,2
3624,5,2
3625,6,2
3626,6,2
3627,7,2
3628,6,2
3629,7,2
3630,7,2
3631,8,2
3632,5,2
3633,6,2
3634,6,2
3635,7,2
3636,6,2
3637,7,2
3638,7,2
3639,8,2
3640,6,2
3641,7,2
3642,7,2
3643,8,2
3644,7,2
3645,8,2
3646,8,2
3647,9,2
3648,4,2
3649,5,2
3650,5,2
3651,6,2
3652,5,2
3653,6,2
3654,6,2
3655,7,2
3656,5,2
3657,6,2
3658,6,2
3659,7,2
3660,6,2
3661,7,2
3662,7,2
3663,8,2
3664,5,2
3665,6,2
3666,6,2
3667,7,2
3668,6,2
3669,7,2
3670,7,2
3671,8,2
3672,6,2
3673,7,2
3674,7,2
3675,8,2
3676,7,2
3677,8,2
3678,8,2
3679,9,2
3680,5,2
3681,6,2
3682,6,2
3683,7,2
3684,6,2
3685,7,2
3686,7,2
3687,8,2
3688,6,2
3689,7,2
3690,7,2
3691,8,2
3692,7,2
3693,8,2
3694,8,2
3695,9,2
3696,6,2
3697,7,2
3698,7,2
3699,8,2
3700,7,2
3701,8,2
3702,8,2
3703,9,2
3704,7,2
3705,8,2
3706,8,2
3707,9,2
3708,8,2
3709,9,2
3710,9,2
3711,10,2
3712,4,2
3713,5,2
3714,5,2
3715,6,2
3716,5,2
3717,6,2
3718,6,2
3719,7,2
3720,5,2
3721,6,2
3722,6,2
3723,7,2
3724,6,2
3725,7,2
3726,7,2
3727,8,2
3728,5,2
3729,6,2
3730,6,2
3731,7,2
3732,6,2
3733,7,2
3734,7,2
3735,8,2
3736,6,2
3737,7,2
3738,7,2
3739,8,2
3740,7,2
3741,8,2
3742,8,2
3743,9,2
3744,5,2
3745,6,2
3746,6,2
3747,7,2
3748,6,2
3749,7,2
3750,7,2
3751,8,2
3752,6,2
3753,7,2
3754,7,2
3755,8,2
3756,7,2
3757,8,2
3758,8,2
3759,9,2
3760,6,2
3761,7,2
3762,7,2
3763,8,2
3764,7,2
3765,8,2
3766,8,2
3767,9,2
3768,7,2
3769,8,2
3770,8,2
3771,9,2
3772,8,2
3773,9,2
3774,9,2
3775,10,2
3776,5,2
3777,6,2
3778,6,2
3779,7,2
3780,6,2
3781,7,2
3782,7,2
3783,8,2
3784,6,2
3785,7,2
3786,7,2
3787,8,2
3788,7,2
3789,8,2
3790,8,2
3791,9,2
3792,6,2
3793,7,2
3794,7,2
3795,8,2
3796,7,2
3797,8,2
3798,8,2
3799,9,2
3800,7,2
3801,8,2
3802,8,2
3803,9,2
3804,8,2
3805,9,2
3806,9,2
3807,10,2
3808,6,2
3809,7,2
3810,7,2
3811,8,2
3812,7,2
3813,8,2
3814,8,2
3815,9,2
3816,7,2
3817,8,2
3818,8,2
3819,9,2
3820,8,2
3821,9,2
3822,9,2
3823,10,2
3824,7,2
3825,8,2
3826,8,2
3827,9,2
3828,8,2
3829,9,2
3830,9,2
3831,10,2
3832,8,2
3833,9,2
3834,9,2
3835,10,2
3836,9,2
3837,10,2
3838,10,2
3839,11,2
3840,4,2
3841,5,2
3842,5,2
3843,6,2
3844,5,2
3845,6,2
3846,6,2
3847,7,2
3848,5,2
3849,6,2
3850,6,2
3851,7,2
3852,6,2
3853,7,2
3854,7,2
3855,8,2
3856,5,2
3857,6,2
3858,6,2
3859,7,2
3860,6,2
3861,7,2
3862,7,2
3863,8,2
3864,6,2
3865,7,2
3866,7,2
3867,8,2
3868,7,2
3869,8,2
3870,8,2
3871,9,2
3872,5,2
3873,6,2
3874,6,2
3875,7,2
3876,6,2
3877,7,2
3878,7,2
3879,8,2
3880,6,2
3881,7,2
3882,7,2
3883,8,2
3884,7,2
3885,8,2
3886,8,2
3887,9,2
3888,6,2
3889,7,2
3890,7,2
3891,8,2
3892,7,2
3893,8,2
3894,8,2
3895,9,2
3896,7,2
3897,8,2
3898,8,2
3899,9,2
3900,8,2
3901,9,2
3902,9,2
3903,10,2
3904,5,2
3905,6,2
3906,6,2
3907,7,2
3908,6,2
3909,7,2
3910,7,2
3911,8,2
3912,6,2
3913,7,2
3914,7,2
3915,8,2
3916,7,2
3917,8,2
3918,8,2
3919,9,2
3920,6,2
3921,7,2
3922,7,2
3923,8,2
3924,7,2
3925,8,2
3926,8,2
3927,9,2
3928,7,2
3929,8,2
3930,8,2
3931,9,2
3932,8,2
3933,9,2
3934,9,2
3935,10,2
3936,6,2
3937,7,2
3938,7,2
3939,8,2
3940,7,2
3941,8,2
3942,8,2
3943,9,2
3944,7,2
3945,8,2
3946,8,2
3947,9,2
3948,8,2
3949,9,2
3950,9,2
3951,10,2
3952,7,2
3953,8,2
3954,8,2
3955,9,2
3956,8,2
3957,9,2
3958,9,2
3959,10,2
3960,8,2
3961,9,2
3962,9,2
3963,10,2
3964,9,2
3965,10,2
3966,10,2
3967,11,2
3968,5,2
3969,6,2
3970,6,2
3971,7,2
3972,6,2
3973,7,2
3974,7,2
3975,8,2
3976,6,2
3977,7,2
3978,7,2
3979,8,2
3980,7,2
3981,8,2
3982,8,2
3983,9,2
3984,6,2
3985,7,2
3986,7,2
3987,8,2
3988,7,2
3989,8,2
3990,8,2
3991,9,2
3992,7,2
3993,8,2
3994,8,2
3995,9,2
3996,8,2
3997,9,2
3998,9,2
3999,10,2
4000,6,2
4001,7,2
4002,7,2
4003,8,2
4004,7,2
4005,8,2
4006,8,2
4007,9,2
4008,7,2
4009,8,2
4010,8,2
4011,9,2
4012,8,2
4013,9,2
4014,9,2
4015,10,2
4016,7,2
4017,8,2
4018,8,2
4019,9,2
4020,8,2
4021,9,2
4022,9,2
4023,10,2
4024,8,2
4025,9,2
4026,9,2
4027,10,2
4028,9,2
4029,10,2
4030,10,2
4031,11,2
4032,6,2
4033,7,2
4034,7,2
4035,8,2
4036,7,2
4037,8,2
4038,8,2
4039,9,2
4040,7,2
4041,8,2
4042,8,2
4043,9,2
4044,8,2
4045,9,2
4046,9,2
4047,10,2
4048,7,2
4049,8,2
4050,8,2
4051,9,2
4052,8,2
4053,9,2
4054,9,2
4055,10,2
4056,8,2
4057,9,2
4058,9,2
4059,10,2
4060,9,2
4061,10,2
4062,10,2
4063,11,2
4064,7,2
4065,8,2
4066,8,2
4067,9,2
4068,8,2
4069,9,2
4070,9,2
4071,10,2
4072,8,2
4073,9,2
4074,9,2
4075,10,2
4076,9,2
4077,10,2
4078,10,2
4079,11,2
4080,8,2
4081,9,2
4082,9,2
4083,10,2
4084,9,2
4085,10,2
4086,10,2
4087,11,2
4088,9,2
4089,10,2
4090,10,2
4091,11,2
4092,10,2
4093,11,2
4094,11,2
4095,12,2
4096,1,2
4097,2,2
4098,2,2
4099,3,2
4100,2,2
4101,3,2
4102,3,2
4103,4,2
4104,2,2
4105,3,2
4106,3,2
4107,4,2
4108,3,2
4109,4,2
4110,4,2
4111,5,2
4112,2,2
4113,3,2
4114,3,2
4115,4,2
4116,3,2
4117,4,2
4118,4,2
4119,5,2
4120,3,2
4121,4,2
4122,4,2
4123,5,2
4124,4,2
4125,5,2
4126,5,2
4127,6,2
4128,2,2
4129,3,2
4130,3,2
4131,4,2
4132,3,2
4133,4,2
4134,4,2
4135,5,2
4136,3,2
4137,4,2
4138,4,2
4139,5,2
4140,4,2
4141,5,2
4142,5,2
4143,6,2
4144,3,2
4145,4,2
4146,4,2
4147,5,2
4148,4,2
4149,5,2
4150,5,2
4151,6,2
4152,4,2
4153,5,2
4154,5,2
4155,6,2
4156,5,2
4157,6,2
4158,6,2
4159,7,2
4160,2,2
4161,3,3
4162,3,2
4163,4,2
4164,3,2
4165,4,2
4166,4,2
4167,5,2
4168,3,2
4169,4,2
4170,4,2
4171,5,2
4172,4,2
4173,5,2
4174,5,2
4175,6,2
4176,3,2
4177,4,2
4178,4,2
4179,5,2
4180,4,2
4181,5,2
4182,5,2
4183,6,2
4184,4,2
4185,5,2
4186,5,2
4187,6,2
4188,5,2
4189,6,2
4190,6,2
4191,7,2
4192,3,2
4193,4,2
4194,4,2
4195,5,2
4196,4,2
4197,5,2
4198,5,2
4199,6,2
4200,4,2
4201,5,2
4202,5,2
4203,6,2
4204,5,2
4205,6,2
4206,6,2
4207,7,2
4208,4,2
4209,5,2
4210,5,2
4211,6,2
4212,5,2
4213,6,2
4214,6,2
4215,7,2
4216,5,2
4217,6,2
4218,6,2
4219,7,2
4220,6,2
4221,7,2
4222,7,2
4223,8,2
4224,2,2
4225,3,2
4226,3,2
4227,4,2
4228,3,2
4229,4,2
4230,4,2
4231,5,2
4232,3,2
4233,4,2
4234,4,2
4235,5,2
4236,4,2
4237,5,2
4238,5,2
4239,6,2
4240,3,2
4241,4,2
4242,4,2
4243,5,2
4244,4,2
4245,5,2
4246,5,2
4247,6,2
4248,4,2
4249,5,2
4250,5,2
4251,6,2
4252,5,2
4253,6,2
4254,6,2
4255,7,2
4256,3,2
4257,4,2
4258,4,2
4259,5,2
4260,4,2
4261,5,2
4262,5,2
4263,6,2
4264,4,2
4265,5,2
4266,5,2
4267,6,2
4268,5,2
4269,6,2
4270,6,2
4271,7,2
4272,4,2
4273,5,2
4274,5,2
4275,6,2
4276,5,2
4277,6,2
4278,6,2
4279,7,2
4280,5,2
4281,6,2
4282,6,2
4283,7,2
4284,6,2
4285,7,2
4286,7,2
4287,8,2
4288,3,2
4289,4,2
4290,4,2
4291,5,2
4292,4,2
4293,5,2
4294,5,2
4295,6,2
4296,4,2
4297,5,2
4298,5,2
4299,6,2
4300,5,2
4301,6,2
4302,6,2
4303,7,2
4304,4,2
4305,5,2
4306,5,2
4307,6,2
4308,5,2
4309,6,2
4310,6,2
4311,7,2
4312,5,2
4313,6,2
4314,6,2
4315,7,2
4316,6,2
4317,7,2
4318,7,2
4319,8,2
4320,4,2
4321,5,2
4322,5,2
4323,6,2
4324,5,2
4325,6,2
4326,6,2
4327,7,2
4328,5,2
4329,6,2
4330,6,2
4331,7,2
4332,6,2
4333,7,2
4334,7,2
4335,8,2
4336,5,2
4337,6,2
4338,6,2
4339,7,2
4340,6,2
4341,7,2
4342,7,2
4343,8,2
4344,6,2
4345,7,2
4346,7,2
4347,8,2
4348,7,2
4349,8,2
4350,8,2
4351,9,2
4352,2,2
4353,3,2
4354,3,2
4355,4,2
4356,3,2
4357,4,2
4358,4,2
4359,5,2
4360,3,2
4361,4,2
4362,4,2
4363,5,2
4364,4,2
4365,5,2
4366,5,2
4367,6,2
4368,3,2
4369,4,2
4370,4,2
4371,5,2
4372,4,2
4373,5,2
4374,5,2
4375,6,2
4376,4,2
4377,5,2
4378,5,2
4379,6,2
4380,5,2
4381,6,2
4382,6,2
4383,7,2
4384,3,2
4385,4,3
4386,4,2
4387,5,2
4388,4,2
4389,5,2
4390,5,2
4391,6,2
4392,4,2
4393,5,2
4394,5,2
4395,6,2
4396,5,2
4397,6,2
4398,6,2
4399,7,2
4400,4,2
4401,5,2
4402,5,2
4403,6,2
4404,5,2
4405,6,2
4406,6,2
4407,7,2
4408,5,2
4409,6,2
4410,6,2
4411,7,2
4412,6,2
4413,7,2
4414,7,2
4415,8,2
4416,3,2
4417,4,3
4418,4,2
4419,5,2
4420,4,2
4421,5,2
4422,5,2
4423,6,2
4424,4,2
4425,5,2
4426,5,2
4427,6,2
4428,5,2
4429,6,2
4430,6,2
4431,7,2
4432,4,2
4433,5,2
4434,5,2
4435,6,2
4436,5,2
4437,6,2
4438,6,2
4439,7,2
4440,5,2
4441,6,2
4442,6,2
4443,7,2
4444,6,2
4445,7,2
4446,7,2
4447,8,2
4448,4,2
4449,5,3
4450,5,2
4451,6,2
4452,5,2
4453,6,2
4454,6,2
4455,7,2
4456,5,2
4457,6,2
4458,6,2
4459,7,2
4460,6,2
4461,7,2
4462,7,2
4463,8,2
4464,5,2
4465,6,3
4466,6,2
4467,7,2
4468,6,2
4469,7,2
4470,7,2
4471,8,2
4472,6,2
4473,7,2
4474,7,2
4475,8,2
4476,7,2
4477,8,2
4478,8,2
4479,9,2
4480,3,2
4481,4,2
4482,4,2
4483,5,2
4484,4,2
4485,5,2
4486,5,2
4487,6,2
4488,4,2
4489,5,2
4490,5,2
4491,6,2
4492,5,2
4493,6,2
4494,6,2
4495,7,2
4496,4,2
4497,5,2
4498,5,2
4499,6,2
4500,5,2
4501,6,2
4502,6,2
4503,7,2
4504,5,2
4505,6,2
4506,6,2
4507,7,2
4508,6,2
4509,7,2
4510,7,2
4511,8,2
4512,4,2
4513,5,2
4514,5,2
4515,6,2
4516,5,2
4517,6,2
4518,6,2
4519,7,2
4520,5,2
4521,6,2
4522,6,2
4523,7,2
4524,6,2
4525,7,2
4526,7,2
4527,8,2
4528,5,2
4529,6,2
4530,6,2
4531,7,2
4532,6,2
4533,7,2
4534,7,2
4535,8,2
4536,6,2
4537,7,2
4538,7,2
4539,8,2
4540,7,2
4541,8,2
4542,8,2
4543,9,2
4544,4,2
4545,5,2
4546,5,2
4547,6,2
4548,5,2
4549,6,2
4550,6,2
4551,7,2
4552,5,2
4553,6,2
4554,6,2
4555,7,2
4556,6,2
4557,7,2
4558,7,2
4559,8,2
4560,5,2
4561,6,2
4562,6,2
4563,7,2
4564,6,2
4565,7,2
4566,7,2
4567,8,2
4568,6,2
4569,7,2
4570,7,2
4571,8,2
4572,7,2
4573,8,2
4574,8,2
4575,9,2
4576,5,2
4577,6,3
4578,6,2
4579,7,2
4580,6,2
4581,7,2
4582,7,2
4583,8,2
4584,6,2
4585,7,2
4586,7,2
4587,8,2
4588,7,2
4589,8,2
4590,8,2
4591,9,2
4592,6,2
4593,7,2
4594,7,2
4595,8,2
4596,7,2
4597,8,2
4598,8,2
4599,9,2
4600,7,2
4601,8,2
4602,8,2
4603,9,2
4604,8,2
4605,9,2
4606,9,2
4607,10,2
4608,2,2
4609,3,2
4610,3,2
4611,4,2
4612,3,2
4613,4,2
4614,4,2
4615,5,2
4616,3,2
4617,4,2
4618,4,2
4619,5,2
4620,4,2
4621,5,2
4622,5,2
4623,6,2
4624,3,2
4625,4,2
4626,4,3
4627,5,2
4628,4,2
4629,5,2
4630,5,2
4631,6,2
4632,4,2
4633,5,2
4634,5,2
4635,6,2
4636,5,2
4637,6,2
4638,6,2
4639,7,2
4640,3,2
4641,4,2
4642,4,2
4643,5,2
4644,4,2
4645,5,2
4646,5,2
4647,6,2
4648,4,2
4649,5,2
4650,5,2
4651,6,2
4652,5,2
4653,6,2
4654,6,2
4655,7,2
4656,4,2
4657,5,2
4658,5,2
4659,6,2
4660,5,2
4661,6,2
4662,6,2
4663,7,2
4664,5,2
4665,6,2
4666,6,2
4667,7,2
4668,6,2
4669,7,2
4670,7,2
4671,8,2
4672,3,2
4673,4,3
4674,4,2
4675,5,2
4676,4,2
4677,5,2
4678,5,2
4679,6,2
4680,4,2
4681,5,2
4682,5,2
4683,6,2
4684,5,2
4685,6,2
4686,6,2
4687,7,2
4688,4,2
4689,5,2
4690,5,2
4691,6,2
4692,5,2
4693,6,2
4694,6,2
4695,7,2
4696,5,2
4697,6,2
4698,6,2
4699,7,2
4700,6,2
4701,7,2
4702,7,2
4703,8,2
4704,4,2
4705,5,2
4706,5,2
4707,6,2
4708,5,2
4709,6,2
4710,6,2
4711,7,2
4712,5,2
4713,6,2
4714,6,2
4715,7,2
4716,6,2
4717,7,2
4718,7,2
4719,8,2
4720,5,2
4721,6,2
4722,6,2
4723,7,2
4724,6,2
4725,7,2
4726,7,2
4727,8,2
4728,6,2
4729,7,2
4730,7,2
4731,8,2
4732,7,2
4733,8,2
4734,8,2
4735,9,2
4736,3,2
4737,4,2
4738,4,2
4739,5,2
4740,4,2
4741,5,2
4742,5,2
4743,6,2
4744,4,2
4745,5,2
4746,5,2
4747,6,2
4748,5,2
4749,6,2
4750,6,2
4751,7,2
4752,4,2
4753,5,2
4754,5,2
4755,6,2
4756,5,2
4757,6,2
4758,6,2
4759,7,2
4760,5,2
4761,6,2
4762,6,2
4763,7,2
4764,6,2
4765,7,2
4766,7,2
4767,8,2
4768,4,2
4769,5,2
4770,5,2
4771,6,2
4772,5,2
4773,6,2
4774,6,2
4775,7,2
4776,5,2
4777,6,2
4778,6,2
4779,7,2
4780,6,2
4781,7,2
4782,7,2
4783,8,2
4784,5,2
4785,6,2
4786,6,2
4787,7,2
4788,6,2
4789,7,2
4790,7,2
4791,8,2
4792,6,2
4793,7,2
4794,7,2
4795,8,2
4796,7,2
4797,8,2
4798,8,2
4799,9,2
4800,4,2
4801,5,2
4802,5,2
4803,6,2
4804,5,2
4805,6,2
4806,6,2
4807,7,2
4808,5,2
4809,6,2
4810,6,2
4811,7,2
4812,6,2
4813,7,2
4814,7,2
4815,8,2
4816,5,2
4817,6,2
4818,6,2
4819,7,2
4820,6,2
4821,7,2
4822,7,2
4823,8,2
4824,6,2
4825,7,2
4826,7,2
4827,8,2
4828,7,2
4829,8,2
4830,8,2
4831,9,2
4832,5,2
4833,6,2
4834,6,2
4835,7,2
4836,6,2
4837,7,2
4838,7,2
4839,8,2
4840,6,2
4841,7,2
4842,7,2
4843,8,2
4844,7,2
4845,8,2
4846,8,2
4847,9,2
4848,6,2
4849,7,2
4850,7,2
4851,8,2
4852,7,2
4853,8,2
4854,8,2
4855,9,2
4856,7,2
4857,8,2
4858,8,2
4859,9,2
4860,8,2
4861,9,2
4862,9,2
4863,10,2
4864,3,2
4865,4,2
4866,4,2
4867,5,2
4868,4,2
4869,5,2
4870,5,2
4871,6,2
4872,4,2
4873,5,2
4874,5,2
4875,6,2
4876,5,2
4877,6,2
4878,6,2
4879,7,2
4880,4,2
4881,5,2
4882,5,2
4883,6,2
4884,5,2
4885,6,2
4886,6,2
4887,7,2
4888,5,2
4889,6,2
4890,6,2
4891,7,2
4892,6,2
4893,7,2
4894,7,2
4895,8,2
4896,4,2
4897,5,2
4898,5,2
4899,6,2
4900,5,2
4901,6,2
4902,6,2
4903,7,2
4904,5,2
4905,6,2
4906,6,2
4907,7,2
4908,6,2
4909,7,2
4910,7,2
4911,8,2
4912,5,2
4913,6,2
4914,6,2
4915,7,2
4916,6,2
4917,7,2
4918,7,2
4919,8,2
4920,6,2
4921,7,2
4922,7,2
4923,8,2
4924,7,2
4925,8,2
4926,8,2
4927,9,2
4928,4,2
4929,5,3
4930,5,2
4931,6,2
4932,5,2
4933,6,2
4934,6,2
4935,7,2
4936,5,2
4937,6,2
4938,6,2
4939,7,2
4940,6,2
4941,7,2
4942,7,2
4943,8,2
4944,5,2
4945,6,2
4946,6,2
4947,7,2
4948,6,2
4949,7,2
4950,7,2
4951,8,2
4952,6,2
4953,7,2
4954,7,2
4955,8,2
4956,7,2
4957,8,2
4958,8,2
4959,9,2
4960,5,2
4961,6,2
4962,6,2
4963,7,2
4964,6,2
4965,7,2
4966,7,2
4967,8,2
4968,6,2
4969,7,2
4970,7,2
4971,8,2
4972,7,2
4973,8,2
4974,8,2
4975,9,2
4976,6,2
4977,7,2
4978,7,2
4979,8,2
4980,7,2
4981,8,2
4982,8,2
4983,9,2
4984,7,2
4985,8,2
4986,8,2
4987,9,2
4988,8,2
4989,9,2
4990,9,2
4991,10,2
4992,4,2
4993,5,2
4994,5,2
4995,6,2
4996,5,2
4997,6,2
4998,6,2
4999,7,2
5000,5,2
5001,6,2
5002,6,2
5003,7,2
5004,6,2
5005,7,2
5006,7,2
5007,8,2
5008,5,2
5009,6,2
5010,6,2
5011,7,2
5012,6,2
5013,7,2
5014,7,2
5015,8,2
5016,6,2
5017,7,2
5018,7,2
5019,8,2
5020,7,2
5021,8,2
5022,8,2
5023,9,2
5024,5,2
5025,6,2
5026,6,2
5027,7,2
5028,6,2
5029,7,2
5030,7,2
5031,8,2
5032,6,2
5033,7,2
5034,7,2
5035,8,2
5036,7,2
5037,8,2
5038,8,2
5039,9,2
5040,6,2
5041,7,2
5042,7,2
5043,8,2
5044,7,2
5045,8,2
5046,8,2
5047,9,2
5048,7,2
5049,8,2
5050,8,2
5051,9,2
5052,8,2
5053,9,2
5054,9,2
5055,10,2
5056,5,2
5057,6,2
5058,6,2
5059,7,2
5060,6,2
5061,7,2
5062,7,2
5063,8,2
5064,6,2
5065,7,2
5066,7,2
5067,8,2
5068,7,2
5069,8,2
5070,8,2
5071,9,2
5072,6,2
5073,7,2
5074,7,2
5075,8,2
5076,7,2
5077,8,2
5078,8,2
5079,9,2
5080,7,2
5081,8,2
5082,8,2
5083,9,2
5084,8,2
5085,9,2
5086,9,2
5087,10,2
5088,6,2
5089,7,2
5090,7,2
5091,8,2
5092,7,2
5093,8,2
5094,8,2
5095,9,2
5096,7,2
5097,8,2
5098,8,2
5099,9,2
5100,8,2
5101,9,2
5102,9,2
5103,10,2
5104,7,2
5105,8,2
5106,8,2
5107,9,2
5108,8,2
5109,9,2
5110,9,2
5111,10,2
5112,8,2
5113,9,2
5114,9,2
5115,10,2
5116,9,2
5117,10,2
5118,10,2
5119,11,2
5120,2,2
5121,3,2
5122,3,3
5123,4,2
5124,3,2
5125,4,2
5126,4,2
5127,5,2
5128,3,2
5129,4,2
5130,4,2
5131,5,2
5132,4,2
5133,5,2
5134,5,2
5135,6,2
5136,3,2
5137,4,2
5138,4,3
5139,5,2
5140,4,2
5141,5,2
5142,5,2
5143,6,2
5144,4,2
5145,5,2
5146,5,2
5147,6,2
5148,5,2
5149,6,2
5150,6,2
5151,7,2
5152,3,2
5153,4,2
5154,4,3
5155,5,2
5156,4,2
5157,5,2
5158,5,2
5159,6,2
5160,4,2
5161,5,2
5162,5,2
5163,6,2
5164,5,2
5165,6,2
5166,6,2
5167,7,2
5168,4,2
5169,5,2
5170,5,3
5171,6,2
5172,5,2
5173,6,2
5174,6,2
5175,7,2
5176,5,2
5177,6,2
5178,6,2
5179,7,2
5180,6,2
5181,7,2
5182,7,2
5183,8,2
5184,3,2
5185,4,3
5186,4,3
5187,5,3
5188,4,2
5189,5,2
5190,5,2
5191,6,3
5192,4,2
5193,5,2
5194,5,2
5195,6,3
5196,5,2
5197,6,2
5198,6,2
5199,7,2
5200,4,2
5201,5,2
5202,5,3
5203,6,2
5204,5,2
5205,6,2
5206,6,2
5207,7,2
5208,5,2
5209,6,2
5210,6,2
5211,7,2
5212,6,2
5213,7,2
5214,7,2
5215,8,2
5216,4,2
5217,5,2
5218,5,3
5219,6,2
5220,5,2
5221,6,2
5222,6,2
5223,7,2
5224,5,2
5225,6,2
5226,6,2
5227,7,2
5228,6,2
5229,7,2
5230,7,2
5231,8,2
5232,5,2
5233,6,2
5234,6,3
5235,7,2
5236,6,2
5237,7,2
5238,7,2
5239,8,2
5240,6,2
5241,7,2
5242,7,2
5243,8,2
5244,7,2
5245,8,2
5246,8,2
5247,9,2
5248,3,2
5249,4,2
5250,4,3
5251,5,2
5252,4,2
5253,5,2
5254,5,2
5255,6,2
5256,4,2
5257,5,2
5258,5,2
5259,6,3
5260,5,2
5261,6,2
5262,6,2
5263,7,2
5264,4,2
5265,5,2
5266,5,3
5267,6,2
5268,5,2
5269,6,2
5270,6,2
5271,7,2
5272,5,2
5273,6,2
5274,6,2
5275,7,2
5276,6,2
5277,7,2
5278,7,2
5279,8,2
5280,4,2
5281,5,2
5282,5,3
5283,6,2
5284,5,2
5285,6,2
5286,6,2
5287,7,2
5288,5,2
5289,6,2
5290,6,2
5291,7,2
5292,6,2
5293,7,2
5294,7,2
5295,8,2
5296,5,2
5297,6,2
5298,6,3
5299,7,2
5300,6,2
5301,7,2
5302,7,2
5303,8,2
5304,6,2
5305,7,2
5306,7,2
5307,8,2
5308,7,2
5309,8,2
5310,8,2
5311,9,2
5312,4,2
5313,5,2
5314,5,3
5315,6,2
5316,5,2
5317,6,2
5318,6,2
5319,7,2
5320,5,2
5321,6,2
5322,6,2
5323,7,3
5324,6,2
5325,7,2
5326,7,2
5327,8,2
5328,5,2
5329,6,2
5330,6,3
5331,7,2
5332,6,2
5333,7,2
5334,7,2
5335,8,2
5336,6,2
5337,7,2
5338,7,2
5339,8,3
5340,7,2
5341,8,2
5342,8,2
5343,9,2
5344,5,2
5345,6,2
5346,6,3
5347,7,2
5348,6,2
5349,7,2
5350,7,2
5351,8,2
5352,6,2
5353,7,2
5354,7,2
5355,8,3
5356,7,2
5357,8,2
5358,8,2
5359,9,2
5360,6,2
5361,7,2
5362,7,3
5363,8,2
5364,7,2
5365,8,2
5366,8,2
5367,9,2
5368,7,2
5369,8,2
5370,8,2
5371,9,2
5372,8,2
5373,9,2
5374,9,2
5375,10,2
5376,3,2
5377,4,2
5378,4,2
5379,5,2
5380,4,2
5381,5,2
5382,5,2
5383,6,2
5384,4,2
5385,5,2
5386,5,2
5387,6,2
5388,5,2
5389,6,2
5390,6,2
5391,7,2
5392,4,2
5393,5,2
5394,5,2
5395,6,2
5396,5,2
5397,6,2
5398,6,2
5399,7,2
5400,5,2
5401,6,2
5402,6,2
5403,7,2
5404,6,2
5405,7,2
5406,7,2
5407,8,2
5408,4,2
5409,5,2
5410,5,2
5411,6,2
5412,5,2
5413,6,2
5414,6,2
5415,7,2
5416,5,2
5417,6,2
5418,6,2
5419,7,2
5420,6,2
5421,7,2
5422,7,2
5423,8,2
5424,5,2
5425,6,2
5426,6,2
5427,7,2
5428,6,2
5429,7,2
5430,7,2
5431,8,2
5432,6,2
5433,7,2
5434,7,2
5435,8,2
5436,7,2
5437,8,2
5438,8,2
5439,9,2
5440,4,2
5441,5,3
5442,5,2
5443,6,2
5444,5,2
5445,6,2
5446,6,2
5447,7,2
5448,5,2
5449,6,2
5450,6,2
5451,7,2
5452,6,2
5453,7,2
5454,7,2
5455,8,2
5456,5,2
5457,6,2
5458,6,2
5459,7,2
5460,6,2
5461,7,2
5462,7,2
5463,8,2
5464,6,2
5465,7,2
5466,7,2
5467,8,2
5468,7,2
5469,8,2
5470,8,2
5471,9,2
5472,5,2
5473,6,2
5474,6,2
5475,7,2
5476,6,2
5477,7,2
5478,7,2
5479,8,2
5480,6,2
5481,7,2
5482,7,2
5483,8,2
5484,7,2
5485,8,2
5486,8,2
5487,9,2
5488,6,2
5489,7,2
5490,7,2
5491,8,2
5492,7,2
5493,8,2
5494,8,2
5495,9,2
5496,7,2
5497,8,2
5498,8,2
5499,9,2
5500,8,2
5501,9,2
5502,9,2
5503,10,2
5504,4,2
5505,5,2
5506,5,2
5507,6,2
5508,5,2
5509,6,2
5510,6,2
5511,7,2
5512,5,2
5513,6,2
5514,6,2
5515,7,2
5516,6,2
5517,7,2
5518,7,2
5519,8,2
5520,5,2
5521,6,2
5522,6,2
5523,7,2
5524,6,2
5525,7,2
5526,7,2
5527,8,2
5528,6,2
5529,7,2
5530,7,2
5531,8,2
5532,7,2
5533,8,2
5534,8,2
5535,9,2
5536,5,2
5537,6,2
5538,6,2
5539,7,2
5540,6,2
5541,7,2
5542,7,2
5543,8,2
5544,6,2
5545,7,2
5546,7,2
5547,8,2
5548,7,2
5549,8,2
5550,8,2
5551,9,2
5552,6,2
5553,7,2
5554,7,2
5555,8,2
5556,7,2
5557,8,2
5558,8,2
5559,9,2
5560,7,2
5561,8,2
5562,8,2
5563,9,2
5564,8,2
5565,9,2
5566,9,2
5567,10,2
5568,5,2
5569,6,2
5570,6,2
5571,7,2
5572,6,2
5573,7,2
5574,7,2
5575,8,2
5576,6,2
5577,7,2
5578,7,2
5579,8,2
5580,7,2
5581,8,2
5582,8,2
5583,9,2
5584,6,2
5585,7,2
5586,7,2
5587,8,2
5588,7,2
5589,8,2
5590,8,2
5591,9,2
5592,7,2
5593,8,2
5594,8,2
5595,9,2
5596,8,2
5597,9,2
5598,9,2
5599,10,2
5600,6,2
5601,7,2
5602,7,2
5603,8,2
5604,7,2
5605,8,2
5606,8,2
5607,9,2
5608,7,2
5609,8,2
5610,8,2
5611,9,2
5612,8,2
5613,9,2
5614,9,2
5615,10,2
5616,7,2
5617,8,2
5618,8,2
5619,9,2
5620,8,2
5621,9,2
5622,9,2
5623,10,2
5624,8,2
5625,9,2
5626,9,2
5627,10,2
5628,9,2
5629,10,2
5630,10,2
5631,11,2
5632,3,2
5633,4,2
5634,4,2
5635,5,2
5636,4,2
5637,5,2
5638,5,2
5639,6,2
5640,4,2
5641,5,2
5642,5,2
5643,6,2
5644,5,2
5645,6,2
5646,6,2
5647,7,2
5648,4,2
5649,5,2
5650,5,3
5651,6,2
5652,5,2
5653,6,2
5654,6,2
5655,7,2
5656,5,2
5657,6,2
5658,6,2
5659,7,2
5660,6,2
5661,7,2
5662,7,2
5663,8,2
5664,4,2
5665,5,2
5666,5,2
5667,6,2
5668,5,2
5669,6,2
5670,6,2
5671,7,2
5672,5,2
5673,6,2
5674,6,2
5675,7,2
5676,6,2
5677,7,2
5678,7,2
5679,8,2
5680,5,2
5681,6,2
5682,6,2
5683,7,2
5684,6,2
5685,7,2
5686,7,2
5687,8,2
5688,6,2
5689,7,2
5690,7,2
5691,8,2
5692,7,2
5693,8,2
5694,8,2
5695,9,2
5696,4,2
5697,5,3
5698,5,2
5699,6,2
5700,5,2
5701,6,2
5702,6,2
5703,7,2
5704,5,2
5705,6,2
5706,6,2
5707,7,2
5708,6,2
5709,7,2
5710,7,2
5711,8,2
5712,5,2
5713,6,2
5714,6,2
5715,7,2
5716,6,2
5717,7,2
5718,7,2
5719,8,2
5720,6,2
5721,7,2
5722,7,2
5723,8,2
5724,7,2
5725,8,2
5726,8,2
5727,9,2
5728,5,2
5729,6,2
5730,6,2
5731,7,2
5732,6,2
5733,7,2
5734,7,2
5735,8,2
5736,6,2
5737,7,2
5738,7,2
5739,8,2
5740,7,2
5741,8,2
5742,8,2
5743,9,2
5744,6,2
5745,7,2
5746,7,2
5747,8,2
5748,7,2
5749,8,2
5750,8,2
5751,9,2
5752,7,2
5753,8,2
5754,8,2
5755,9,2
5756,8,2
5757,9,2
5758,9,2
5759,10,2
5760,4,2
5761,5,2
5762,5,2
5763,6,2
5764,5,2
5765,6,2
5766,6,2
5767,7,2
5768,5,2
5769,6,2
5770,6,2
5771,7,2
5772,6,2
5773,7,2
5774,7,2
5775,8,2
5776,5,2
5777,6,2
5778,6,2
5779,7,2
5780,6,2
5781,7,2
5782,7,2
5783,8,2
5784,6,2
5785,7,2
5786,7,2
5787,8,2
5788,7,2
5789,8,2
5790,8,2
5791,9,2
5792,5,2
5793,6,2
5794,6,2
5795,7,2
5796,6,2
5797,7,2
5798,7,2
5799,8,2
5800,6,2
5801,7,2
5802,7,2
5803,8,2
5804,7,2
5805,8,2
5806,8,2
5807,9,2
5808,6,2
5809,7,2
5810,7,2
5811,8,2
5812,7,2
5813,8,2
5814,8,2
5815,9,2
5816,7,2
5817,8,2
5818,8,2
5819,9,2
5820,8,2
5821,9,2
5822,9,2
5823,10,2
5824,5,2
5825,6,2
5826,6,2
5827,7,2
5828,6,2
5829,7,2
5830,7,2
5831,8,2
5832,6,2
5833,7,2
5834,7,2
5835,8,2
5836,7,2
5837,8,2
5838,8,2
5839,9,2
5840,6,2
5841,7,2
5842,7,2
5843,8,2
5844,7,2
5845,8,2
5846,8,2
5847,9,2
5848,7,2
5849,8,2
5850,8,2
5851,9,2
5852,8,2
5853,9,2
5854,9,2
5855,10,2
5856,6,2
5857,7,2
5858,7,2
5859,8,2
5860,7,2
5861,8,2
5862,8,2
5863,9,2
5864,7,2
5865,8,2
5866,8,2
5867,9,2
5868,8,2
5869,9,2
5870,9,2
5871,10,2
5872,7,2
5873,8,2
5874,8,2
5875,9,2
5876,8,2
5877,9,2
5878,9,2
5879,10,2
5880,8,2
5881,9,2
5882,9,2
5883,10,2
5884,9,2
5885,10,2
5886,10,2
5887,11,2
5888,4,2
5889,5,2
5890,5,2
5891,6,2
5892,5,2
5893,6,2
5894,6,2
5895,7,2
5896,5,2
5897,6,2
5898,6,2
5899,7,2
5900,6,2
5901,7,2
5902,7,2
5903,8,2
5904,5,2
5905,6,2
5906,6,3
5907,7,2
5908,6,2
5909,7,2
5910,7,2
5911,8,2
5912,6,2
5913,7,2
5914,7,2
5915,8,2
5916,7,2
5917,8,2
5918,8,2
5919,9,2
5920,5,2
5921,6,2
5922,6,2
5923,7,2
5924,6,2
5925,7,2
5926,7,2
5927,8,2
5928,6,2
5929,7,2
5930,7,2
5931,8,2
5932,7,2
5933,8,2
5934,8,2
5935,9,2
5936,6,2
5937,7,2
5938,7,2
5939,8,2
5940,7,2
5941,8,2
5942,8,2
5943,9,2
5944,7,2
5945,8,2
5946,8,2
5947,9,2
5948,8,2
5949,9,2
5950,9,2
5951,10,2
5952,5,2
5953,6,3
5954,6,2
5955,7,2
5956,6,2
5957,7,2
5958,7,2
5959,8,2
5960,6,2
5961,7,2
5962,7,2
5963,8,2
5964,7,2
5965,8,2
5966,8,2
5967,9,2
5968,6,2
5969,7,2
5970,7,2
5971,8,2
5972,7,2
5973,8,2
5974,8,2
5975,9,2
5976,7,2
5977,8,2
5978,8,2
5979,9,2
5980,8,2
5981,9,2
5982,9,2
5983,10,2
5984,6,2
5985,7,2
5986,7,2
5987,8,2
5988,7,2
5989,8,2
5990,8,2
5991,9,2
5992,7,2
5993,8,2
5994,8,2
5995,9,2
5996,8,2
5997,9,2
5998,9,2
5999,10,2
6000,7,2
6001,8,2
6002,8,2
6003,9,2
6004,8,2
6005,9,2
6006,9,2
6007,10,2
6008,8,2
6009,9,2
6010,9,2
6011,10,2
6012,9,2
6013,10,2
6014,10,2
6015,11,2
6016,5,2
6017,6,2
6018,6,2
6019,7,2
6020,6,2
6021,7,2
6022,7,2
6023,8,2
6024,6,2
6025,7,2
6026,7,2
6027,8,2
6028,7,2
6029,8,2
6030,8,2
6031,9,2
6032,6,2
6033,7,2
6034,7,2
6035,8,2
6036,7,2
6037,8,2
6038,8,2
6039,9,2
6040,7,2
6041,8,2
6042,8,2
6043,9,2
6044,8,2
6045,9,2
6046,9,2
6047,10,2
6048,6,2
6049,7,2
6050,7,2
6051,8,2
6052,7,2
6053,8,2
6054,8,2
6055,9,2
6056,7,2
6057,8,2
6058,8,2
6059,9,2
6060,8,2
6061,9,2
6062,9,2
6063,10,2
6064,7,2
6065,8,2
6066,8,2
6067,9,2
6068,8,2
6069,9,2
6070,9,2
6071,10,2
6072,8,2
6073,9,2
6074,9,2
6075,10,2
6076,9,2
6077,10,2
6078,10,2
6079,11,2
6080,6,2
6081,7,2
6082,7,2
6083,8,2
6084,7,2
6085,8,2
6086,8,2
6087,9,2
6088,7,2
6089,8,2
6090,8,2
6091,9,2
6092,8,2
6093,9,2
6094,9,2
6095,10,2
6096,7,2
6097,8,2
6098,8,2
6099,9,2
6100,8,2
6101,9,2
6102,9,2
6103,10,2
6104,8,2
6105,9,2
6106,9,2
6107,10,2
6108,9,2
6109,10,2
6110,10,2
6111,11,2
6112,7,2
6113,8,2
6114,8,2
6115,9,2
6116,8,2
6117,9,2
6118,9,2
6119,10,2
6120,8,2
6121,9,2
6122,9,2
6123,10,2
6124,9,2
6125,10,2
6126,10,2
6127,11,2
6128,8,2
6129,9,2
6130,9,2
6131,10,2
6132,9,2
6133,10,2
6134,10,2
6135,11,2
6136,9,2
6137,10,2
6138,10,2
6139,11,2
6140,10,2
6141,11,2
6142,11,2
6143,12,2
6144,2,2
6145,3,2
6146,3,2
6147,4,2
6148,3,2
6149,4,2
6150,4,2
6151,5,2
6152,3,2
6153,4,2
6154,4,2
6155,5,2
6156,4,2
6157,5,2
6158,5,2
6159,6,2
6160,3,2
6161,4,2
6162,4,2
6163,5,2
6164,4,2
6165,5,2
6166,5,2
6167,6,2
6168,4,2
6169,5,2
6170,5,2
6171,6,2
6172,5,2
6173,6,2
6174,6,2
6175,7,2
6176,3,2
6177,4,2
6178,4,2
6179,5,2
6180,4,2
6181,5,2
6182,5,2
6183,6,2
6184,4,2
6185,5,2
6186,5,2
6187,6,2
6188,5,2
6189,6,2
6190,6,2
6191,7,2
6192,4,2
6193,5,2
6194,5,2
6195,6,2
6196,5,2
6197,6,2
6198,6,2
6199,7,2
6200,5,2
6201,6,2
6202,6,2
6203,7,2
6204,6,2
6205,7,2
6206,7,2
6207,8,2
6208,3,2
6209,4,3
6210,4,2
6211,5,2
6212,4,2
6213,5,2
6214,5,2
6215,6,2
6216,4,2
6217,5,2
6218,5,2
6219,6,3
6220,5,2
6221,6,2
6222,6,2
6223,7,2
6224,4,2
6225,5,2
6226,5,2
6227,6,2
6228,5,2
6229,6,2
6230,6,2
6231,7,2
6232,5,2
6233,6,2
6234,6,2
6235,7,2
6236,6,2
6237,7,2
6238,7,2
6239,8,2
6240,4,2
6241,5,2
6242,5,2
6243,6,2
6244,5,2
6245,6,2
6246,6,2
6247,7,2
6248,5,2
6249,6,2
6250,6,2
6251,7,2
6252,6,2
6253,7,2
6254,7,2
6255,8,2
6256,5,2
6257,6,2
6258,6,2
6259,7,2
6260,6,2
6261,7,2
6262,7,2
6263,8,2
6264,6,2
6265,7,2
6266,7,2
6267,8,2
6268,7,2
6269,8,2
6270,8,2
6271,9,2
6272,3,2
6273,4,2
6274,4,2
6275,5,2
6276,4,2
6277,5,2
6278,5,2
6279,6,2
6280,4,2
6281,5,2
6282,5,2
6283,6,2
6284,5,2
6285,6,2
6286,6,2
6287,7,2
6288,4,2
6289,5,2
6290,5,2
6291,6,2
6292,5,2
6293,6,2
6294,6,2
6295,7,2
6296,5,2
6297,6,2
6298,6,2
6299,7,2
6300,6,2
6301,7,2
6302,7,2
6303,8,2
6304,4,2
6305,5,2
6306,5,2
6307,6,2
6308,5,2
6309,6,2
6310,6,2
6311,7,2
6312,5,2
6313,6,2
6314,6,2
6315,7,2
6316,6,2
6317,7,2
6318,7,2
6319,8,2
6320,5,2
6321,6,2
6322,6,2
6323,7,2
6324,6,2
6325,7,2
6326,7,2
6327,8,2
6328,6,2
6329,7,2
6330,7,2
6331,8,2
6332,7,2
6333,8,2
6334,8,2
6335,9,2
6336,4,2
6337,5,2
6338,5,2
6339,6,2
6340,5,2
6341,6,2
6342,6,2
6343,7,2
6344,5,2
6345,6,2
6346,6,2
6347,7,2
6348,6,2
6349,7,2
6350,7,2
6351,8,2
6352,5,2
6353,6,2
6354,6,2
6355,7,2
6356,6,2
6357,7,2
6358,7,2
6359,8,2
6360,6,2
6361,7,2
6362,7,2
6363,8,2
6364,7,2
6365,8,2
6366,8,2
6367,9,2
6368,5,2
6369,6,3
6370,6,2
6371,7,2
6372,6,2
6373,7,2
6374,7,2
6375,8,2
6376,6,2
6377,7,2
6378,7,2
6379,8,3
6380,7,2
6381,8,2
6382,8,2
6383,9,2
6384,6,2
6385,7,2
6386,7,2
6387,8,2
6388,7,2
6389,8,2
6390,8,2
6391,9,2
6392,7,2
6393,8,2
6394,8,2
6395,9,2
6396,8,2
6397,9,2
6398,9,2
6399,10,2
6400,3,2
6401,4,2
6402,4,2
6403,5,2
6404,4,2
6405,5,2
6406,5,2
6407,6,2
6408,4,2
6409,5,2
6410,5,2
6411,6,2
6412,5,2
6413,6,2
6414,6,2
6415,7,2
6416,4,2
6417,5,2
6418,5,2
6419,6,2
6420,5,2
6421,6,2
6422,6,2
6423,7,2
6424,5,2
6425,6,2
6426,6,2
6427,7,2
6428,6,2
6429,7,2
6430,7,2
6431,8,2
6432,4,2
6433,5,2
6434,5,2
6435,6,2
6436,5,2
6437,6,2
6438,6,2
6439,7,2
6440,5,2
6441,6,2
6442,6,2
6443,7,2
6444,6,2
6445,7,2
6446,7,2
6447,8,2
6448,5,2
6449,6,2
6450,6,2
6451,7,2
6452,6,2
6453,7,2
6454,7,2
6455,8,2
6456,6,2
6457,7,2
6458,7,2
6459,8,2
6460,7,2
6461,8,2
6462,8,2
6463,9,2
6464,4,2
6465,5,3
6466,5,2
6467,6,2
6468,5,2
6469,6,2
6470,6,2
6471,7,2
6472,5,2
6473,6,2
6474,6,2
6475,7,2
6476,6,2
6477,7,2
6478,7,2
6479,8,2
6480,5,2
6481,6,2
6482,6,2
6483,7,2
6484,6,2
6485,7,2
6486,7,2
6487,8,2
6488,6,2
6489,7,2
6490,7,2
6491,8,2
6492,7,2
6493,8,2
6494,8,2
6495,9,2
6496,5,2
6497,6,2
6498,6,2
6499,7,2
6500,6,2
6501,7,2
6502,7,2
6503,8,2
6504,6,2
6505,7,2
6506,7,2
6507,8,2
6508,7,2
6509,8,2
6510,8,2
6511,9,2
6512,6,2
6513,7,2
6514,7,2
6515,8,2
6516,7,2
6517,8,2
6518,8,2
6519,9,2
6520,7,2
6521,8,2
6522,8,2
6523,9,2
6524,8,2
6525,9,2
6526,9,2
6527,10,2
6528,4,2
6529,5,2
6530,5,2
6531,6,2
6532,5,2
6533,6,2
6534,6,2
6535,7,2
6536,5,2
6537,6,2
6538,6,2
6539,7,2
6540,6,2
6541,7,2
6542,7,2
6543,8,2
6544,5,2
6545,6,2
6546,6,2
6547,7,2
6548,6,2
6549,7,2
6550,7,2
6551,8,2
6552,6,2
6553,7,2
6554,7,2
6555,8,2
6556,7,2
6557,8,2
6558,8,2
6559,9,2
6560,5,2
6561,6,2
6562,6,2
6563,7,2
6564,6,2
6565,7,2
6566,7,2
6567,8,2
6568,6,2
6569,7,2
6570,7,2
6571,8,2
6572,7,2
6573,8,2
6574,8,2
6575,9,2
6576,6,2
6577,7,2
6578,7,2
6579,8,2
6580,7,2
6581,8,2
6582,8,2
6583,9,2
6584,7,2
6585,8,2
6586,8,2
6587,9,2
6588,8,2
6589,9,2
6590,9,2
6591,10,2
6592,5,2
6593,6,2
6594,6,2
6595,7,2
6596,6,2
6597,7,2
6598,7,2
6599,8,2
6600,6,2
6601,7,2
6602,7,2
6603,8,2
6604,7,2
6605,8,2
6606,8,2
6607,9,2
6608,6,2
6609,7,2
6610,7,2
6611,8,2
6612,7,2
6613,8,2
6614,8,2
6615,9,2
6616,7,2
6617,8,2
6618,8,2
6619,9,2
6620,8,2
6621,9,2
6622,9,2
6623,10,2
6624,6,2
6625,7,3
6626,7,2
6627,8,2
6628,7,2
6629,8,2
6630,8,2
6631,9,2
6632,7,2
6633,8,2
6634,8,2
6635,9,2
6636,8,2
6637,9,2
6638,9,2
6639,10,2
6640,7,2
6641,8,2
6642,8,2
6643,9,2
6644,8,2
6645,9,2
6646,9,2
6647,10,2
6648,8,2
6649,9,2
6650,9,2
6651,10,2
6652,9,2
6653,10,2
6654,10,2
6655,11,2
6656,3,2
6657,4,2
6658,4,2
6659,5,2
6660,4,2
6661,5,2
6662,5,2
6663,6,2
6664,4,2
6665,5,2
6666,5,2
6667,6,2
6668,5,2
6669,6,2
6670,6,2
6671,7,2
6672,4,2
6673,5,2
6674,5,2
6675,6,2
6676,5,2
6677,6,2
6678,6,2
6679,7,2
6680,5,2
6681,6,2
6682,6,2
6683,7,2
6684,6,2
6685,7,2
6686,7,2
6687,8,2
6688,4,2
6689,5,2
6690,5,2
6691,6,2
6692,5,2
6693,6,2
6694,6,2
6695,7,2
6696,5,2
6697,6,2
6698,6,2
6699,7,2
6700,6,2
6701,7,2
6702,7,2
6703,8,2
6704,5,2
6705,6,2
6706,6,2
6707,7,2
6708,6,2
6709,7,2
6710,7,2
6711,8,2
6712,6,2
6713,7,2
6714,7,2
6715,8,2
6716,7,2
6717,8,2
6718,8,2
6719,9,2
6720,4,2
6721,5,3
6722,5,2
6723,6,2
6724,5,2
6725,6,2
6726,6,2
6727,7,2
6728,5,2
6729,6,2
6730,6,2
6731,7,2
6732,6,2
6733,7,2
6734,7,2
6735,8,2
6736,5,2
6737,6,2
6738,6,2
6739,7,2
6740,6,2
6741,7,2
6742,7,2
6743,8,2
6744,6,2
6745,7,2
6746,7,2
6747,8,2
6748,7,2
6749,8,2
6750,8,2
6751,9,2
6752,5,2
6753,6,2
6754,6,2
6755,7,2
6756,6,2
6757,7,2
6758,7,2
6759,8,2
6760,6,2
6761,7,2
6762,7,2
6763,8,2
6764,7,2
6765,8,2
6766,8,2
6767,9,2
6768,6,2
6769,7,2
6770,7,2
6771,8,2
6772,7,2
6773,8,2
6774,8,2
6775,9,2
6776,7,2
6777,8,2
6778,8,2
6779,9,2
6780,8,2
6781,9,2
6782,9,2
6783,10,2
6784,4,2
6785,5,2
6786,5,2
6787,6,2
6788,5,2
6789,6,2
6790,6,2
6791,7,2
6792,5,2
6793,6,2
6794,6,2
6795,7,2
6796,6,2
6797,7,2
6798,7,2
6799,8,2
6800,5,2
6801,6,2
6802,6,2
6803,7,2
6804,6,2
6805,7,2
6806,7,2
6807,8,2
6808,6,2
6809,7,2
6810,7,2
6811,8,2
6812,7,2
6813,8,2
6814,8,2
6815,9,2
6816,5,2
6817,6,2
6818,6,2
6819,7,2
6820,6,2
6821,7,2
6822,7,2
6823,8,2
6824,6,2
6825,7,2
6826,7,2
6827,8,2
6828,7,2
6829,8,2
6830,8,2
6831,9,2
6832,6,2
6833,7,2
6834,7,2
6835,8,2
6836,7,2
6837,8,2
6838,8,2
6839,9,2
6840,7,2
6841,8,2
6842,8,2
6843,9,2
6844,8,2
6845,9,2
6846,9,2
6847,10,2
6848,5,2
6849,6,2
6850,6,2
6851,7,2
6852,6,2
6853,7,2
6854,7,2
6855,8,2
6856,6,2
6857,7,2
6858,7,2
6859,8,2
6860,7,2
6861,8,2
6862,8,2
6863,9,2
6864,6,2
6865,7,2
6866,7,2
6867,8,2
6868,7,2
6869,8,2
6870,8,2
6871,9,2
6872,7,2
6873,8,2
6874,8,2
6875,9,2
6876,8,2
6877,9,2
6878,9,2
6879,10,2
6880,6,2
6881,7,2
6882,7,2
6883,8,2
6884,7,2
6885,8,2
6886,8,2
6887,9,2
6888,7,2
6889,8,2
6890,8,2
6891,9,2
6892,8,2
6893,9,2
6894,9,2
6895,10,2
6896,7,2
6897,8,2
6898,8,2
6899,9,2
6900,8,2
6901,9,2
6902,9,2
6903,10,2
6904,8,2
6905,9,2
6906,9,2
6907,10,2
6908,9,2
6909,10,2
6910,10,2
6911,11,2
6912,4,2
6913,5,2
6914,5,2
6915,6,2
6916,5,2
6917,6,2
6918,6,2
6919,7,2
6920,5,2
6921,6,2
6922,6,2
6923,7,2
6924,6,2
6925,7,2
6926,7,2
6927,8,2
6928,5,2
6929,6,2
6930,6,2
6931,7,2
6932,6,2
6933,7,2
6934,7,2
6935,8,2
6936,6,2
6937,7,2
6938,7,2
6939,8,2
6940,7,2
6941,8,2
6942,8,2
6943,9,2
6944,5,2
6945,6,2
6946,6,2
6947,7,2
6948,6,2
6949,7,2
6950,7,2
6951,8,2
6952,6,2
6953,7,2
6954,7,2
6955,8,2
6956,7,2
6957,8,2
6958,8,2
6959,9,2
6960,6,2
6961,7,2
6962,7,2
6963,8,2
6964,7,2
6965,8,2
6966,8,2
6967,9,2
6968,7,2
6969,8,2
6970,8,2
6971,9,2
6972,8,2
6973,9,2
6974,9,2
6975,10,2
6976,5,2
6977,6,3
6978,6,2
6979,7,2
6980,6,2
6981,7,2
6982,7,2
6983,8,2
6984,6,2
6985,7,2
6986,7,2
6987,8,2
6988,7,2
6989,8,2
6990,8,2
6991,9,2
6992,6,2
6993,7,2
6994,7,2
6995,8,2
6996,7,2
6997,8,2
6998,8,2
6999,9,2
7000,7,2
7001,8,2
7002,8,2
7003,9,2
7004,8,2
7005,9,2
7006,9,2
7007,10,2
7008,6,2
7009,7,2
7010,7,2
7011,8,2
7012,7,2
7013,8,2
7014,8,2
7015,9,2
7016,7,2
7017,8,2
7018,8,2
7019,9,2
7020,8,2
7021,9,2
7022,9,2
7023,10,2
7024,7,2
7025,8,2
7026,8,2
7027,9,2
7028,8,2
7029,9,2
7030,9,2
7031,10,2
7032,8,2
7033,9,2
7034,9,2
7035,10,2
7036,9,2
7037,10,2
7038,10,2
7039,11,2
7040,5,2
7041,6,2
7042,6,2
7043,7,2
7044,6,2
7045,7,2
7046,7,2
7047,8,2
7048,6,2
7049,7,2
7050,7,2
7051,8,2
7052,7,2
7053,8,2
7054,8,2
7055,9,2
7056,6,2
7057,7,2
7058,7,2
7059,8,2
7060,7,2
7061,8,2
7062,8,2
7063,9,2
7064,7,2
7065,8,2
7066,8,2
7067,9,2
7068,8,2
7069,9,2
7070,9,2
7071,10,2
7072,6,2
7073,7,2
7074,7,2
7075,8,2
7076,7,2
7077,8,2
7078,8,2
7079,9,2
7080,7,2
7081,8,2
7082,8,2
7083,9,2
7084,8,2
7085,9,2
7086,9,2
7087,10,2
7088,7,2
7089,8,2
7090,8,2
7091,9,2
7092,8,2
7093,9,2
7094,9,2
7095,10,2
7096,8,2
7097,9,2
7098,9,2
7099,10,2
7100,9,2
7101,10,2
7102,10,2
7103,11,2
7104,6,2
7105,7,2
7106,7,2
7107,8,2
7108,7,2
7109,8,2
7110,8,2
7111,9,2
7112,7,2
7113,8,2
7114,8,2
7115,9,2
7116,8,2
7117,9,2
7118,9,2
7119,10,2
7120,7,2
7121,8,2
7122,8,2
7123,9,2
7124,8,2
7125,9,2
7126,9,2
7127,10,2
7128,8,2
7129,9,2
7130,9,2
7131,10,2
7132,9,2
7133,10,2
7134,10,2
7135,11,2
7136,7,2
7137,8,3
7138,8,2
7139,9,2
7140,8,2
7141,9,2
7142,9,2
7143,10,2
7144,8,2
7145,9,2
7146,9,2
7147,10,2
7148,9,2
7149,10,2
7150,10,2
7151,11,2
7152,8,2
7153,9,2
7154,9,2
7155,10,2
7156,9,2
7157,10,2
7158,10,2
7159,11,2
7160,9,2
7161,10,2
7162,10,2
7163,11,2
7164,10,2
7165,11,2
7166,11,2
7167,12,2
7168,3,2
7169,4,2
7170,4,2
7171,5,2
7172,4,2
7173,5,2
7174,5,2
7175,6,2
7176,4,2
7177,5,2
7178,5,2
7179,6,2
7180,5,2
7181,6,2
7182,6,2
7183,7,2
7184,4,2
7185,5,2
7186,5,2
7187,6,2
7188,5,2
7189,6,2
7190,6,2
7191,7,2
7192,5,2
7193,6,2
7194,6,2
7195,7,2
7196,6,2
7197,7,2
7198,7,2
7199,8,2
7200,4,2
7201,5,2
7202,5,2
7203,6,2
7204,5,2
7205,6,2
7206,6,2
7207,7,2
7208,5,2
7209,6,2
7210,6,2
7211,7,2
7212,6,2
7213,7,2
7214,7,2
7215,8,2
7216,5,2
7217,6,2
7218,6,2
7219,7,2
7220,6,2
7221,7,2
7222,7,2
7223,8,2
7224,6,2
7225,7,2
7226,7,2
7227,8,2
7228,7,2
7229,8,2
7230,8,2
7231,9,2
7232,4,2
7233,5,3
7234,5,2
7235,6,2
7236,5,2
7237,6,2
7238,6,2
7239,7,2
7240,5,2
7241,6,2
7242,6,2
7243,7,3
7244,6,2
7245,7,2
7246,7,2
7247,8,2
7248,5,2
7249,6,2
7250,6,2
7251,7,2
7252,6,2
7253,7,2
7254,7,2
7255,8,2
7256,6,2
7257,7,2
7258,7,2
7259,8,2
7260,7,2
7261,8,2
7262,8,2
7263,9,2
7264,5,2
7265,6,2
7266,6,2
7267,7,2
7268,6,2
7269,7,2
7270,7,2
7271,8,2
7272,6,2
7273,7,2
7274,7,2
7275,8,2
7276,7,2
7277,8,2
7278,8,2
7279,9,2
7280,6,2
7281,7,2
7282,7,2
7283,8,2
7284,7,2
7285,8,2
7286,8,2
7287,9,2
7288,7,2
7289,8,2
7290,8,2
7291,9,2
7292,8,2
7293,9,2
7294,9,2
7295,10,2
7296,4,2
7297,5,2
7298,5,2
7299,6,2
7300,5,2
7301,6,2
7302,6,2
7303,7,2
7304,5,2
7305,6,2
7306,6,2
7307,7,2
7308,6,2
7309,7,2
7310,7,2
7311,8,2
7312,5,2
7313,6,2
7314,6,2
7315,7,2
7316,6,2
7317,7,2
7318,7,2
7319,8,2
7320,6,2
7321,7,2
7322,7,2
7323,8,2
7324,7,2
7325,8,2
7326,8,2
7327,9,2
7328,5,2
7329,6,2
7330,6,2
7331,7,2
7332,6,2
7333,7,2
7334,7,2
7335,8,2
7336,6,2
7337,7,2
7338,7,2
7339,8,2
7340,7,2
7341,8,2
7342,8,2
7343,9,2
7344,6,2
7345,7,2
7346,7,2
7347,8,2
7348,7,2
7349,8,2
7350,8,2
7351,9,2
7352,7,2
7353,8,2
7354,8,2
7355,9,2
7356,8,2
7357,9,2
7358,9,2
7359,10,2
7360,5,2
7361,6,2
7362,6,2
7363,7,2
7364,6,2
7365,7,2
7366,7,2
7367,8,2
7368,6,2
7369,7,2
7370,7,2
7371,8,2
7372,7,2
7373,8,2
7374,8,2
7375,9,2
7376,6,2
7377,7,2
7378,7,2
7379,8,2
7380,7,2
7381,8,2
7382,8,2
7383,9,2
7384,7,2
7385,8,2
7386,8,2
7387,9,2
7388,8,2
7389,9,2
7390,9,2
7391,10,2
7392,6,2
7393,7,2
7394,7,2
7395,8,2
7396,7,2
7397,8,2
7398,8,2
7399,9,2
7400,7,2
7401,8,2
7402,8,2
7403,9,3
7404,8,2
7405,9,2
7406,9,2
7407,10,2
7408,7,2
7409,8,2
7410,8,2
7411,9,2
7412,8,2
7413,9,2
7414,9,2
7415,10,2
7416,8,2
7417,9,2
7418,9,2
7419,10,2
7420,9,2
7421,10,2
7422,10,2
7423,11,2
7424,4,2
7425,5,2
7426,5,2
7427,6,2
7428,5,2
7429,6,2
7430,6,2
7431,7,2
7432,5,2
7433,6,2
7434,6,2
7435,7,2
7436,6,2
7437,7,2
7438,7,2
7439,8,2
7440,5,2
7441,6,2
7442,6,2
7443,7,2
7444,6,2
7445,7,2
7446,7,2
7447,8,2
7448,6,2
7449,7,2
7450,7,2
7451,8,2
7452,7,2
7453,8,2
7454,8,2
7455,9,2
7456,5,2
7457,6,2
7458,6,2
7459,7,2
7460,6,2
7461,7,2
7462,7,2
7463,8,2
7464,6,2
7465,7,2
7466,7,2
7467,8,2
7468,7,2
7469,8,2
7470,8,2
7471,9,2
7472,6,2
7473,7,2
7474,7,2
7475,8,2
7476,7,2
7477,8,2
7478,8,2
7479,9,2
7480,7,2
7481,8,2
7482,8,2
7483,9,2
7484,8,2
7485,9,2
7486,9,2
7487,10,2
7488,5,2
7489,6,3
7490,6,2
7491,7,2
7492,6,2
7493,7,2
7494,7,2
7495,8,2
7496,6,2
7497,7,2
7498,7,2
7499,8,3
7500,7,2
7501,8,2
7502,8,2
7503,9,2
7504,6,2
7505,7,2
7506,7,2
7507,8,2
7508,7,2
7509,8,2
7510,8,2
7511,9,2
7512,7,2
7513,8,2
7514,8,2
7515,9,2
7516,8,2
7517,9,2
7518,9,2
7519,10,2
7520,6,2
7521,7,2
7522,7,2
7523,8,2
7524,7,2
7525,8,2
7526,8,2
7527,9,2
7528,7,2
7529,8,2
7530,8,2
7531,9,2
7532,8,2
7533,9,2
7534,9,2
7535,10,2
7536,7,2
7537,8,2
7538,8,2
7539,9,2
7540,8,2
7541,9,2
7542,9,2
7543,10,2
7544,8,2
7545,9,2
7546,9,2
7547,10,2
7548,9,2
7549,10,2
7550,10,2
7551,11,2
7552,5,2
7553,6,2
7554,6,2
7555,7,2
7556,6,2
7557,7,2
7558,7,2
7559,8,2
7560,6,2
7561,7,2
7562,7,2
7563,8,2
7564,7,2
7565,8,2
7566,8,2
7567,9,2
7568,6,2
7569,7,2
7570,7,2
7571,8,2
7572,7,2
7573,8,2
7574,8,2
7575,9,2
7576,7,2
7577,8,2
7578,8,2
7579,9,2
7580,8,2
7581,9,2
7582,9,2
7583,10,2
7584,6,2
7585,7,2
7586,7,2
7587,8,2
7588,7,2
7589,8,2
7590,8,2
7591,9,2
7592,7,2
7593,8,2
7594,8,2
7595,9,2
7596,8,2
7597,9,2
7598,9,2
7599,10,2
7600,7,2
7601,8,2
7602,8,2
7603,9,2
7604,8,2
7605,9,2
7606,9,2
7607,10,2
7608,8,2
7609,9,2
7610,9,2
7611,10,2
7612,9,2
7613,10,2
7614,10,2
7615,11,2
7616,6,2
7617,7,2
7618,7,2
7619,8,2
7620,7,2
7621,8,2
7622,8,2
7623,9,2
7624,7,2
7625,8,2
7626,8,2
7627,9,2
7628,8,2
7629,9,2
7630,9,2
7631,10,2
7632,7,2
7633,8,2
7634,8,2
7635,9,2
7636,8,2
7637,9,2
7638,9,2
7639,10,2
7640,8,2
7641,9,2
7642,9,2
7643,10,2
7644,9,2
7645,10,2
7646,10,2
7647,11,2
7648,7,2
7649,8,3
7650,8,2
7651,9,2
7652,8,2
7653,9,2
7654,9,2
7655,10,2
7656,8,2
7657,9,2
7658,9,2
7659,10,3
7660,9,2
7661,10,2
7662,10,2
7663,11,2
7664,8,2
7665,9,2
7666,9,2
7667,10,2
7668,9,2
7669,10,2
7670,10,2
7671,11,2
7672,9,2
7673,10,2
7674,10,2
7675,11,2
7676,10,2
7677,11,2
7678,11,2
7679,12,2
7680,4,2
7681,5,2
7682,5,2
7683,6,2
7684,5,2
7685,6,2
7686,6,2
7687,7,2
7688,5,2
7689,6,2
7690,6,2
7691,7,2
7692,6,2
7693,7,2
7694,7,2
7695,8,2
7696,5,2
7697,6,2
7698,6,3
7699,7,2
7700,6,2
7701,7,2
7702,7,2
7703,8,2
7704,6,2
7705,7,2
7706,7,2
7707,8,2
7708,7,2
7709,8,2
7710,8,2
7711,9,2
7712,5,2
7713,6,2
7714,6,2
7715,7,2
7716,6,2
7717,7,2
7718,7,2
7719,8,2
7720,6,2
7721,7,2
7722,7,2
7723,8,2
7724,7,2
7725,8,2
7726,8,2
7727,9,2
7728,6,2
7729,7,2
7730,7,2
7731,8,2
7732,7,2
7733,8,2
7734,8,2
7735,9,2
7736,7,2
7737,8,2
7738,8,2
7739,9,2
7740,8,2
7741,9,2
7742,9,2
7743,10,2
7744,5,2
7745,6,3
7746,6,2
7747,7,2
7748,6,2
7749,7,2
7750,7,2
7751,8,2
7752,6,2
7753,7,2
7754,7,2
7755,8,3
7756,7,2
7757,8,2
7758,8,2
7759,9,2
7760,6,2
7761,7,2
7762,7,2
7763,8,2
7764,7,2
7765,8,2
7766,8,2
7767,9,2
7768,7,2
7769,8,2
7770,8,2
7771,9,2
7772,8,2
7773,9,2
7774,9,2
7775,10,2
7776,6,2
7777,7,2
7778,7,2
7779,8,2
7780,7,2
7781,8,2
7782,8,2
7783,9,2
7784,7,2
7785,8,2
7786,8,2
7787,9,2
7788,8,2
7789,9,2
7790,9,2
7791,10,2
7792,7,2
7793,8,2
7794,8,2
7795,9,2
7796,8,2
7797,9,2
7798,9,2
7799,10,2
7800,8,2
7801,9,2
7802,9,2
7803,10,2
7804,9,2
7805,10,2
7806,10,2
7807,11,2
7808,5,2
7809,6,2
7810,6,3
7811,7,2
7812,6,2
7813,7,2
7814,7,2
7815,8,2
7816,6,2
7817,7,2
7818,7,2
7819,8,3
7820,7,2
7821,8,2
7822,8,2
7823,9,2
7824,6,2
7825,7,2
7826,7,3
7827,8,2
7828,7,2
7829,8,2
7830,8,2
7831,9,2
7832,7,2
7833,8,2
7834,8,2
7835,9,2
7836,8,2
7837,9,2
7838,9,2
7839,10,2
7840,6,2
7841,7,2
7842,7,2
7843,8,2
7844,7,2
7845,8,2
7846,8,2
7847,9,2
7848,7,2
7849,8,2
7850,8,2
7851,9,2
7852,8,2
7853,9,2
7854,9,2
7855,10,2
7856,7,2
7857,8,2
7858,8,3
7859,9,2
7860,8,2
7861,9,2
7862,9,2
7863,10,2
7864,8,2
7865,9,2
7866,9,2
7867,10,2
7868,9,2
7869,10,2
7870,10,2
7871,11,2
7872,6,2
7873,7,2
7874,7,2
7875,8,2
7876,7,2
7877,8,2
7878,8,2
7879,9,2
7880,7,2
7881,8,2
7882,8,2
7883,9,3
7884,8,2
7885,9,2
7886,9,2
7887,10,2
7888,7,2
7889,8,2
7890,8,3
7891,9,2
7892,8,2
7893,9,2
7894,9,2
7895,10,2
7896,8,2
7897,9,2
7898,9,2
7899,10,3
7900,9,2
7901,10,2
7902,10,2
7903,11,2
7904,7,2
7905,8,2
7906,8,2
7907,9,2
7908,8,2
7909,9,2
7910,9,2
7911,10,2
7912,8,2
7913,9,2
7914,9,2
7915,10,3
7916,9,2
7917,10,2
7918,10,2
7919,11,2
7920,8,2
7921,9,2
7922,9,2
7923,10,2
7924,9,2
7925,10,2
7926,10,2
7927,11,2
7928,9,2
7929,10,2
7930,10,2
7931,11,2
7932,10,2
7933,11,2
7934,11,2
7935,12,2
7936,5,2
7937,6,2
7938,6,2
7939,7,2
7940,6,2
7941,7,2
7942,7,2
7943,8,2
7944,6,2
7945,7,2
7946,7,2
7947,8,2
7948,7,2
7949,8,2
7950,8,2
7951,9,2
7952,6,2
7953,7,2
7954,7,2
7955,8,2
7956,7,2
7957,8,2
7958,8,2
7959,9,2
7960,7,2
7961,8,2
7962,8,2
7963,9,2
7964,8,2
7965,9,2
7966,9,2
7967,10,2
7968,6,2
7969,7,2
7970,7,2
7971,8,2
7972,7,2
7973,8,2
7974,8,2
7975,9,2
7976,7,2
7977,8,2
7978,8,2
7979,9,2
7980,8,2
7981,9,2
7982,9,2
7983,10,2
7984,7,2
7985,8,2
7986,8,2
7987,9,2
7988,8,2
7989,9,2
7990,9,2
7991,10,2
7992,8,2
7993,9,2
7994,9,2
7995,10,2
7996,9,2
7997,10,2
7998,10,2
7999,11,2
8000,6,2
8001,7,3
8002,7,2
8003,8,2
8004,7,2
8005,8,2
8006,8,2
8007,9,2
8008,7,2
8009,8,2
8010,8,2
8011,9,2
8012,8,2
8013,9,2
8014,9,2
8015,10,2
8016,7,2
8017,8,2
8018,8,2
8019,9,2
8020,8,2
8021,9,2
8022,9,2
8023,10,2
8024,8,2
8025,9,2
8026,9,2
8027,10,2
8028,9,2
8029,10,2
8030,10,2
8031,11,2
8032,7,2
8033,8,2
8034,8,2
8035,9,2
8036,8,2
8037,9,2
8038,9,2
8039,10,2
8040,8,2
8041,9,2
8042,9,2
8043,10,2
8044,9,2
8045,10,2
8046,10,2
8047,11,2
8048,8,2
8049,9,2
8050,9,2
8051,10,2
8052,9,2
8053,10,2
8054,10,2
8055,11,2
8056,9,2
8057,10,2
8058,10,2
8059,11,2
8060,10,2
8061,11,2
8062,11,2
8063,12,2
8064,6,2
8065,7,2
8066,7,2
8067,8,2
8068,7,2
8069,8,2
8070,8,2
8071,9,2
8072,7,2
8073,8,2
8074,8,2
8075,9,2
8076,8,2
8077,9,2
8078,9,2
8079,10,2
8080,7,2
8081,8,2
8082,8,2
8083,9,2
8084,8,2
8085,9,2
8086,9,2
8087,10,2
8088,8,2
8089,9,2
8090,9,2
8091,10,2
8092,9,2
8093,10,2
8094,10,2
8095,11,2
8096,7,2
8097,8,2
8098,8,2
8099,9,2
8100,8,2
8101,9,2
8102,9,2
8103,10,2
8104,8,2
8105,9,2
8106,9,2
8107,10,2
8108,9,2
8109,10,2
8110,10,2
8111,11,2
8112,8,2
8113,9,2
8114,9,2
8115,10,2
8116,9,2
8117,10,2
8118,10,2
8119,11,2
8120,9,2
8121,10,2
8122,10,2
8123,11,2
8124,10,2
8125,11,2
8126,11,2
8127,12,2
8128,7,2
8129,8,2
8130,8,2
8131,9,2
8132,8,2
8133,9,2
8134,9,2
8135,10,2
8136,8,2
8137,9,2
8138,9,2
8139,10,2
8140,9,2
8141,10,2
8142,10,2
8143,11,2
8144,8,2
8145,9,2
8146,9,2
8147,10,2
8148,9,2
8149,10,2
8150,10,2
8151,11,2
8152,9,2
8153,10,2
8154,10,2
8155,11,2
8156,10,2
8157,11,2
8158,11,2
8159,12,2
8160,8,2
8161,9,2
8162,9,2
8163,10,2
8164,9,2
8165,10,2
8166,10,2
8167,11,2
8168,9,2
8169,10,2
8170,10,2
8171,11,2
8172,10,2
8173,11,2
8174,11,2
8175,12,2
8176,9,2
8177,10,2
8178,10,2
8179,11,2
8180,10,2
8181,11,2
8182,11,2
8183,12,2
8184,10,2
8185,11,2
8186,11,2
8187,12,2
8188,11,2
8189,12,2
8190,12,2
8191,13,2
8192,1,2
8193,2,2
8194,2,2
8195,3,2
8196,2,2
8197,3,2
8198,3,2
8199,4,2
8200,2,2
8201,3,2
8202,3,2
8203,4,2
8204,3,2
8205,4,2
8206,4,2
8207,5,2
8208,2,2
8209,3,2
8210,3,2
8211,4,2
8212,3,3
8213,4,2
8214,4,2
8215,5,2
8216,3,2
8217,4,2
8218,4,2
8219,5,2
8220,4,2
8221,5,2
8222,5,2
8223,6,2
8224,2,2
8225,3,2
8226,3,2
8227,4,2
8228,3,2
8229,4,2
8230,4,2
8231,5,2
8232,3,2
8233,4,2
8234,4,2
8235,5,2
8236,4,2
8237,5,2
8238,5,2
8239,6,2
8240,3,2
8241,4,2
8242,4,2
8243,5,2
8244,4,2
8245,5,2
8246,5,2
8247,6,2
8248,4,2
8249,5,2
8250,5,2
8251,6,2
8252,5,2
8253,6,2
8254,6,2
8255,7,2
8256,2,2
8257,3,2
8258,3,2
8259,4,2
8260,3,2
8261,4,2
8262,4,2
8263,5,2
8264,3,2
8265,4,2
8266,4,2
8267,5,2
8268,4,2
8269,5,2
8270,5,2
8271,6,2
8272,3,2
8273,4,2
8274,4,2
8275,5,2
8276,4,2
8277,5,2
8278,5,2
8279,6,2
8280,4,2
8281,5,2
8282,5,2
8283,6,2
8284,5,2
8285,6,2
8286,6,2
8287,7,2
8288,3,2
8289,4,2
8290,4,2
8291,5,2
8292,4,2
8293,5,2
8294,5,2
8295,6,2
8296,4,2
8297,5,2
8298,5,2
8299,6,2
8300,5,2
8301,6,2
8302,6,2
8303,7,2
8304,4,2
8305,5,2
8306,5,2
8307,6,2
8308,5,2
8309,6,2
8310,6,2
8311,7,2
8312,5,2
8313,6,2
8314,6,2
8315,7,2
8316,6,2
8317,7,2
8318,7,2
8319,8,2
8320,2,2
8321,3,2
8322,3,2
8323,4,2
8324,3,2
8325,4,2
8326,4,2
8327,5,2
8328,3,2
8329,4,2
8330,4,2
8331,5,2
8332,4,2
8333,5,2
8334,5,2
8335,6,2
8336,3,2
8337,4,2
8338,4,2
8339,5,2
8340,4,2
8341,5,2
8342,5,2
8343,6,2
8344,4,2
8345,5,2
8346,5,2
8347,6,2
8348,5,2
8349,6,2
8350,6,2
8351,7,2
8352,3,2
8353,4,2
8354,4,2
8355,5,2
8356,4,2
8357,5,2
8358,5,2
8359,6,2
8360,4,2
8361,5,2
8362,5,2
8363,6,2
8364,5,2
8365,6,2
8366,6,2
8367,7,2
8368,4,2
8369,5,2
8370,5,2
8371,6,2
8372,5,2
8373,6,2
8374,6,2
8375,7,2
8376,5,2
8377,6,2
8378,6,2
8379,7,2
8380,6,2
8381,7,2
8382,7,2
8383,8,2
8384,3,2
8385,4,2
8386,4,2
8387,5,2
8388,4,2
8389,5,2
8390,5,2
8391,6,2
8392,4,2
8393,5,2
8394,5,2
8395,6,2
8396,5,2
8397,6,2
8398,6,2
8399,7,2
8400,4,2
8401,5,2
8402,5,2
8403,6,2
8404,5,2
8405,6,2
8406,6,2
8407,7,2
8408,5,2
8409,6,2
8410,6,2
8411,7,2
8412,6,2
8413,7,2
8414,7,2
8415,8,2
8416,4,2
8417,5,2
8418,5,2
8419,6,2
8420,5,2
8421,6,2
8422,6,2
8423,7,2
8424,5,2
8425,6,2
8426,6,2
8427,7,2
8428,6,2
8429,7,2
8430,7,2
8431,8,2
8432,5,2
8433,6,2
8434,6,2
8435,7,2
8436,6,2
8437,7,2
8438,7,2
8439,8,2
8440,6,2
8441,7,2
8442,7,2
8443,8,2
8444,7,2
8445,8,2
8446,8,2
8447,9,2
8448,2,2
8449,3,2
8450,3,2
8451,4,2
8452,3,2
8453,4,2
8454,4,2
8455,5,2
8456,3,2
8457,4,2
8458,4,2
8459,5,2
8460,4,2
8461,5,2
8462,5,2
8463,6,2
8464,3,2
8465,4,2
8466,4,2
8467,5,2
8468,4,3
8469,5,2
8470,5,2
8471,6,2
8472,4,2
8473,5,2
8474,5,2
8475,6,2
8476,5,2
8477,6,2
8478,6,2
8479,7,2
8480,3,2
8481,4,3
8482,4,2
8483,5,2
8484,4,2
8485,5,2
8486,5,2
8487,6,2
8488,4,2
8489,5,2
8490,5,2
8491,6,2
8492,5,2
8493,6,2
8494,6,2
8495,7,2
8496,4,2
8497,5,2
8498,5,2
8499,6,2
8500,5,2
8501,6,2
8502,6,2
8503,7,2
8504,5,2
8505,6,2
8506,6,2
8507,7,2
8508,6,2
8509,7,2
8510,7,2
8511,8,2
8512,3,2
8513,4,2
8514,4,2
8515,5,2
8516,4,2
8517,5,2
8518,5,2
8519,6,2
8520,4,2
8521,5,2
8522,5,2
8523,6,2
8524,5,2
8525,6,2
8526,6,2
8527,7,2
8528,4,2
8529,5,2
8530,5,2
8531,6,2
8532,5,2
8533,6,2
8534,6,2
8535,7,2
8536,5,2
8537,6,2
8538,6,2
8539,7,2
8540,6,2
8541,7,2
8542,7,2
8543,8,2
8544,4,2
8545,5,2
8546,5,2
8547,6,2
8548,5,2
8549,6,2
8550,6,2
8551,7,2
8552,5,2
8553,6,2
8554,6,2
8555,7,2
8556,6,2
8557,7,2
8558,7,2
8559,8,2
8560,5,2
8561,6,2
8562,6,2
8563,7,2
8564,6,2
8565,7,2
8566,7,2
8567,8,2
8568,6,2
8569,7,2
8570,7,2
8571,8,2
8572,7,2
8573,8,2
8574,8,2
8575,9,2
8576,3,2
8577,4,2
8578,4,2
8579,5,2
8580,4,2
8581,5,2
8582,5,2
8583,6,2
8584,4,2
8585,5,2
8586,5,2
8587,6,2
8588,5,2
8589,6,2
8590,6,2
8591,7,2
8592,4,2
8593,5,2
8594,5,2
8595,6,2
8596,5,2
8597,6,2
8598,6,2
8599,7,2
8600,5,2
8601,6,2
8602,6,2
8603,7,2
8604,6,2
8605,7,2
8606,7,2
8607,8,2
8608,4,2
8609,5,2
8610,5,2
8611,6,2
8612,5,2
8613,6,2
8614,6,2
8615,7,2
8616,5,2
8617,6,2
8618,6,2
8619,7,2
8620,6,2
8621,7,2
8622,7,2
8623,8,2
8624,5,2
8625,6,2
8626,6,2
8627,7,2
8628,6,2
8629,7,2
8630,7,2
8631,8,2
8632,6,2
8633,7,2
8634,7,2
8635,8,2
8636,7,2
8637,8,2
8638,8,2
8639,9,2
8640,4,2
8641,5,2
8642,5,2
8643,6,2
8644,5,2
8645,6,2
8646,6,2
8647,7,2
8648,5,2
8649,6,2
8650,6,2
8651,7,2
8652,6,2
8653,7,2
8654,7,2
8655,8,2
8656,5,2
8657,6,2
8658,6,2
8659,7,2
8660,6,2
8661,7,2
8662,7,2
8663,8,2
8664,6,2
8665,7,2
8666,7,2
8667,8,2
8668,7,2
8669,8,2
8670,8,2
8671,9,2
8672,5,2
8673,6,2
8674,6,2
8675,7,2
8676,6,2
8677,7,2
8678,7,2
8679,8,2
8680,6,2
8681,7,2
8682,7,2
8683,8,2
8684,7,2
8685,8,2
8686,8,2
8687,9,2
8688,6,2
8689,7,2
8690,7,2
8691,8,2
8692,7,2
8693,8,2
8694,8,2
8695,9,2
8696,7,2
8697,8,2
8698,8,2
8699,9,2
8700,8,2
8701,9,2
8702,9,2
8703,10,2
8704,2,2
8705,3,2
8706,3,2
8707,4,2
8708,3,2
8709,4,2
8710,4,2
8711,5,2
8712,3,2
8713,4,2
8714,4,2
8715,5,2
8716,4,2
8717,5,2
8718,5,2
8719,6,2
8720,3,2
8721,4,2
8722,4,3
8723,5,2
8724,4,3
8725,5,2
8726,5,3
8727,6,3
8728,4,2
8729,5,2
8730,5,2
8731,6,2
8732,5,2
8733,6,2
8734,6,3
8735,7,2
8736,3,2
8737,4,2
8738,4,2
8739,5,2
8740,4,2
8741,5,2
8742,5,2
8743,6,2
8744,4,2
8745,5,2
8746,5,2
8747,6,2
8748,5,2
8749,6,2
8750,6,2
8751,7,2
8752,4,2
8753,5,2
8754,5,2
8755,6,2
8756,5,2
8757,6,2
8758,6,2
8759,7,2
8760,5,2
8761,6,2
8762,6,2
8763,7,2
8764,6,2
8765,7,2
8766,7,2
8767,8,2
8768,3,2
8769,4,2
8770,4,2
8771,5,2
8772,4,2
8773,5,2
8774,5,2
8775,6,2
8776,4,2
8777,5,2
8778,5,2
8779,6,2
8780,5,2
8781,6,2
8782,6,2
8783,7,2
8784,4,2
8785,5,2
8786,5,2
8787,6,2
8788,5,2
8789,6,2
8790,6,2
8791,7,2
8792,5,2
8793,6,2
8794,6,2
8795,7,2
8796,6,2
8797,7,2
8798,7,2
8799,8,2
8800,4,2
8801,5,2
8802,5,2
8803,6,2
8804,5,2
8805,6,2
8806,6,2
8807,7,2
8808,5,2
8809,6,2
8810,6,2
8811,7,2
8812,6,2
8813,7,2
8814,7,2
8815,8,2
8816,5,2
8817,6,2
8818,6,2
8819,7,2
8820,6,2
8821,7,2
8822,7,2
8823,8,2
8824,6,2
8825,7,2
8826,7,2
8827,8,2
8828,7,2
8829,8,2
8830,8,2
8831,9,2
8832,3,2
8833,4,2
8834,4,2
8835,5,2
8836,4,2
8837,5,2
8838,5,2
8839,6,2
8840,4,2
8841,5,2
8842,5,2
8843,6,2
8844,5,2
8845,6,2
8846,6,2
8847,7,2
8848,4,2
8849,5,2
8850,5,2
8851,6,2
8852,5,2
8853,6,2
8854,6,2
8855,7,2
8856,5,2
8857,6,2
8858,6,2
8859,7,2
8860,6,2
8861,7,2
8862,7,2
8863,8,2
8864,4,2
8865,5,2
8866,5,2
8867,6,2
8868,5,2
8869,6,2
8870,6,2
8871,7,2
8872,5,2
8873,6,2
8874,6,2
8875,7,2
8876,6,2
8877,7,2
8878,7,2
8879,8,2
8880,5,2
8881,6,2
8882,6,2
8883,7,2
8884,6,2
8885,7,2
8886,7,2
8887,8,2
8888,6,2
8889,7,2
8890,7,2
8891,8,2
8892,7,2
8893,8,2
8894,8,2
8895,9,2
8896,4,2
8897,5,2
8898,5,2
8899,6,2
8900,5,2
8901,6,2
8902,6,2
8903,7,2
8904,5,2
8905,6,2
8906,6,2
8907,7,2
8908,6,2
8909,7,2
8910,7,2
8911,8,2
8912,5,2
8913,6,2
8914,6,2
8915,7,2
8916,6,2
8917,7,2
8918,7,2
8919,8,2
8920,6,2
8921,7,2
8922,7,2
8923,8,2
8924,7,2
8925,8,2
8926,8,2
8927,9,2
8928,5,2
8929,6,2
8930,6,2
8931,7,2
8932,6,2
8933,7,2
8934,7,2
8935,8,2
8936,6,2
8937,7,2
8938,7,2
8939,8,2
8940,7,2
8941,8,2
8942,8,2
8943,9,2
8944,6,2
8945,7,2
8946,7,2
8947,8,2
8948,7,2
8949,8,2
8950,8,2
8951,9,2
8952,7,2
8953,8,2
8954,8,2
8955,9,2
8956,8,2
8957,9,2
8958,9,2
8959,10,2
8960,3,2
8961,4,2
8962,4,2
8963,5,2
8964,4,2
8965,5,2
8966,5,2
8967,6,2
8968,4,2
8969,5,2
8970,5,2
8971,6,2
8972,5,2
8973,6,2
8974,6,2
8975,7,2
8976,4,2
8977,5,2
8978,5,2
8979,6,2
8980,5,3
8981,6,2
8982,6,2
8983,7,2
8984,5,2
8985,6,2
8986,6,2
8987,7,2
8988,6,2
8989,7,2
8990,7,2
8991,8,2
8992,4,2
8993,5,2
8994,5,2
8995,6,2
8996,5,2
8997,6,2
8998,6,2
8999,7,2
9000,5,2
9001,6,2
9002,6,2
9003,7,2
9004,6,2
9005,7,2
9006,7,2
9007,8,2
9008,5,2
9009,6,2
9010,6,2
9011,7,2
9012,6,2
9013,7,2
9014,7,2
9015,8,2
9016,6,2
9017,7,2
9018,7,2
9019,8,2
9020,7,2
9021,8,2
9022,8,2
9023,9,2
9024,4,2
9025,5,2
9026,5,2
9027,6,2
9028,5,2
9029,6,2
9030,6,2
9031,7,2
9032,5,2
9033,6,2
9034,6,2
9035,7,2
9036,6,2
9037,7,2
9038,7,2
9039,8,2
9040,5,2
9041,6,2
9042,6,2
9043,7,2
9044,6,2
9045,7,2
9046,7,2
9047,8,2
9048,6,2
9049,7,2
9050,7,2
9051,8,2
9052,7,2
9053,8,2
9054,8,2
9055,9,2
9056,5,2
9057,6,2
9058,6,2
9059,7,2
9060,6,2
9061,7,2
9062,7,2
9063,8,2
9064,6,2
9065,7,2
9066,7,2
9067,8,2
9068,7,2
9069,8,2
9070,8,2
9071,9,2
9072,6,2
9073,7,2
9074,7,2
9075,8,2
9076,7,2
9077,8,2
9078,8,2
9079,9,2
9080,7,2
9081,8,2
9082,8,2
9083,9,2
9084,8,2
9085,9,2
9086,9,2
9087,10,2
9088,4,2
9089,5,2
9090,5,2
9091,6,2
9092,5,2
9093,6,2
9094,6,2
9095,7,2
9096,5,2
9097,6,2
9098,6,2
9099,7,2
9100,6,2
9101,7,2
9102,7,2
9103,8,2
9104,5,2
9105,6,2
9106,6,2
9107,7,2
9108,6,2
9109,7,2
9110,7,2
9111,8,2
9112,6,2
9113,7,2
9114,7,2
9115,8,2
9116,7,2
9117,8,2
9118,8,2
9119,9,2
9120,5,2
9121,6,2
9122,6,2
9123,7,2
9124,6,2
9125,7,2
9126,7,2
9127,8,2
9128,6,2
9129,7,2
9130,7,2
9131,8,2
9132,7,2
9133,8,2
9134,8,2
9135,9,2
9136,6,2
9137,7,2
9138,7,2
9139,8,2
9140,7,2
9141,8,2
9142,8,2
9143,9,2
9144,7,2
9145,8,2
9146,8,2
9147,9,2
9148,8,2
9149,9,2
9150,9,2
9151,10,2
9152,5,2
9153,6,2
9154,6,2
9155,7,2
9156,6,2
9157,7,2
9158,7,2
9159,8,2
9160,6,2
9161,7,2
9162,7,2
9163,8,2
9164,7,2
9165,8,2
9166,8,2
9167,9,2
9168,6,2
9169,7,2
9170,7,2
9171,8,2
9172,7,2
9173,8,2
9174,8,2
9175,9,2
9176,7,2
9177,8,2
9178,8,2
9179,9,2
9180,8,2
9181,9,2
9182,9,2
9183,10,2
9184,6,2
9185,7,2
9186,7,2
9187,8,2
9188,7,2
9189,8,2
9190,8,2
9191,9,2
9192,7,2
9193,8,2
9194,8,2
9195,9,2
9196,8,2
9197,9,2
9198,9,2
9199,10,2
9200,7,2
9201,8,2
9202,8,2
9203,9,2
9204,8,2
9205,9,2
9206,9,2
9207,10,2
9208,8,2
9209,9,2
9210,9,2
9211,10,2
9212,9,2
9213,10,2
9214,10,2
9215,11,2
9216,2,2
9217,3,2
9218,3,2
9219,4,2
9220,3,2
9221,4,2
9222,4,2
9223,5,2
9224,3,2
9225,4,2
9226,4,2
9227,5,2
9228,4,2
9229,5,2
9230,5,2
9231,6,2
9232,3,2
9233,4,2
9234,4,2
9235,5,2
9236,4,3
9237,5,2
9238,5,2
9239,6,2
9240,4,2
9241,5,2
9242,5,2
9243,6,2
9244,5,2
9245,6,2
9246,6,2
9247,7,2
9248,3,3
9249,4,3
9250,4,3
9251,5,3
9252,4,3
9253,5,3
9254,5,3
9255,6,3
9256,4,3
9257,5,3
9258,5,3
9259,6,3
9260,5,3
9261,6,3
9262,6,3
9263,7,3
9264,4,2
9265,5,2
9266,5,2
9267,6,2
9268,5,3
9269,6,2
9270,6,2
9271,7,2
9272,5,2
9273,6,2
9274,6,2
9275,7,2
9276,6,2
9277,7,2
9278,7,2
9279,8,2
9280,3,2
9281,4,2
9282,4,2
9283,5,2
9284,4,2
9285,5,2
9286,5,2
9287,6,2
9288,4,2
9289,5,2
9290,5,2
9291,6,2
9292,5,2
9293,6,2
9294,6,2
9295,7,2
9296,4,2
9297,5,2
9298,5,2
9299,6,2
9300,5,2
9301,6,2
9302,6,2
9303,7,2
9304,5,2
9305,6,2
9306,6,2
9307,7,2
9308,6,2
9309,7,2
9310,7,2
9311,8,2
9312,4,2
9313,5,2
9314,5,2
9315,6,2
9316,5,2
9317,6,2
9318,6,2
9319,7,2
9320,5,2
9321,6,2
9322,6,2
9323,7,2
9324,6,2
9325,7,2
9326,7,2
9327,8,2
9328,5,2
9329,6,2
9330,6,2
9331,7,2
9332,6,3
9333,7,2
9334,7,2
9335,8,2
9336,6,2
9337,7,2
9338,7,2
9339,8,2
9340,7,2
9341,8,2
9342,8,2
9343,9,2
9344,3,2
9345,4,2
9346,4,2
9347,5,2
9348,4,2
9349,5,2
9350,5,2
9351,6,2
9352,4,2
9353,5,2
9354,5,2
9355,6,2
9356,5,2
9357,6,2
9358,6,2
9359,7,2
9360,4,2
9361,5,2
9362,5,2
9363,6,2
9364,5,2
9365,6,2
9366,6,2
9367,7,2
9368,5,2
9369,6,2
9370,6,2
9371,7,2
9372,6,2
9373,7,2
9374,7,2
9375,8,2
9376,4,2
9377,5,2
9378,5,2
9379,6,2
9380,5,2
9381,6,2
9382,6,2
9383,7,2
9384,5,2
9385,6,2
9386,6,2
9387,7,2
9388,6,2
9389,7,2
9390,7,2
9391,8,2
9392,5,2
9393,6,2
9394,6,2
9395,7,2
9396,6,3
9397,7,2
9398,7,2
9399,8,2
9400,6,3
9401,7,2
9402,7,2
9403,8,2
9404,7,3
9405,8,3
9406,8,3
9407,9,2
9408,4,2
9409,5,2
9410,5,2
9411,6,2
9412,5,2
9413,6,2
9414,6,2
9415,7,2
9416,5,2
9417,6,2
9418,6,2
9419,7,2
9420,6,2
9421,7,2
9422,7,2
9423,8,2
9424,5,2
9425,6,2
9426,6,2
9427,7,2
9428,6,2
9429,7,2
9430,7,2
9431,8,2
9432,6,2
9433,7,2
9434,7,2
9435,8,2
9436,7,2
9437,8,2
9438,8,2
9439,9,2
9440,5,2
9441,6,2
9442,6,2
9443,7,2
9444,6,2
9445,7,2
9446,7,2
9447,8,2
9448,6,2
9449,7,2
9450,7,2
9451,8,2
9452,7,2
9453,8,2
9454,8,2
9455,9,2
9456,6,2
9457,7,2
9458,7,2
9459,8,2
9460,7,2
9461,8,2
9462,8,2
9463,9,2
9464,7,2
9465,8,2
9466,8,2
9467,9,2
9468,8,2
9469,9,2
9470,9,2
9471,10,2
9472,3,2
9473,4,2
9474,4,2
9475,5,2
9476,4,2
9477,5,2
9478,5,2
9479,6,2
9480,4,2
9481,5,2
9482,5,2
9483,6,2
9484,5,2
9485,6,2
9486,6,2
9487,7,2
9488,4,2
9489,5,2
9490,5,2
9491,6,2
9492,5,3
9493,6,2
9494,6,2
9495,7,2
9496,5,2
9497,6,2
9498,6,2
9499,7,2
9500,6,2
9501,7,2
9502,7,2
9503,8,2
9504,4,2
9505,5,3
9506,5,2
9507,6,2
9508,5,2
9509,6,2
9510,6,2
9511,7,2
9512,5,2
9513,6,2
9514,6,2
9515,7,2
9516,6,2
9517,7,2
9518,7,2
9519,8,2
9520,5,2
9521,6,2
9522,6,2
9523,7,2
9524,6,2
9525,7,2
9526,7,2
9527,8,2
9528,6,2
9529,7,2
9530,7,2
9531,8,2
9532,7,2
9533,8,2
9534,8,2
9535,9,2
9536,4,2
9537,5,2
9538,5,2
9539,6,2
9540,5,2
9541,6,2
9542,6,2
9543,7,2
9544,5,2
9545,6,2
9546,6,2
9547,7,2
9548,6,2
9549,7,2
9550,7,2
9551,8,2
9552,5,2
9553,6,2
9554,6,2
9555,7,2
9556,6,2
9557,7,2
9558,7,2
9559,8,2
9560,6,2
9561,7,2
9562,7,2
9563,8,2
9564,7,2
9565,8,2
9566,8,2
9567,9,2
9568,5,2
9569,6,2
9570,6,2
9571,7,2
9572,6,2
9573,7,2
9574,7,2
9575,8,2
9576,6,2
9577,7,2
9578,7,2
9579,8,2
9580,7,2
9581,8,2
9582,8,2
9583,9,2
9584,6,2
9585,7,2
9586,7,2
9587,8,2
9588,7,2
9589,8,2
9590,8,2
9591,9,2
9592,7,2
9593,8,2
9594,8,2
9595,9,2
9596,8,2
9597,9,2
9598,9,2
9599,10,2
9600,4,2
9601,5,2
9602,5,2
9603,6,2
9604,5,2
9605,6,2
9606,6,2
9607,7,2
9608,5,2
9609,6,2
9610,6,2
9611,7,2
9612,6,2
9613,7,2
9614,7,2
9615,8,2
9616,5,2
9617,6,2
9618,6,2
9619,7,2
9620,6,2
9621,7,2
9622,7,2
9623,8,2
9624,6,2
9625,7,2
9626,7,2
9627,8,2
9628,7,2
9629,8,2
9630,8,2
9631,9,2
9632,5,2
9633,6,2
9634,6,2
9635,7,2
9636,6,2
9637,7,2
9638,7,2
9639,8,2
9640,6,2
9641,7,2
9642,7,2
9643,8,2
9644,7,2
9645,8,2
9646,8,2
9647,9,2
9648,6,2
9649,7,2
9650,7,2
9651,8,2
9652,7,2
9653,8,2
9654,8,2
9655,9,2
9656,7,2
9657,8,2
9658,8,2
9659,9,2
9660,8,2
9661,9,2
9662,9,2
9663,10,2
9664,5,2
9665,6,2
9666,6,2
9667,7,2
9668,6,2
9669,7,2
9670,7,2
9671,8,2
9672,6,2
9673,7,2
9674,7,2
9675,8,2
9676,7,2
9677,8,2
9678,8,2
9679,9,2
9680,6,2
9681,7,2
9682,7,2
9683,8,2
9684,7,2
9685,8,2
9686,8,2
9687,9,2
9688,7,2
9689,8,2
9690,8,2
9691,9,2
9692,8,2
9693,9,2
9694,9,2
9695,10,2
9696,6,2
9697,7,2
9698,7,2
9699,8,2
9700,7,2
9701,8,2
9702,8,2
9703,9,2
9704,7,2
9705,8,2
9706,8,2
9707,9,2
9708,8,2
9709,9,2
9710,9,2
9711,10,2
9712,7,2
9713,8,2
9714,8,2
9715,9,2
9716,8,2
9717,9,2
9718,9,2
9719,10,2
9720,8,2
9721,9,2
9722,9,2
9723,10,2
9724,9,2
9725,10,2
9726,10,2
9727,11,2
9728,3,2
9729,4,2
9730,4,2
9731,5,2
9732,4,2
9733,5,2
9734,5,2
9735,6,2
9736,4,2
9737,5,2
9738,5,2
9739,6,2
9740,5,2
9741,6,2
9742,6,2
9743,7,2
9744,4,2
9745,5,2
9746,5,2
9747,6,2
9748,5,3
9749,6,2
9750,6,2
9751,7,2
9752,5,2
9753,6,2
9754,6,2
9755,7,2
9756,6,2
9757,7,2
9758,7,2
9759,8,2
9760,4,2
9761,5,2
9762,5,2
9763,6,2
9764,5,2
9765,6,2
9766,6,2
9767,7,2
9768,5,2
9769,6,2
9770,6,2
9771,7,2
9772,6,2
9773,7,2
9774,7,2
9775,8,2
9776,5,2
9777,6,2
9778,6,2
9779,7,2
9780,6,2
9781,7,2
9782,7,2
9783,8,2
9784,6,2
9785,7,2
9786,7,2
9787,8,2
9788,7,2
9789,8,2
9790,8,2
9791,9,2
9792,4,2
9793,5,2
9794,5,2
9795,6,2
9796,5,2
9797,6,2
9798,6,2
9799,7,2
9800,5,2
9801,6,2
9802,6,2
9803,7,2
9804,6,2
9805,7,2
9806,7,2
9807,8,2
9808,5,2
9809,6,2
9810,6,2
9811,7,2
9812,6,2
9813,7,2
9814,7,2
9815,8,2
9816,6,2
9817,7,2
9818,7,2
9819,8,2
9820,7,2
9821,8,2
9822,8,2
9823,9,2
9824,5,2
9825,6,2
9826,6,2
9827,7,2
9828,6,2
9829,7,2
9830,7,2
9831,8,2
9832,6,2
9833,7,2
9834,7,2
9835,8,2
9836,7,2
9837,8,2
9838,8,2
9839,9,2
9840,6,2
9841,7,2
9842,7,2
9843,8,2
9844,7,2
9845,8,2
9846,8,2
9847,9,2
9848,7,2
9849,8,2
9850,8,2
9851,9,2
9852,8,2
9853,9,2
9854,9,2
9855,10,2
9856,4,2
9857,5,2
9858,5,2
9859,6,2
9860,5,2
9861,6,2
9862,6,2
9863,7,2
9864,5,2
9865,6,2
9866,6,2
9867,7,2
9868,6,2
9869,7,2
9870,7,2
9871,8,2
9872,5,2
9873,6,2
9874,6,2
9875,7,2
9876,6,2
9877,7,2
9878,7,2
9879,8,2
9880,6,2
9881,7,2
9882,7,2
9883,8,2
9884,7,2
9885,8,2
9886,8,2
9887,9,2
9888,5,2
9889,6,2
9890,6,2
9891,7,2
9892,6,2
9893,7,2
9894,7,2
9895,8,2
9896,6,2
9897,7,2
9898,7,2
9899,8,2
9900,7,2
9901,8,2
9902,8,2
9903,9,2
9904,6,2
9905,7,2
9906,7,2
9907,8,2
9908,7,2
9909,8,2
9910,8,2
9911,9,2
9912,7,2
9913,8,2
9914,8,2
9915,9,2
9916,8,2
9917,9,2
9918,9,2
9919,10,2
9920,5,2
9921,6,2
9922,6,2
9923,7,2
9924,6,2
9925,7,2
9926,7,2
9927,8,2
9928,6,2
9929,7,2
9930,7,2
9931,8,2
9932,7,2
9933,8,2
9934,8,2
9935,9,2
9936,6,2
9937,7,2
9938,7,2
9939,8,2
9940,7,2
9941,8,2
9942,8,2
9943,9,2
9944,7,2
9945,8,2
9946,8,2
9947,9,2
9948,8,2
9949,9,2
9950,9,2
9951,10,2
9952,6,2
9953,7,2
9954,7,2
9955,8,2
9956,7,2
9957,8,2
9958,8,2
9959,9,2
9960,7,2
9961,8,2
9962,8,2
9963,9,2
9964,8,2
9965,9,2
9966,9,2
9967,10,2
9968,7,2
9969,8,2
9970,8,2
9971,9,2
9972,8,2
9973,9,2
9974,9,2
9975,10,2
9976,8,2
9977,9,2
9978,9,2
9979,10,2
9980,9,2
9981,10,2
9982,10,2
9983,11,2
9984,4,2
9985,5,2
9986,5,2
9987,6,2
9988,5,2
9989,6,2
9990,6,2
9991,7,2
9992,5,2
9993,6,2
9994,6,2
9995,7,2
9996,6,2
9997,7,2
9998,7,2
9999,8,2
10000,5,2
10001,6,2
10002,6,2
10003,7,2
10004,6,3
10005,7,2
10006,7,2
10007,8,2
10008,6,2
10009,7,2
10010,7,2
10011,8,2
10012,7,2
10013,8,2
10014,8,2
10015,9,2
10016,5,2
10017,6,3
10018,6,2
10019,7,2
10020,6,2
10021,7,2
10022,7,2
10023,8,2
10024,6,2
10025,7,2
10026,7,2
10027,8,2
10028,7,2
10029,8,2
10030,8,2
10031,9,2
10032,6,2
10033,7,2
10034,7,2
10035,8,2
10036,7,2
10037,8,2
10038,8,2
10039,9,2
10040,7,2
10041,8,2
10042,8,2
10043,9,2
10044,8,2
10045,9,2
10046,9,2
10047,10,2
10048,5,2
10049,6,2
10050,6,2
10051,7,2
10052,6,2
10053,7,2
10054,7,2
10055,8,2
10056,6,2
10057,7,2
10058,7,2
10059,8,2
10060,7,2
10061,8,2
10062,8,2
10063,9,2
10064,6,2
10065,7,2
10066,7,2
10067,8,2
10068,7,2
10069,8,2
10070,8,2
10071,9,2
10072,7,2
10073,8,2
10074,8,2
10075,9,2
10076,8,2
10077,9,2
10078,9,2
10079,10,2
10080,6,2
10081,7,2
10082,7,2
10083,8,2
10084,7,2
10085,8,2
10086,8,2
10087,9,2
10088,7,2
10089,8,2
10090,8,2
10091,9,2
10092,8,2
10093,9,2
10094,9,2
10095,10,2
10096,7,2
10097,8,2
10098,8,2
10099,9,2
10100,8,2
10101,9,2
10102,9,2
10103,10,2
10104,8,2
10105,9,2
10106,9,2
10107,10,2
10108,9,2
10109,10,2
10110,10,2
10111,11,2
10112,5,2
10113,6,2
10114,6,2
10115,7,2
10116,6,2
10117,7,2
10118,7,2
10119,8,2
10120,6,2
10121,7,2
10122,7,2
10123,8,2
10124,7,2
10125,8,2
10126,8,2
10127,9,2
10128,6,2
10129,7,2
10130,7,2
10131,8,2
10132,7,2
10133,8,2
10134,8,2
10135,9,2
10136,7,2
10137,8,2
10138,8,2
10139,9,2
10140,8,2
10141,9,2
10142,9,2
10143,10,2
10144,6,2
10145,7,2
10146,7,2
10147,8,2
10148,7,2
10149,8,2
10150,8,2
10151,9,2
10152,7,2
10153,8,2
10154,8,2
10155,9,2
10156,8,2
10157,9,2
10158,9,2
10159,10,2
10160,7,2
10161,8,2
10162,8,2
10163,9,2
10164,8,2
10165,9,2
10166,9,2
10167,10,2
10168,8,2
10169,9,2
10170,9,2
10171,10,2
10172,9,2
10173,10,2
10174,10,2
10175,11,2
10176,6,2
10177,7,2
10178,7,2
10179,8,2
10180,7,2
10181,8,2
10182,8,2
10183,9,2
10184,7,2
10185,8,2
10186,8,2
10187,9,2
10188,8,2
10189,9,2
10190,9,2
10191,10,2
10192,7,2
10193,8,2
10194,8,2
10195,9,2
10196,8,2
10197,9,2
10198,9,2
10199,10,2
10200,8,2
10201,9,2
10202,9,2
10203,10,2
10204,9,2
10205,10,2
10206,10,2
10207,11,2
10208,7,2
10209,8,2
10210,8,2
10211,9,2
10212,8,2
10213,9,2
10214,9,2
10215,10,2
10216,8,2
10217,9,2
10218,9,2
10219,10,2
10220,9,2
10221,10,2
10222,10,2
10223,11,2
10224,8,2
10225,9,2
10226,9,2
10227,10,2
10228,9,2
10229,10,2
10230,10,2
10231,11,2
10232,9,2
10233,10,2
10234,10,2
10235,11,2
10236,10,2
10237,11,2
10238,11,2
10239,12,2
10240,2,2
10241,3,2
10242,3,2
10243,4,2
10244,3,2
10245,4,2
10246,4,2
10247,5,2
10248,3,2
10249,4,2
10250,4,2
10251,5,2
10252,4,2
10253,5,2
10254,5,2
10255,6,2
10256,3,2
10257,4,2
10258,4,2
10259,5,2
10260,4,3
10261,5,2
10262,5,2
10263,6,2
10264,4,2
10265,5,2
10266,5,2
10267,6,2
10268,5,2
10269,6,2
10270,6,3
10271,7,2
10272,3,2
10273,4,2
10274,4,2
10275,5,2
10276,4,2
10277,5,2
10278,5,2
10279,6,2
10280,4,2
10281,5,2
10282,5,2
10283,6,2
10284,5,2
10285,6,2
10286,6,2
10287,7,2
10288,4,2
10289,5,2
10290,5,2
10291,6,2
10292,5,2
10293,6,2
10294,6,2
10295,7,2
10296,5,2
10297,6,2
10298,6,2
10299,7,2
10300,6,2
10301,7,2
10302,7,2
10303,8,2
10304,3,2
10305,4,2
10306,4,2
10307,5,2
10308,4,2
10309,5,2
10310,5,2
10311,6,2
10312,4,2
10313,5,2
10314,5,2
10315,6,2
10316,5,2
10317,6,2
10318,6,2
10319,7,2
10320,4,2
10321,5,2
10322,5,2
10323,6,2
10324,5,2
10325,6,2
10326,6,2
10327,7,2
10328,5,2
10329,6,2
10330,6,2
10331,7,2
10332,6,2
10333,7,2
10334,7,2
10335,8,2
10336,4,2
10337,5,2
10338,5,2
10339,6,2
10340,5,2
10341,6,2
10342,6,2
10343,7,2
10344,5,2
10345,6,2
10346,6,2
10347,7,2
10348,6,2
10349,7,2
10350,7,2
10351,8,2
10352,5,2
10353,6,2
10354,6,2
10355,7,2
10356,6,2
10357,7,2
10358,7,2
10359,8,2
10360,6,2
10361,7,2
10362,7,2
10363,8,2
10364,7,2
10365,8,2
10366,8,2
10367,9,2
10368,3,2
10369,4,2
10370,4,2
10371,5,2
10372,4,2
10373,5,2
10374,5,2
10375,6,2
10376,4,2
10377,5,2
10378,5,2
10379,6,2
10380,5,2
10381,6,2
10382,6,2
10383,7,2
10384,4,2
10385,5,2
10386,5,2
10387,6,2
10388,5,2
10389,6,2
10390,6,2
10391,7,2
10392,5,2
10393,6,2
10394,6,2
10395,7,2
10396,6,2
10397,7,2
10398,7,2
10399,8,2
10400,4,2
10401,5,2
10402,5,2
10403,6,2
10404,5,2
10405,6,2
10406,6,2
10407,7,2
10408,5,2
10409,6,2
10410,6,2
10411,7,2
10412,6,2
10413,7,2
10414,7,2
10415,8,2
10416,5,2
10417,6,2
10418,6,2
10419,7,2
10420,6,3
10421,7,2
10422,7,2
10423,8,2
10424,6,2
10425,7,2
10426,7,2
10427,8,2
10428,7,2
10429,8,2
10430,8,3
10431,9,2
10432,4,2
10433,5,2
10434,5,2
10435,6,2
10436,5,2
10437,6,2
10438,6,2
10439,7,2
10440,5,2
10441,6,2
10442,6,2
10443,7,2
10444,6,2
10445,7,2
10446,7,2
10447,8,2
10448,5,2
10449,6,2
10450,6,2
10451,7,2
10452,6,2
10453,7,2
10454,7,2
10455,8,2
10456,6,2
10457,7,2
10458,7,2
10459,8,2
10460,7,2
10461,8,2
10462,8,2
10463,9,2
10464,5,2
10465,6,2
10466,6,2
10467,7,2
10468,6,2
10469,7,2
10470,7,2
10471,8,2
10472,6,2
10473,7,2
10474,7,2
10475,8,2
10476,7,2
10477,8,2
10478,8,2
10479,9,2
10480,6,2
10481,7,2
10482,7,2
10483,8,2
10484,7,2
10485,8,2
10486,8,2
10487,9,2
10488,7,2
10489,8,2
10490,8,2
10491,9,2
10492,8,2
10493,9,2
10494,9,2
10495,10,2
10496,3,2
10497,4,2
10498,4,2
10499,5,2
10500,4,2
10501,5,2
10502,5,2
10503,6,2
10504,4,2
10505,5,2
10506,5,2
10507,6,2
10508,5,2
10509,6,2
10510,6,2
10511,7,2
10512,4,2
10513,5,2
10514,5,2
10515,6,2
10516,5,3
10517,6,2
10518,6,2
10519,7,2
10520,5,2
10521,6,2
10522,6,2
10523,7,2
10524,6,2
10525,7,2
10526,7,2
10527,8,2
10528,4,2
10529,5,2
10530,5,2
10531,6,2
10532,5,2
10533,6,2
10534,6,2
10535,7,2
10536,5,2
10537,6,2
10538,6,2
10539,7,2
10540,6,2
10541,7,2
10542,7,2
10543,8,2
10544,5,2
10545,6,2
10546,6,2
10547,7,2
10548,6,2
10549,7,2
10550,7,2
10551,8,2
10552,6,2
10553,7,2
10554,7,2
10555,8,2
10556,7,2
10557,8,2
10558,8,2
10559,9,2
10560,4,2
10561,5,2
10562,5,2
10563,6,2
10564,5,2
10565,6,2
10566,6,2
10567,7,2
10568,5,2
10569,6,2
10570,6,2
10571,7,2
10572,6,2
10573,7,2
10574,7,2
10575,8,2
10576,5,2
10577,6,2
10578,6,2
10579,7,2
10580,6,2
10581,7,2
10582,7,2
10583,8,2
10584,6,2
10585,7,2
10586,7,2
10587,8,2
10588,7,2
10589,8,2
10590,8,2
10591,9,2
10592,5,2
10593,6,2
10594,6,2
10595,7,2
10596,6,2
10597,7,2
10598,7,2
10599,8,2
10600,6,2
10601,7,2
10602,7,2
10603,8,2
10604,7,2
10605,8,2
10606,8,2
10607,9,2
10608,6,2
10609,7,2
10610,7,2
10611,8,2
10612,7,2
10613,8,2
10614,8,2
10615,9,2
10616,7,2
10617,8,2
10618,8,2
10619,9,2
10620,8,2
10621,9,2
10622,9,2
10623,10,2
10624,4,2
10625,5,2
10626,5,2
10627,6,2
10628,5,2
10629,6,2
10630,6,2
10631,7,2
10632,5,2
10633,6,2
10634,6,2
10635,7,2
10636,6,2
10637,7,2
10638,7,2
10639,8,2
10640,5,2
10641,6,2
10642,6,2
10643,7,2
10644,6,2
10645,7,2
10646,7,2
10647,8,2
10648,6,2
10649,7,2
10650,7,2
10651,8,2
10652,7,2
10653,8,2
10654,8,2
10655,9,2
10656,5,2
10657,6,2
10658,6,2
10659,7,2
10660,6,2
10661,7,2
10662,7,2
10663,8,2
10664,6,2
10665,7,2
10666,7,2
10667,8,2
10668,7,2
10669,8,2
10670,8,2
10671,9,2
10672,6,2
10673,7,2
10674,7,2
10675,8,2
10676,7,2
10677,8,2
10678,8,2
10679,9,2
10680,7,2
10681,8,2
10682,8,2
10683,9,2
10684,8,2
10685,9,2
10686,9,2
10687,10,2
10688,5,2
10689,6,2
10690,6,2
10691,7,2
10692,6,2
10693,7,2
10694,7,2
10695,8,2
10696,6,2
10697,7,2
10698,7,2
10699,8,2
10700,7,2
10701,8,2
10702,8,2
10703,9,2
10704,6,2
10705,7,2
10706,7,2
10707,8,2
10708,7,2
10709,8,2
10710,8,2
10711,9,2
10712,7,2
10713,8,2
10714,8,2
10715,9,2
10716,8,2
10717,9,2
10718,9,2
10719,10,2
10720,6,2
10721,7,2
10722,7,2
10723,8,2
10724,7,2
10725,8,2
10726,8,2
10727,9,2
10728,7,2
10729,8,2
10730,8,2
10731,9,2
10732,8,2
10733,9,2
10734,9,2
10735,10,2
10736,7,2
10737,8,2
10738,8,2
10739,9,2
10740,8,2
10741,9,2
10742,9,2
10743,10,2
10744,8,2
10745,9,2
10746,9,2
10747,10,2
10748,9,2
10749,10,2
10750,10,2
10751,11,2
10752,3,2
10753,4,2
10754,4,2
10755,5,2
10756,4,2
10757,5,2
10758,5,2
10759,6,2
10760,4,2
10761,5,2
10762,5,2
10763,6,2
10764,5,2
10765,6,2
10766,6,2
10767,7,2
10768,4,2
10769,5,2
10770,5,2
10771,6,2
10772,5,3
10773,6,2
10774,6,2
10775,7,2
10776,5,2
10777,6,2
10778,6,2
10779,7,2
10780,6,2
10781,7,2
10782,7,3
10783,8,2
10784,4,2
10785,5,2
10786,5,2
10787,6,2
10788,5,2
10789,6,2
10790,6,2
10791,7,2
10792,5,2
10793,6,2
10794,6,2
10795,7,2
10796,6,2
10797,7,2
10798,7,2
10799,8,2
10800,5,2
10801,6,2
10802,6,2
10803,7,2
10804,6,2
10805,7,2
10806,7,2
10807,8,2
10808,6,2
10809,7,2
10810,7,2
10811,8,2
10812,7,2
10813,8,2
10814,8,2
10815,9,2
10816,4,2
10817,5,2
10818,5,2
10819,6,2
10820,5,2
10821,6,2
10822,6,2
10823,7,2
10824,5,2
10825,6,2
10826,6,2
10827,7,2
10828,6,2
10829,7,2
10830,7,2
10831,8,2
10832,5,2
10833,6,2
10834,6,2
10835,7,2
10836,6,2
10837,7,2
10838,7,2
10839,8,2
10840,6,2
10841,7,2
10842,7,2
10843,8,2
10844,7,2
10845,8,2
10846,8,2
10847,9,2
10848,5,2
10849,6,2
10850,6,2
10851,7,2
10852,6,2
10853,7,2
10854,7,2
10855,8,2
10856,6,2
10857,7,2
10858,7,2
10859,8,2
10860,7,2
10861,8,2
10862,8,2
10863,9,2
10864,6,2
10865,7,2
10866,7,2
10867,8,2
10868,7,2
10869,8,2
10870,8,2
10871,9,2
10872,7,2
10873,8,2
10874,8,2
10875,9,2
10876,8,2
10877,9,2
10878,9,2
10879,10,2
10880,4,2
10881,5,2
10882,5,2
10883,6,2
10884,5,2
10885,6,2
10886,6,2
10887,7,2
10888,5,2
10889,6,2
10890,6,2
10891,7,2
10892,6,2
10893,7,2
10894,7,2
10895,8,2
10896,5,2
10897,6,2
10898,6,2
10899,7,2
10900,6,2
10901,7,2
10902,7,2
10903,8,2
10904,6,2
10905,7,2
10906,7,2
10907,8,2
10908,7,2
10909,8,2
10910,8,2
10911,9,2
10912,5,2
10913,6,2
10914,6,2
10915,7,2
10916,6,2
10917,7,2
10918,7,2
10919,8,2
10920,6,2
10921,7,2
10922,7,2
10923,8,2
10924,7,2
10925,8,2
10926,8,2
10927,9,2
10928,6,2
10929,7,2
10930,7,2
10931,8,2
10932,7,2
10933,8,2
10934,8,2
10935,9,2
10936,7,2
10937,8,2
10938,8,2
10939,9,2
10940,8,2
10941,9,2
10942,9,2
10943,10,2
10944,5,2
10945,6,2
10946,6,2
10947,7,2
10948,6,2
10949,7,2
10950,7,2
10951,8,2
10952,6,2
10953,7,2
10954,7,2
10955,8,2
10956,7,2
10957,8,2
10958,8,2
10959,9,2
10960,6,2
10961,7,2
10962,7,2
10963,8,2
10964,7,2
10965,8,2
10966,8,2
10967,9,2
10968,7,2
10969,8,2
10970,8,2
10971,9,2
10972,8,2
10973,9,2
10974,9,2
10975,10,2
10976,6,2
10977,7,2
10978,7,2
10979,8,2
10980,7,2
10981,8,2
10982,8,2
10983,9,2
10984,7,2
10985,8,2
10986,8,2
10987,9,2
10988,8,2
10989,9,2
10990,9,2
10991,10,2
10992,7,2
10993,8,2
10994,8,2
10995,9,2
10996,8,2
10997,9,2
10998,9,2
10999,10,2
11000,8,2
11001,9,2
11002,9,2
11003,10,2
11004,9,2
11005,10,2
11006,10,2
11007,11,2
11008,4,2
11009,5,2
11010,5,2
11011,6,2
11012,5,2
11013,6,2
11014,6,2
11015,7,2
11016,5,2
11017,6,2
11018,6,2
11019,7,2
11020,6,2
11021,7,2
11022,7,2
11023,8,2
11024,5,2
11025,6,2
11026,6,2
11027,7,2
11028,6,3
11029,7,2
11030,7,2
11031,8,2
11032,6,2
11033,7,2
11034,7,2
11035,8,2
11036,7,2
11037,8,2
11038,8,3
11039,9,2
11040,5,2
11041,6,2
11042,6,2
11043,7,2
11044,6,2
11045,7,2
11046,7,2
11047,8,2
11048,6,2
11049,7,2
11050,7,2
11051,8,2
11052,7,2
11053,8,2
11054,8,2
11055,9,2
11056,6,2
11057,7,2
11058,7,2
11059,8,2
11060,7,2
11061,8,2
11062,8,2
11063,9,2
11064,7,2
11065,8,2
11066,8,2
11067,9,2
11068,8,2
11069,9,2
11070,9,2
11071,10,2
11072,5,2
11073,6,2
11074,6,2
11075,7,2
11076,6,2
11077,7,2
11078,7,2
11079,8,2
11080,6,2
11081,7,2
11082,7,2
11083,8,2
11084,7,2
11085,8,2
11086,8,2
11087,9,2
11088,6,2
11089,7,2
11090,7,2
11091,8,2
11092,7,2
11093,8,2
11094,8,2
11095,9,2
11096,7,2
11097,8,2
11098,8,2
11099,9,2
11100,8,2
11101,9,2
11102,9,2
11103,10,2
11104,6,2
11105,7,2
11106,7,2
11107,8,2
11108,7,2
11109,8,2
11110,8,2
11111,9,2
11112,7,2
11113,8,2
11114,8,2
11115,9,2
11116,8,2
11117,9,2
11118,9,2
11119,10,2
11120,7,2
11121,8,2
11122,8,2
11123,9,2
11124,8,2
11125,9,2
11126,9,2
11127,10,2
11128,8,2
11129,9,2
11130,9,2
11131,10,2
11132,9,2
11133,10,2
11134,10,2
11135,11,2
11136,5,2
11137,6,2
11138,6,2
11139,7,2
11140,6,2
11141,7,2
11142,7,2
11143,8,2
11144,6,2
11145,7,2
11146,7,2
11147,8,2
11148,7,2
11149,8,2
11150,8,2
11151,9,2
11152,6,2
11153,7,2
11154,7,2
11155,8,2
11156,7,2
11157,8,2
11158,8,2
11159,9,2
11160,7,2
11161,8,2
11162,8,2
11163,9,2
11164,8,2
11165,9,2
11166,9,2
11167,10,2
11168,6,2
11169,7,2
11170,7,2
11171,8,2
11172,7,2
11173,8,2
11174,8,2
11175,9,2
11176,7,2
11177,8,2
11178,8,2
11179,9,2
11180,8,2
11181,9,2
11182,9,2
11183,10,2
11184,7,2
11185,8,2
11186,8,2
11187,9,2
11188,8,2
11189,9,2
11190,9,2
11191,10,2
11192,8,2
11193,9,2
11194,9,2
11195,10,2
11196,9,2
11197,10,2
11198,10,2
11199,11,2
11200,6,2
11201,7,2
11202,7,2
11203,8,2
11204,7,2
11205,8,2
11206,8,2
11207,9,2
11208,7,2
11209,8,2
11210,8,2
11211,9,2
11212,8,2
11213,9,2
11214,9,2
11215,10,2
11216,7,2
11217,8,2
11218,8,2
11219,9,2
11220,8,2
11221,9,2
11222,9,2
11223,10,2
11224,8,2
11225,9,2
11226,9,2
11227,10,2
11228,9,2
11229,10,2
11230,10,2
11231,11,2
11232,7,2
11233,8,2
11234,8,2
11235,9,2
11236,8,2
11237,9,2
11238,9,2
11239,10,2
11240,8,2
11241,9,2
11242,9,2
11243,10,2
11244,9,2
11245,10,2
11246,10,2
11247,11,2
11248,8,2
11249,9,2
11250,9,2
11251,10,2
11252,9,2
11253,10,2
11254,10,2
11255,11,2
11256,9,2
11257,10,2
11258,10,2
11259,11,2
11260,10,2
11261,11,2
11262,11,2
11263,12,2
11264,3,2
11265,4,2
11266,4,2
11267,5,2
11268,4,2
11269,5,2
11270,5,2
11271,6,2
11272,4,2
11273,5,2
11274,5,2
11275,6,2
11276,5,2
11277,6,2
11278,6,2
11279,7,2
11280,4,2
11281,5,2
11282,5,2
11283,6,2
11284,5,3
11285,6,2
11286,6,2
11287,7,2
11288,5,2
11289,6,2
11290,6,2
11291,7,2
11292,6,2
11293,7,2
11294,7,2
11295,8,2
11296,4,2
11297,5,2
11298,5,2
11299,6,2
11300,5,2
11301,6,2
11302,6,2
11303,7,2
11304,5,2
11305,6,2
11306,6,2
11307,7,2
11308,6,2
11309,7,2
11310,7,2
11311,8,2
11312,5,2
11313,6,2
11314,6,2
11315,7,2
11316,6,2
11317,7,2
11318,7,2
11319,8,2
11320,6,2
11321,7,2
11322,7,2
11323,8,2
11324,7,2
11325,8,2
11326,8,2
11327,9,2
11328,4,2
11329,5,2
11330,5,2
11331,6,2
11332,5,2
11333,6,2
11334,6,2
11335,7,2
11336,5,2
11337,6,2
11338,6,2
11339,7,2
11340,6,2
11341,7,2
11342,7,2
11343,8,2
11344,5,2
11345,6,2
11346,6,2
11347,7,2
11348,6,2
11349,7,2
11350,7,2
11351,8,2
11352,6,2
11353,7,2
11354,7,2
11355,8,2
11356,7,2
11357,8,2
11358,8,2
11359,9,2
11360,5,2
11361,6,2
11362,6,2
11363,7,2
11364,6,2
11365,7,2
11366,7,2
11367,8,2
11368,6,2
11369,7,2
11370,7,2
11371,8,2
11372,7,2
11373,8,2
11374,8,2
11375,9,2
11376,6,2
11377,7,2
11378,7,2
11379,8,2
11380,7,2
11381,8,2
11382,8,2
11383,9,2
11384,7,2
11385,8,2
11386,8,2
11387,9,2
11388,8,2
11389,9,2
11390,9,2
11391,10,2
11392,4,2
11393,5,2
11394,5,2
11395,6,2
11396,5,2
11397,6,2
11398,6,2
11399,7,2
11400,5,2
11401,6,2
11402,6,2
11403,7,2
11404,6,2
11405,7,2
11406,7,2
11407,8,2
11408,5,2
11409,6,2
11410,6,2
11411,7,2
11412,6,2
11413,7,2
11414,7,2
11415,8,2
11416,6,2
11417,7,2
11418,7,2
11419,8,2
11420,7,2
11421,8,2
11422,8,2
11423,9,2
11424,5,2
11425,6,2
11426,6,2
11427,7,2
11428,6,2
11429,7,2
11430,7,2
11431,8,2
11432,6,2
11433,7,2
11434,7,2
11435,8,2
11436,7,2
11437,8,2
11438,8,2
11439,9,2
11440,6,2
11441,7,2
11442,7,2
11443,8,2
11444,7,3
11445,8,2
11446,8,2
11447,9,2
11448,7,2
11449,8,2
11450,8,2
11451,9,2
11452,8,2
11453,9,2
11454,9,3
11455,10,2
11456,5,2
11457,6,2
11458,6,2
11459,7,2
11460,6,2
11461,7,2
11462,7,2
11463,8,2
11464,6,2
11465,7,2
11466,7,2
11467,8,2
11468,7,2
11469,8,2
11470,8,2
11471,9,2
11472,6,2
11473,7,2
11474,7,2
11475,8,2
11476,7,2
11477,8,2
11478,8,2
11479,9,2
11480,7,2
11481,8,2
11482,8,2
11483,9,2
11484,8,2
11485,9,2
11486,9,2
11487,10,2
11488,6,2
11489,7,2
11490,7,2
11491,8,2
11492,7,2
11493,8,2
11494,8,2
11495,9,2
11496,7,2
11497,8,2
11498,8,2
11499,9,2
11500,8,2
11501,9,2
11502,9,2
11503,10,2
11504,7,2
11505,8,2
11506,8,2
11507,9,2
11508,8,2
11509,9,2
11510,9,2
11511,10,2
11512,8,2
11513,9,2
11514,9,2
11515,10,2
11516,9,2
11517,10,2
11518,10,2
11519,11,2
11520,4,2
11521,5,2
11522,5,2
11523,6,2
11524,5,2
11525,6,2
11526,6,2
11527,7,2
11528,5,2
11529,6,2
11530,6,2
11531,7,2
11532,6,2
11533,7,2
11534,7,2
11535,8,2
11536,5,2
11537,6,2
11538,6,2
11539,7,2
11540,6,3
11541,7,2
11542,7,2
11543,8,2
11544,6,2
11545,7,2
11546,7,2
11547,8,2
11548,7,2
11549,8,2
11550,8,2
11551,9,2
11552,5,2
11553,6,3
11554,6,2
11555,7,2
11556,6,2
11557,7,2
11558,7,2
11559,8,2
11560,6,3
11561,7,3
11562,7,2
11563,8,3
11564,7,2
11565,8,3
11566,8,2
11567,9,2
11568,6,2
11569,7,2
11570,7,2
11571,8,2
11572,7,2
11573,8,2
11574,8,2
11575,9,2
11576,7,2
11577,8,2
11578,8,2
11579,9,2
11580,8,2
11581,9,2
11582,9,2
11583,10,2
11584,5,2
11585,6,2
11586,6,2
11587,7,2
11588,6,2
11589,7,2
11590,7,2
11591,8,2
11592,6,2
11593,7,2
11594,7,2
11595,8,2
11596,7,2
11597,8,2
11598,8,2
11599,9,2
11600,6,2
11601,7,2
11602,7,2
11603,8,2
11604,7,2
11605,8,2
11606,8,2
11607,9,2
11608,7,2
11609,8,2
11610,8,2
11611,9,2
11612,8,2
11613,9,2
11614,9,2
11615,10,2
11616,6,2
11617,7,2
11618,7,2
11619,8,2
11620,7,2
11621,8,2
11622,8,2
11623,9,2
11624,7,2
11625,8,2
11626,8,2
11627,9,2
11628,8,2
11629,9,2
11630,9,2
11631,10,2
11632,7,2
11633,8,2
11634,8,2
11635,9,2
11636,8,2
11637,9,2
11638,9,2
11639,10,2
11640,8,2
11641,9,2
11642,9,2
11643,10,2
11644,9,2
11645,10,2
11646,10,2
11647,11,2
11648,5,2
11649,6,2
11650,6,2
11651,7,2
11652,6,2
11653,7,2
11654,7,2
11655,8,2
11656,6,2
11657,7,2
11658,7,2
11659,8,2
11660,7,2
11661,8,2
11662,8,2
11663,9,2
11664,6,2
11665,7,2
11666,7,2
11667,8,2
11668,7,2
11669,8,2
11670,8,2
11671,9,2
11672,7,2
11673,8,2
11674,8,2
11675,9,2
11676,8,2
11677,9,2
11678,9,2
11679,10,2
11680,6,2
11681,7,2
11682,7,2
11683,8,2
11684,7,2
11685,8,2
11686,8,2
11687,9,2
11688,7,2
11689,8,2
11690,8,2
11691,9,2
11692,8,2
11693,9,2
11694,9,2
11695,10,2
11696,7,2
11697,8,2
11698,8,2
11699,9,2
11700,8,3
11701,9,2
11702,9,2
11703,10,2
11704,8,3
11705,9,2
11706,9,2
11707,10,2
11708,9,3
11709,10,3
11710,10,3
11711,11,2
11712,6,2
11713,7,2
11714,7,2
11715,8,2
11716,7,2
11717,8,2
11718,8,2
11719,9,2
11720,7,2
11721,8,2
11722,8,2
11723,9,2
11724,8,2
11725,9,2
11726,9,2
11727,10,2
11728,7,2
11729,8,2
11730,8,2
11731,9,2
11732,8,2
11733,9,2
11734,9,2
11735,10,2
11736,8,2
11737,9,2
11738,9,2
11739,10,2
11740,9,2
11741,10,2
11742,10,2
11743,11,2
11744,7,2
11745,8,2
11746,8,2
11747,9,2
11748,8,2
11749,9,2
11750,9,2
11751,10,2
11752,8,2
11753,9,2
11754,9,2
11755,10,2
11756,9,2
11757,10,2
11758,10,2
11759,11,2
11760,8,2
11761,9,2
11762,9,2
11763,10,2
11764,9,2
11765,10,2
11766,10,2
11767,11,2
11768,9,2
11769,10,2
11770,10,2
11771,11,2
11772,10,2
11773,11,2
11774,11,2
11775,12,2
11776,4,2
11777,5,2
11778,5,2
11779,6,2
11780,5,2
11781,6,2
11782,6,2
11783,7,2
11784,5,2
11785,6,2
11786,6,2
11787,7,2
11788,6,2
11789,7,2
11790,7,2
11791,8,2
11792,5,2
11793,6,2
11794,6,2
11795,7,2
11796,6,3
11797,7,2
11798,7,2
11799,8,2
11800,6,2
11801,7,2
11802,7,2
11803,8,2
11804,7,2
11805,8,2
11806,8,3
11807,9,2
11808,5,2
11809,6,2
11810,6,2
11811,7,2
11812,6,2
11813,7,2
11814,7,2
11815,8,2
11816,6,2
11817,7,2
11818,7,2
11819,8,2
11820,7,2
11821,8,2
11822,8,2
11823,9,2
11824,6,2
11825,7,2
11826,7,2
11827,8,2
11828,7,2
11829,8,2
11830,8,2
11831,9,2
11832,7,2
11833,8,2
11834,8,2
11835,9,2
11836,8,2
11837,9,2
11838,9,2
11839,10,2
11840,5,2
11841,6,2
11842,6,2
11843,7,2
11844,6,2
11845,7,2
11846,7,2
11847,8,2
11848,6,2
11849,7,2
11850,7,2
11851,8,2
11852,7,2
11853,8,2
11854,8,2
11855,9,2
11856,6,2
11857,7,2
11858,7,2
11859,8,2
11860,7,2
11861,8,2
11862,8,2
11863,9,2
11864,7,2
11865,8,2
11866,8,2
11867,9,2
11868,8,2
11869,9,2
11870,9,2
11871,10,2
11872,6,2
11873,7,2
11874,7,2
11875,8,2
11876,7,2
11877,8,2
11878,8,2
11879,9,2
11880,7,2
11881,8,2
11882,8,2
11883,9,2
11884,8,2
11885,9,2
11886,9,2
11887,10,2
11888,7,2
11889,8,2
11890,8,2
11891,9,2
11892,8,2
11893,9,2
11894,9,2
11895,10,2
11896,8,2
11897,9,2
11898,9,2
11899,10,2
11900,9,2
11901,10,2
11902,10,2
11903,11,2
11904,5,2
11905,6,2
11906,6,2
11907,7,2
11908,6,2
11909,7,2
11910,7,2
11911,8,2
11912,6,2
11913,7,2
11914,7,2
11915,8,2
11916,7,2
11917,8,2
11918,8,2
11919,9,2
11920,6,2
11921,7,2
11922,7,2
11923,8,2
11924,7,2
11925,8,2
11926,8,2
11927,9,2
11928,7,2
11929,8,2
11930,8,2
11931,9,2
11932,8,2
11933,9,2
11934,9,2
11935,10,2
11936,6,2
11937,7,2
11938,7,2
11939,8,2
11940,7,2
11941,8,2
11942,8,2
11943,9,2
11944,7,2
11945,8,2
11946,8,2
11947,9,2
11948,8,2
11949,9,2
11950,9,2
11951,10,2
11952,7,2
11953,8,2
11954,8,2
11955,9,2
11956,8,3
11957,9,2
11958,9,2
11959,10,2
11960,8,2
11961,9,2
11962,9,2
11963,10,2
11964,9,2
11965,10,2
11966,10,3
11967,11,2
11968,6,2
11969,7,2
11970,7,2
11971,8,2
11972,7,2
11973,8,2
11974,8,2
11975,9,2
11976,7,2
11977,8,2
11978,8,2
11979,9,2
11980,8,2
11981,9,2
11982,9,2
11983,10,2
11984,7,2
11985,8,2
11986,8,2
11987,9,2
11988,8,2
11989,9,2
11990,9,2
11991,10,2
11992,8,2
11993,9,2
11994,9,2
11995,10,2
11996,9,2
11997,10,2
11998,10,2
11999,11,2
12000,7,2
12001,8,2
12002,8,2
12003,9,2
12004,8,2
12005,9,2
12006,9,2
12007,10,2
12008,8,2
12009,9,2
12010,9,2
12011,10,2
12012,9,2
12013,10,2
12014,10,2
12015,11,2
12016,8,2
12017,9,2
12018,9,2
12019,10,2
12020,9,2
12021,10,2
12022,10,2
12023,11,2
12024,9,2
12025,10,2
12026,10,2
12027,11,2
12028,10,2
12029,11,2
12030,11,2
12031,12,2
12032,5,2
12033,6,2
12034,6,2
12035,7,2
12036,6,2
12037,7,2
12038,7,2
12039,8,2
12040,6,2
12041,7,2
12042,7,2
12043,8,2
12044,7,2
12045,8,2
12046,8,2
12047,9,2
12048,6,2
12049,7,2
12050,7,2
12051,8,2
12052,7,3
12053,8,2
12054,8,2
12055,9,2
12056,7,2
12057,8,2
12058,8,2
12059,9,2
12060,8,2
12061,9,2
12062,9,2
12063,10,2
12064,6,2
12065,7,2
12066,7,2
12067,8,2
12068,7,2
12069,8,2
12070,8,2
12071,9,2
12072,7,2
12073,8,2
12074,8,2
12075,9,2
12076,8,2
12077,9,2
12078,9,2
12079,10,2
12080,7,2
12081,8,2
12082,8,2
12083,9,2
12084,8,2
12085,9,2
12086,9,2
12087,10,2
12088,8,2
12089,9,2
12090,9,2
12091,10,2
12092,9,2
12093,10,2
12094,10,2
12095,11,2
12096,6,2
12097,7,2
12098,7,2
12099,8,2
12100,7,2
12101,8,2
12102,8,2
12103,9,2
12104,7,2
12105,8,2
12106,8,2
12107,9,2
12108,8,2
12109,9,2
12110,9,2
12111,10,2
12112,7,2
12113,8,2
12114,8,2
12115,9,2
12116,8,2
12117,9,2
12118,9,2
12119,10,2
12120,8,2
12121,9,2
12122,9,2
12123,10,2
12124,9,2
12125,10,2
12126,10,2
12127,11,2
12128,7,2
12129,8,2
12130,8,2
12131,9,2
12132,8,2
12133,9,2
12134,9,2
12135,10,2
12136,8,2
12137,9,2
12138,9,2
12139,10,2
12140,9,2
12141,10,2
12142,10,2
12143,11,2
12144,8,2
12145,9,2
12146,9,2
12147,10,2
12148,9,2
12149,10,2
12150,10,2
12151,11,2
12152,9,2
12153,10,2
12154,10,2
12155,11,2
12156,10,2
12157,11,2
12158,11,2
12159,12,2
12160,6,2
12161,7,2
12162,7,2
12163,8,2
12164,7,2
12165,8,2
12166,8,2
12167,9,2
12168,7,2
12169,8,2
12170,8,2
12171,9,2
12172,8,2
12173,9,2
12174,9,2
12175,10,2
12176,7,2
12177,8,2
12178,8,2
12179,9,2
12180,8,2
12181,9,2
12182,9,2
12183,10,2
12184,8,2
12185,9,2
12186,9,2
12187,10,2
12188,9,2
12189,10,2
12190,10,2
12191,11,2
12192,7,2
12193,8,2
12194,8,2
12195,9,2
12196,8,2
12197,9,2
12198,9,2
12199,10,2
12200,8,2
12201,9,2
12202,9,2
12203,10,2
12204,9,2
12205,10,2
12206,10,2
12207,11,2
12208,8,2
12209,9,2
12210,9,2
12211,10,2
12212,9,2
12213,10,2
12214,10,2
12215,11,2
12216,9,2
12217,10,2
12218,10,2
12219,11,2
12220,10,2
12221,11,2
12222,11,2
12223,12,2
12224,7,2
12225,8,2
12226,8,2
12227,9,2
12228,8,2
12229,9,2
12230,9,2
12231,10,2
12232,8,2
12233,9,2
12234,9,2
12235,10,2
12236,9,2
12237,10,2
12238,10,2
12239,11,2
12240,8,2
12241,9,2
12242,9,2
12243,10,2
12244,9,2
12245,10,2
12246,10,2
12247,11,2
12248,9,2
12249,10,2
12250,10,2
12251,11,2
12252,10,2
12253,11,2
12254,11,2
12255,12,2
12256,8,2
12257,9,2
12258,9,2
12259,10,2
12260,9,2
12261,10,2
12262,10,2
12263,11,2
12264,9,2
12265,10,2
12266,10,2
12267,11,2
12268,10,2
12269,11,2
12270,11,2
12271,12,2
12272,9,2
12273,10,2
12274,10,2
12275,11,2
12276,10,2
12277,11,2
12278,11,2
12279,12,2
12280,10,2
12281,11,2
12282,11,2
12283,12,2
12284,11,2
12285,12,2
12286,12,2
12287,13,2
12288,2,2
12289,3,2
12290,3,2
12291,4,2
12292,3,2
12293,4,2
12294,4,2
12295,5,2
12296,3,2
12297,4,2
12298,4,2
12299,5,2
12300,4,2
12301,5,2
12302,5,2
12303,6,2
12304,3,2
12305,4,2
12306,4,2
12307,5,2
12308,4,2
12309,5,2
12310,5,2
12311,6,2
12312,4,2
12313,5,2
12314,5,2
12315,6,2
12316,5,2
12317,6,2
12318,6,2
12319,7,2
12320,3,2
12321,4,2
12322,4,2
12323,5,2
12324,4,2
12325,5,2
12326,5,2
12327,6,2
12328,4,2
12329,5,2
12330,5,2
12331,6,2
12332,5,2
12333,6,2
12334,6,2
12335,7,2
12336,4,2
12337,5,2
12338,5,2
12339,6,2
12340,5,2
12341,6,2
12342,6,2
12343,7,2
12344,5,2
12345,6,2
12346,6,2
12347,7,2
12348,6,2
12349,7,2
12350,7,2
12351,8,2
12352,3,2
12353,4,2
12354,4,2
12355,5,2
12356,4,2
12357,5,2
12358,5,2
12359,6,2
12360,4,2
12361,5,2
12362,5,2
12363,6,2
12364,5,2
12365,6,2
12366,6,2
12367,7,2
12368,4,2
12369,5,2
12370,5,2
12371,6,2
12372,5,2
12373,6,2
12374,6,2
12375,7,2
12376,5,2
12377,6,2
12378,6,2
12379,7,2
12380,6,2
12381,7,2
12382,7,2
12383,8,2
12384,4,2
12385,5,2
12386,5,2
12387,6,2
12388,5,2
12389,6,2
12390,6,2
12391,7,2
12392,5,2
12393,6,2
12394,6,2
12395,7,2
12396,6,2
12397,7,2
12398,7,2
12399,8,2
12400,5,2
12401,6,2
12402,6,2
12403,7,2
12404,6,2
12405,7,2
12406,7,2
12407,8,2
12408,6,2
12409,7,2
12410,7,2
12411,8,2
12412,7,2
12413,8,2
12414,8,2
12415,9,2
12416,3,2
12417,4,2
12418,4,2
12419,5,2
12420,4,2
12421,5,2
12422,5,2
12423,6,2
12424,4,2
12425,5,2
12426,5,2
12427,6,2
12428,5,2
12429,6,2
12430,6,2
12431,7,2
12432,4,2
12433,5,2
12434,5,2
12435,6,2
12436,5,2
12437,6,2
12438,6,2
12439,7,2
12440,5,2
12441,6,2
12442,6,2
12443,7,2
12444,6,2
12445,7,2
12446,7,2
12447,8,2
12448,4,2
12449,5,2
12450,5,2
12451,6,2
12452,5,2
12453,6,2
12454,6,2
12455,7,2
12456,5,2
12457,6,2
12458,6,2
12459,7,2
12460,6,2
12461,7,2
12462,7,2
12463,8,2
12464,5,2
12465,6,2
12466,6,2
12467,7,2
12468,6,2
12469,7,2
12470,7,2
12471,8,2
12472,6,2
12473,7,2
12474,7,2
12475,8,2
12476,7,2
12477,8,2
12478,8,2
12479,9,2
12480,4,2
12481,5,2
12482,5,2
12483,6,2
12484,5,2
12485,6,2
12486,6,2
12487,7,2
12488,5,2
12489,6,2
12490,6,2
12491,7,2
12492,6,2
12493,7,2
12494,7,2
12495,8,2
12496,5,2
12497,6,2
12498,6,2
12499,7,2
12500,6,2
12501,7,2
12502,7,2
12503,8,2
12504,6,2
12505,7,2
12506,7,2
12507,8,2
12508,7,2
12509,8,2
12510,8,2
12511,9,2
12512,5,2
12513,6,2
12514,6,2
12515,7,2
12516,6,2
12517,7,2
12518,7,2
12519,8,2
12520,6,2
12521,7,2
12522,7,2
12523,8,2
12524,7,2
12525,8,2
12526,8,2
12527,9,2
12528,6,2
12529,7,2
12530,7,2
12531,8,2
12532,7,2
12533,8,2
12534,8,2
12535,9,2
12536,7,2
12537,8,2
12538,8,2
12539,9,2
12540,8,2
12541,9,2
12542,9,2
12543,10,2
12544,3,2
12545,4,2
12546,4,2
12547,5,2
12548,4,2
12549,5,2
12550,5,2
12551,6,2
12552,4,2
12553,5,2
12554,5,2
12555,6,2
12556,5,2
12557,6,2
12558,6,2
12559,7,2
12560,4,2
12561,5,2
12562,5,2
12563,6,2
12564,5,2
12565,6,2
12566,6,2
12567,7,2
12568,5,2
12569,6,2
12570,6,2
12571,7,2
12572,6,2
12573,7,2
12574,7,2
12575,8,2
12576,4,2
12577,5,3
12578,5,2
12579,6,2
12580,5,2
12581,6,2
12582,6,2
12583,7,2
12584,5,2
12585,6,2
12586,6,2
12587,7,2
12588,6,2
12589,7,2
12590,7,2
12591,8,2
12592,5,2
12593,6,2
12594,6,2
12595,7,2
12596,6,2
12597,7,2
12598,7,2
12599,8,2
12600,6,2
12601,7,2
12602,7,2
12603,8,2
12604,7,2
12605,8,2
12606,8,2
12607,9,2
12608,4,2
12609,5,2
12610,5,2
12611,6,2
12612,5,2
12613,6,2
12614,6,2
12615,7,2
12616,5,2
12617,6,2
12618,6,2
12619,7,2
12620,6,2
12621,7,2
12622,7,2
12623,8,2
12624,5,2
12625,6,2
12626,6,2
12627,7,2
12628,6,2
12629,7,2
12630,7,2
12631,8,2
12632,6,2
12633,7,2
12634,7,2
12635,8,2
12636,7,2
12637,8,2
12638,8,2
12639,9,2
12640,5,2
12641,6,2
12642,6,2
12643,7,2
12644,6,2
12645,7,2
12646,7,2
12647,8,2
12648,6,2
12649,7,2
12650,7,2
12651,8,2
12652,7,2
12653,8,2
12654,8,2
12655,9,2
12656,6,2
12657,7,2
12658,7,2
12659,8,2
12660,7,2
12661,8,2
12662,8,2
12663,9,2
12664,7,2
12665,8,2
12666,8,2
12667,9,2
12668,8,2
12669,9,2
12670,9,2
12671,10,2
12672,4,2
12673,5,2
12674,5,2
12675,6,2
12676,5,2
12677,6,2
12678,6,2
12679,7,2
12680,5,2
12681,6,2
12682,6,2
12683,7,2
12684,6,2
12685,7,2
12686,7,2
12687,8,2
12688,5,2
12689,6,2
12690,6,2
12691,7,2
12692,6,2
12693,7,2
12694,7,2
12695,8,2
12696,6,2
12697,7,2
12698,7,2
12699,8,2
12700,7,2
12701,8,2
12702,8,2
12703,9,2
12704,5,2
12705,6,2
12706,6,2
12707,7,2
12708,6,2
12709,7,2
12710,7,2
12711,8,2
12712,6,2
12713,7,2
12714,7,2
12715,8,2
12716,7,2
12717,8,2
12718,8,2
12719,9,2
12720,6,2
12721,7,2
12722,7,2
12723,8,2
12724,7,2
12725,8,2
12726,8,2
12727,9,2
12728,7,2
12729,8,2
12730,8,2
12731,9,2
12732,8,2
12733,9,2
12734,9,2
12735,10,2
12736,5,2
12737,6,2
12738,6,2
12739,7,2
12740,6,2
12741,7,2
12742,7,2
12743,8,2
12744,6,2
12745,7,2
12746,7,2
12747,8,2
12748,7,2
12749,8,2
12750,8,2
12751,9,2
12752,6,2
12753,7,2
12754,7,2
12755,8,2
12756,7,2
12757,8,2
12758,8,2
12759,9,2
12760,7,2
12761,8,2
12762,8,2
12763,9,2
12764,8,2
12765,9,2
12766,9,2
12767,10,2
12768,6,2
12769,7,2
12770,7,2
12771,8,2
12772,7,2
12773,8,2
12774,8,2
12775,9,2
12776,7,2
12777,8,2
12778,8,2
12779,9,2
12780,8,2
12781,9,2
12782,9,2
12783,10,2
12784,7,2
12785,8,2
12786,8,2
12787,9,2
12788,8,2
12789,9,2
12790,9,2
12791,10,2
12792,8,2
12793,9,2
12794,9,2
12795,10,2
12796,9,2
12797,10,2
12798,10,2
12799,11,2
12800,3,2
12801,4,2
12802,4,2
12803,5,2
12804,4,2
12805,5,2
12806,5,2
12807,6,2
12808,4,2
12809,5,2
12810,5,2
12811,6,2
12812,5,2
12813,6,2
12814,6,2
12815,7,2
12816,4,2
12817,5,2
12818,5,3
12819,6,2
12820,5,2
12821,6,2
12822,6,2
12823,7,2
12824,5,2
12825,6,2
12826,6,2
12827,7,2
12828,6,2
12829,7,2
12830,7,2
12831,8,2
12832,4,2
12833,5,2
12834,5,2
12835,6,2
12836,5,2
12837,6,2
12838,6,2
12839,7,2
12840,5,2
12841,6,2
12842,6,2
12843,7,2
12844,6,2
12845,7,2
12846,7,2
12847,8,2
12848,5,2
12849,6,2
12850,6,2
12851,7,2
12852,6,2
12853,7,2
12854,7,2
12855,8,2
12856,6,2
12857,7,2
12858,7,2
12859,8,2
12860,7,2
12861,8,2
12862,8,2
12863,9,2
12864,4,2
12865,5,2
12866,5,2
12867,6,2
12868,5,2
12869,6,2
12870,6,2
12871,7,2
12872,5,2
12873,6,2
12874,6,2
12875,7,2
12876,6,2
12877,7,2
12878,7,2
12879,8,2
12880,5,2
12881,6,2
12882,6,2
12883,7,2
12884,6,2
12885,7,2
12886,7,2
12887,8,2
12888,6,2
12889,7,2
12890,7,2
12891,8,2
12892,7,2
12893,8,2
12894,8,2
12895,9,2
12896,5,2
12897,6,2
12898,6,2
12899,7,2
12900,6,2
12901,7,2
12902,7,2
12903,8,2
12904,6,2
12905,7,2
12906,7,2
12907,8,2
12908,7,2
12909,8,2
12910,8,2
12911,9,2
12912,6,2
12913,7,2
12914,7,2
12915,8,2
12916,7,2
12917,8,2
12918,8,2
12919,9,2
12920,7,2
12921,8,2
12922,8,2
12923,9,2
12924,8,2
12925,9,2
12926,9,2
12927,10,2
12928,4,2
12929,5,2
12930,5,2
12931,6,2
12932,5,2
12933,6,2
12934,6,2
12935,7,2
12936,5,2
12937,6,2
12938,6,2
12939,7,2
12940,6,2
12941,7,2
12942,7,2
12943,8,2
12944,5,2
12945,6,2
12946,6,2
12947,7,2
12948,6,2
12949,7,2
12950,7,2
12951,8,2
12952,6,2
12953,7,2
12954,7,2
12955,8,2
12956,7,2
12957,8,2
12958,8,2
12959,9,2
12960,5,2
12961,6,2
12962,6,2
12963,7,2
12964,6,2
12965,7,2
12966,7,2
12967,8,2
12968,6,2
12969,7,2
12970,7,2
12971,8,2
12972,7,2
12973,8,2
12974,8,2
12975,9,2
12976,6,2
12977,7,2
12978,7,2
12979,8,2
12980,7,2
12981,8,2
12982,8,2
12983,9,2
12984,7,2
12985,8,2
12986,8,2
12987,9,2
12988,8,2
12989,9,2
12990,9,2
12991,10,2
12992,5,2
12993,6,2
12994,6,2
12995,7,2
12996,6,2
12997,7,2
12998,7,2
12999,8,2
13000,6,2
13001,7,2
13002,7,2
13003,8,2
13004,7,2
13005,8,2
13006,8,2
13007,9,2
13008,6,2
13009,7,2
13010,7,2
13011,8,2
13012,7,2
13013,8,2
13014,8,2
13015,9,2
13016,7,2
13017,8,2
13018,8,2
13019,9,2
13020,8,2
13021,9,2
13022,9,2
13023,10,2
13024,6,2
13025,7,2
13026,7,2
13027,8,2
13028,7,2
13029,8,2
13030,8,2
13031,9,2
13032,7,2
13033,8,2
13034,8,2
13035,9,2
13036,8,2
13037,9,2
13038,9,2
13039,10,2
13040,7,2
13041,8,2
13042,8,2
13043,9,2
13044,8,2
13045,9,2
13046,9,2
13047,10,2
13048,8,2
13049,9,2
13050,9,2
13051,10,2
13052,9,2
13053,10,2
13054,10,2
13055,11,2
13056,4,2
13057,5,2
13058,5,2
13059,6,2
13060,5,2
13061,6,2
13062,6,2
13063,7,2
13064,5,2
13065,6,2
13066,6,2
13067,7,2
13068,6,2
13069,7,2
13070,7,2
13071,8,2
13072,5,2
13073,6,2
13074,6,2
13075,7,2
13076,6,2
13077,7,2
13078,7,2
13079,8,2
13080,6,2
13081,7,2
13082,7,2
13083,8,2
13084,7,2
13085,8,2
13086,8,2
13087,9,2
13088,5,2
13089,6,2
13090,6,2
13091,7,2
13092,6,2
13093,7,2
13094,7,2
13095,8,2
13096,6,2
13097,7,2
13098,7,2
13099,8,2
13100,7,2
13101,8,2
13102,8,2
13103,9,2
13104,6,2
13105,7,2
13106,7,2
13107,8,2
13108,7,2
13109,8,2
13110,8,2
13111,9,2
13112,7,2
13113,8,2
13114,8,2
13115,9,2
13116,8,2
13117,9,2
13118,9,2
13119,10,2
13120,5,2
13121,6,2
13122,6,2
13123,7,2
13124,6,2
13125,7,2
13126,7,2
13127,8,2
13128,6,2
13129,7,2
13130,7,2
13131,8,2
13132,7,2
13133,8,2
13134,8,2
13135,9,2
13136,6,2
13137,7,2
13138,7,2
13139,8,2
13140,7,2
13141,8,2
13142,8,2
13143,9,2
13144,7,2
13145,8,2
13146,8,2
13147,9,2
13148,8,2
13149,9,2
13150,9,2
13151,10,2
13152,6,2
13153,7,2
13154,7,2
13155,8,2
13156,7,2
13157,8,2
13158,8,2
13159,9,2
13160,7,2
13161,8,2
13162,8,2
13163,9,2
13164,8,2
13165,9,2
13166,9,2
13167,10,2
13168,7,2
13169,8,2
13170,8,2
13171,9,2
13172,8,2
13173,9,2
13174,9,2
13175,10,2
13176,8,2
13177,9,2
13178,9,2
13179,10,2
13180,9,2
13181,10,2
13182,10,2
13183,11,2
13184,5,2
13185,6,2
13186,6,2
13187,7,2
13188,6,2
13189,7,2
13190,7,2
13191,8,2
13192,6,2
13193,7,2
13194,7,2
13195,8,2
13196,7,2
13197,8,2
13198,8,2
13199,9,2
13200,6,2
13201,7,2
13202,7,2
13203,8,2
13204,7,2
13205,8,2
13206,8,2
13207,9,2
13208,7,2
13209,8,2
13210,8,2
13211,9,2
13212,8,2
13213,9,2
13214,9,2
13215,10,2
13216,6,2
13217,7,2
13218,7,2
13219,8,2
13220,7,2
13221,8,2
13222,8,2
13223,9,2
13224,7,2
13225,8,2
13226,8,2
13227,9,2
13228,8,2
13229,9,2
13230,9,2
13231,10,2
13232,7,2
13233,8,2
13234,8,2
13235,9,2
13236,8,2
13237,9,2
13238,9,2
13239,10,2
13240,8,2
13241,9,2
13242,9,2
13243,10,2
13244,9,2
13245,10,2
13246,10,2
13247,11,2
13248,6,2
13249,7,2
13250,7,2
13251,8,2
13252,7,2
13253,8,2
13254,8,2
13255,9,2
13256,7,2
13257,8,2
13258,8,2
13259,9,2
13260,8,2
13261,9,2
13262,9,2
13263,10,2
13264,7,2
13265,8,2
13266,8,2
13267,9,2
13268,8,2
13269,9,2
13270,9,2
13271,10,2
13272,8,2
13273,9,2
13274,9,2
13275,10,2
13276,9,2
13277,10,2
13278,10,2
13279,11,2
13280,7,2
13281,8,2
13282,8,2
13283,9,2
13284,8,2
13285,9,2
13286,9,2
13287,10,2
13288,8,2
13289,9,2
13290,9,2
13291,10,2
13292,9,2
13293,10,2
13294,10,2
13295,11,2
13296,8,2
13297,9,2
13298,9,2
13299,10,2
13300,9,2
13301,10,2
13302,10,2
13303,11,2
13304,9,2
13305,10,2
13306,10,2
13307,11,2
13308,10,2
13309,11,2
13310,11,2
13311,12,2
13312,3,2
13313,4,2
13314,4,2
13315,5,2
13316,4,2
13317,5,2
13318,5,2
13319,6,2
13320,4,2
13321,5,2
13322,5,2
13323,6,2
13324,5,2
13325,6,2
13326,6,2
13327,7,2
13328,4,2
13329,5,2
13330,5,2
13331,6,2
13332,5,2
13333,6,2
13334,6,2
13335,7,2
13336,5,2
13337,6,2
13338,6,2
13339,7,2
13340,6,2
13341,7,2
13342,7,2
13343,8,2
13344,4,2
13345,5,2
13346,5,3
13347,6,2
13348,5,2
13349,6,2
13350,6,2
13351,7,2
13352,5,2
13353,6,2
13354,6,2
13355,7,2
13356,6,2
13357,7,2
13358,7,2
13359,8,2
13360,5,2
13361,6,2
13362,6,2
13363,7,2
13364,6,2
13365,7,2
13366,7,2
13367,8,2
13368,6,2
13369,7,2
13370,7,2
13371,8,2
13372,7,2
13373,8,2
13374,8,2
13375,9,2
13376,4,2
13377,5,2
13378,5,2
13379,6,2
13380,5,2
13381,6,2
13382,6,2
13383,7,2
13384,5,2
13385,6,2
13386,6,2
13387,7,2
13388,6,2
13389,7,2
13390,7,2
13391,8,2
13392,5,2
13393,6,2
13394,6,2
13395,7,2
13396,6,2
13397,7,2
13398,7,2
13399,8,2
13400,6,2
13401,7,2
13402,7,2
13403,8,2
13404,7,2
13405,8,2
13406,8,2
13407,9,2
13408,5,2
13409,6,2
13410,6,2
13411,7,2
13412,6,2
13413,7,2
13414,7,2
13415,8,2
13416,6,2
13417,7,2
13418,7,2
13419,8,2
13420,7,2
13421,8,2
13422,8,2
13423,9,2
13424,6,2
13425,7,2
13426,7,2
13427,8,2
13428,7,2
13429,8,2
13430,8,2
13431,9,2
13432,7,2
13433,8,2
13434,8,2
13435,9,2
13436,8,2
13437,9,2
13438,9,2
13439,10,2
13440,4,2
13441,5,2
13442,5,2
13443,6,2
13444,5,2
13445,6,2
13446,6,2
13447,7,2
13448,5,2
13449,6,2
13450,6,2
13451,7,2
13452,6,2
13453,7,2
13454,7,2
13455,8,2
13456,5,2
13457,6,2
13458,6,2
13459,7,2
13460,6,2
13461,7,2
13462,7,2
13463,8,2
13464,6,2
13465,7,2
13466,7,2
13467,8,2
13468,7,2
13469,8,2
13470,8,2
13471,9,2
13472,5,2
13473,6,2
13474,6,2
13475,7,2
13476,6,2
13477,7,2
13478,7,2
13479,8,2
13480,6,2
13481,7,2
13482,7,2
13483,8,2
13484,7,2
13485,8,2
13486,8,2
13487,9,2
13488,6,2
13489,7,2
13490,7,2
13491,8,2
13492,7,2
13493,8,2
13494,8,2
13495,9,2
13496,7,2
13497,8,2
13498,8,2
13499,9,2
13500,8,2
13501,9,2
13502,9,2
13503,10,2
13504,5,2
13505,6,2
13506,6,2
13507,7,2
13508,6,2
13509,7,2
13510,7,2
13511,8,2
13512,6,2
13513,7,2
13514,7,2
13515,8,2
13516,7,2
13517,8,2
13518,8,2
13519,9,2
13520,6,2
13521,7,2
13522,7,2
13523,8,2
13524,7,2
13525,8,2
13526,8,2
13527,9,2
13528,7,2
13529,8,2
13530,8,2
13531,9,2
13532,8,2
13533,9,2
13534,9,2
13535,10,2
13536,6,2
13537,7,2
13538,7,2
13539,8,2
13540,7,2
13541,8,2
13542,8,2
13543,9,2
13544,7,2
13545,8,2
13546,8,2
13547,9,2
13548,8,2
13549,9,2
13550,9,2
13551,10,2
13552,7,2
13553,8,2
13554,8,2
13555,9,2
13556,8,2
13557,9,2
13558,9,2
13559,10,2
13560,8,2
13561,9,2
13562,9,2
13563,10,2
13564,9,2
13565,10,2
13566,10,2
13567,11,2
13568,4,2
13569,5,2
13570,5,2
13571,6,2
13572,5,2
13573,6,2
13574,6,2
13575,7,2
13576,5,2
13577,6,2
13578,6,2
13579,7,2
13580,6,2
13581,7,2
13582,7,2
13583,8,2
13584,5,2
13585,6,2
13586,6,2
13587,7,2
13588,6,2
13589,7,2
13590,7,2
13591,8,2
13592,6,2
13593,7,2
13594,7,2
13595,8,2
13596,7,2
13597,8,2
13598,8,2
13599,9,2
13600,5,2
13601,6,2
13602,6,2
13603,7,2
13604,6,2
13605,7,2
13606,7,2
13607,8,2
13608,6,2
13609,7,2
13610,7,2
13611,8,2
13612,7,2
13613,8,2
13614,8,2
13615,9,2
13616,6,2
13617,7,2
13618,7,2
13619,8,2
13620,7,2
13621,8,2
13622,8,2
13623,9,2
13624,7,2
13625,8,2
13626,8,2
13627,9,2
13628,8,2
13629,9,2
13630,9,2
13631,10,2
13632,5,2
13633,6,2
13634,6,2
13635,7,2
13636,6,2
13637,7,2
13638,7,2
13639,8,2
13640,6,2
13641,7,2
13642,7,2
13643,8,2
13644,7,2
13645,8,2
13646,8,2
13647,9,2
13648,6,2
13649,7,2
13650,7,2
13651,8,2
13652,7,2
13653,8,2
13654,8,2
13655,9,2
13656,7,2
13657,8,2
13658,8,2
13659,9,2
13660,8,2
13661,9,2
13662,9,2
13663,10,2
13664,6,2
13665,7,2
13666,7,2
13667,8,2
13668,7,2
13669,8,2
13670,8,2
13671,9,2
13672,7,2
13673,8,2
13674,8,2
13675,9,2
13676,8,2
13677,9,2
13678,9,2
13679,10,2
13680,7,2
13681,8,2
13682,8,2
13683,9,2
13684,8,2
13685,9,2
13686,9,2
13687,10,2
13688,8,2
13689,9,2
13690,9,2
13691,10,2
13692,9,2
13693,10,2
13694,10,2
13695,11,2
13696,5,2
13697,6,2
13698,6,2
13699,7,2
13700,6,2
13701,7,2
13702,7,2
13703,8,2
13704,6,2
13705,7,2
13706,7,2
13707,8,2
13708,7,2
13709,8,2
13710,8,2
13711,9,2
13712,6,2
13713,7,2
13714,7,2
13715,8,2
13716,7,2
13717,8,2
13718,8,2
13719,9,2
13720,7,2
13721,8,2
13722,8,2
13723,9,2
13724,8,2
13725,9,2
13726,9,2
13727,10,2
13728,6,2
13729,7,2
13730,7,2
13731,8,2
13732,7,2
13733,8,2
13734,8,2
13735,9,2
13736,7,2
13737,8,2
13738,8,2
13739,9,2
13740,8,2
13741,9,2
13742,9,2
13743,10,2
13744,7,2
13745,8,2
13746,8,2
13747,9,2
13748,8,2
13749,9,2
13750,9,2
13751,10,2
13752,8,2
13753,9,2
13754,9,2
13755,10,2
13756,9,2
13757,10,2
13758,10,2
13759,11,2
13760,6,2
13761,7,2
13762,7,2
13763,8,2
13764,7,2
13765,8,2
13766,8,2
13767,9,2
13768,7,2
13769,8,2
13770,8,2
13771,9,2
13772,8,2
13773,9,2
13774,9,2
13775,10,2
13776,7,2
13777,8,2
13778,8,2
13779,9,2
13780,8,2
13781,9,2
13782,9,2
13783,10,2
13784,8,2
13785,9,2
13786,9,2
13787,10,2
13788,9,2
13789,10,2
13790,10,2
13791,11,2
13792,7,2
13793,8,2
13794,8,2
13795,9,2
13796,8,2
13797,9,2
13798,9,2
13799,10,2
13800,8,2
13801,9,2
13802,9,2
13803,10,2
13804,9,2
13805,10,2
13806,10,2
13807,11,2
13808,8,2
13809,9,2
13810,9,2
13811,10,2
13812,9,2
13813,10,2
13814,10,2
13815,11,2
13816,9,2
13817,10,2
13818,10,2
13819,11,2
13820,10,2
13821,11,2
13822,11,2
13823,12,2
13824,4,2
13825,5,2
13826,5,2
13827,6,2
13828,5,2
13829,6,2
13830,6,2
13831,7,2
13832,5,2
13833,6,2
13834,6,2
13835,7,2
13836,6,2
13837,7,2
13838,7,2
13839,8,2
13840,5,2
13841,6,2
13842,6,2
13843,7,2
13844,6,2
13845,7,2
13846,7,2
13847,8,2
13848,6,2
13849,7,2
13850,7,2
13851,8,2
13852,7,2
13853,8,2
13854,8,2
13855,9,2
13856,5,2
13857,6,2
13858,6,2
13859,7,2
13860,6,2
13861,7,2
13862,7,2
13863,8,2
13864,6,2
13865,7,2
13866,7,2
13867,8,2
13868,7,2
13869,8,2
13870,8,2
13871,9,2
13872,6,2
13873,7,2
13874,7,2
13875,8,2
13876,7,2
13877,8,2
13878,8,2
13879,9,2
13880,7,2
13881,8,2
13882,8,2
13883,9,2
13884,8,2
13885,9,2
13886,9,2
13887,10,2
13888,5,2
13889,6,2
13890,6,2
13891,7,2
13892,6,2
13893,7,2
13894,7,2
13895,8,2
13896,6,2
13897,7,2
13898,7,2
13899,8,2
13900,7,2
13901,8,2
13902,8,2
13903,9,2
13904,6,2
13905,7,2
13906,7,2
13907,8,2
13908,7,2
13909,8,2
13910,8,2
13911,9,2
13912,7,2
13913,8,2
13914,8,2
13915,9,2
13916,8,2
13917,9,2
13918,9,2
13919,10,2
13920,6,2
13921,7,2
13922,7,2
13923,8,2
13924,7,2
13925,8,2
13926,8,2
13927,9,2
13928,7,2
13929,8,2
13930,8,2
13931,9,2
13932,8,2
13933,9,2
13934,9,2
13935,10,2
13936,7,2
13937,8,2
13938,8,2
13939,9,2
13940,8,2
13941,9,2
13942,9,2
13943,10,2
13944,8,2
13945,9,2
13946,9,2
13947,10,2
13948,9,2
13949,10,2
13950,10,2
13951,11,2
13952,5,2
13953,6,2
13954,6,2
13955,7,2
13956,6,2
13957,7,2
13958,7,2
13959,8,2
13960,6,2
13961,7,2
13962,7,2
13963,8,2
13964,7,2
13965,8,2
13966,8,2
13967,9,2
13968,6,2
13969,7,2
13970,7,2
13971,8,2
13972,7,2
13973,8,2
13974,8,2
13975,9,2
13976,7,2
13977,8,2
13978,8,2
13979,9,2
13980,8,2
13981,9,2
13982,9,2
13983,10,2
13984,6,2
13985,7,2
13986,7,2
13987,8,2
13988,7,2
13989,8,2
13990,8,2
13991,9,2
13992,7,2
13993,8,2
13994,8,2
13995,9,2
13996,8,2
13997,9,2
13998,9,2
13999,10,2
14000,7,2
14001,8,2
14002,8,2
14003,9,2
14004,8,2
14005,9,2
14006,9,2
14007,10,2
14008,8,2
14009,9,2
14010,9,2
14011,10,2
14012,9,2
14013,10,2
14014,10,2
14015,11,2
14016,6,2
14017,7,2
14018,7,2
14019,8,2
14020,7,2
14021,8,2
14022,8,2
14023,9,2
14024,7,2
14025,8,2
14026,8,2
14027,9,2
14028,8,2
14029,9,2
14030,9,2
14031,10,2
14032,7,2
14033,8,2
14034,8,2
14035,9,2
14036,8,2
14037,9,2
14038,9,2
14039,10,2
14040,8,2
14041,9,2
14042,9,2
14043,10,2
14044,9,2
14045,10,2
14046,10,2
14047,11,2
14048,7,2
14049,8,2
14050,8,2
14051,9,2
14052,8,2
14053,9,2
14054,9,2
14055,10,2
14056,8,2
14057,9,2
14058,9,2
14059,10,2
14060,9,2
14061,10,2
14062,10,2
14063,11,2
14064,8,2
14065,9,2
14066,9,2
14067,10,2
14068,9,2
14069,10,2
14070,10,2
14071,11,2
14072,9,2
14073,10,2
14074,10,2
14075,11,2
14076,10,2
14077,11,2
14078,11,2
14079,12,2
14080,5,2
14081,6,2
14082,6,2
14083,7,2
14084,6,2
14085,7,2
14086,7,2
14087,8,2
14088,6,2
14089,7,2
14090,7,2
14091,8,2
14092,7,2
14093,8,2
14094,8,2
14095,9,2
14096,6,2
14097,7,2
14098,7,2
14099,8,2
14100,7,2
14101,8,2
14102,8,2
14103,9,2
14104,7,2
14105,8,2
14106,8,2
14107,9,2
14108,8,2
14109,9,2
14110,9,2
14111,10,2
14112,6,2
14113,7,2
14114,7,2
14115,8,2
14116,7,2
14117,8,2
14118,8,2
14119,9,2
14120,7,2
14121,8,2
14122,8,2
14123,9,2
14124,8,2
14125,9,2
14126,9,2
14127,10,2
14128,7,2
14129,8,2
14130,8,2
14131,9,2
14132,8,2
14133,9,2
14134,9,2
14135,10,2
14136,8,2
14137,9,2
14138,9,2
14139,10,2
14140,9,2
14141,10,2
14142,10,2
14143,11,2
14144,6,2
14145,7,2
14146,7,2
14147,8,2
14148,7,2
14149,8,2
14150,8,2
14151,9,2
14152,7,2
14153,8,2
14154,8,2
14155,9,2
14156,8,2
14157,9,2
14158,9,2
14159,10,2
14160,7,2
14161,8,2
14162,8,2
14163,9,2
14164,8,2
14165,9,2
14166,9,2
14167,10,2
14168,8,2
14169,9,2
14170,9,2
14171,10,2
14172,9,2
14173,10,2
14174,10,2
14175,11,2
14176,7,2
14177,8,2
14178,8,2
14179,9,2
14180,8,2
14181,9,2
14182,9,2
14183,10,2
14184,8,2
14185,9,2
14186,9,2
14187,10,2
14188,9,2
14189,10,2
14190,10,2
14191,11,2
14192,8,2
14193,9,2
14194,9,2
14195,10,2
14196,9,2
14197,10,2
14198,10,2
14199,11,2
14200,9,2
14201,10,2
14202,10,2
14203,11,2
14204,10,2
14205,11,2
14206,11,2
14207,12,2
14208,6,2
14209,7,2
14210,7,2
14211,8,2
14212,7,2
14213,8,2
14214,8,2
14215,9,2
14216,7,2
14217,8,2
14218,8,2
14219,9,2
14220,8,2
14221,9,2
14222,9,2
14223,10,2
14224,7,2
14225,8,2
14226,8,2
14227,9,2
14228,8,2
14229,9,2
14230,9,2
14231,10,2
14232,8,2
14233,9,2
14234,9,2
14235,10,2
14236,9,2
14237,10,2
14238,10,2
14239,11,2
14240,7,2
14241,8,2
14242,8,2
14243,9,2
14244,8,2
14245,9,2
14246,9,2
14247,10,2
14248,8,2
14249,9,2
14250,9,2
14251,10,2
14252,9,2
14253,10,2
14254,10,2
14255,11,2
14256,8,2
14257,9,2
14258,9,2
14259,10,2
14260,9,2
14261,10,2
14262,10,2
14263,11,2
14264,9,2
14265,10,2
14266,10,2
14267,11,2
14268,10,2
14269,11,2
14270,11,2
14271,12,2
14272,7,2
14273,8,2
14274,8,2
14275,9,2
14276,8,2
14277,9,2
14278,9,2
14279,10,2
14280,8,2
14281,9,2
14282,9,2
14283,10,2
14284,9,2
14285,10,2
14286,10,2
14287,11,2
14288,8,2
14289,9,2
14290,9,2
14291,10,2
14292,9,2
14293,10,2
14294,10,2
14295,11,2
14296,9,2
14297,10,2
14298,10,2
14299,11,2
14300,10,2
14301,11,2
14302,11,2
14303,12,2
14304,8,2
14305,9,2
14306,9,2
14307,10,2
14308,9,2
14309,10,2
14310,10,2
14311,11,2
14312,9,2
14313,10,2
14314,10,2
14315,11,2
14316,10,2
14317,11,2
14318,11,2
14319,12,2
14320,9,2
14321,10,2
14322,10,2
14323,11,2
14324,10,2
14325,11,2
14326,11,2
14327,12,2
14328,10,2
14329,11,2
14330,11,2
14331,12,2
14332,11,2
14333,12,2
14334,12,2
14335,13,2
14336,3,2
14337,4,2
14338,4,2
14339,5,2
14340,4,2
14341,5,2
14342,5,2
14343,6,2
14344,4,2
14345,5,2
14346,5,2
14347,6,2
14348,5,2
14349,6,2
14350,6,2
14351,7,2
14352,4,2
14353,5,2
14354,5,2
14355,6,2
14356,5,2
14357,6,2
14358,6,2
14359,7,2
14360,5,2
14361,6,2
14362,6,2
14363,7,2
14364,6,2
14365,7,2
14366,7,2
14367,8,2
14368,4,2
14369,5,2
14370,5,2
14371,6,2
14372,5,2
14373,6,2
14374,6,2
14375,7,2
14376,5,2
14377,6,2
14378,6,2
14379,7,2
14380,6,2
14381,7,2
14382,7,2
14383,8,2
14384,5,2
14385,6,2
14386,6,2
14387,7,2
14388,6,2
14389,7,2
14390,7,2
14391,8,2
14392,6,2
14393,7,2
14394,7,2
14395,8,2
14396,7,2
14397,8,2
14398,8,2
14399,9,2
14400,4,2
14401,5,2
14402,5,2
14403,6,2
14404,5,2
14405,6,2
14406,6,2
14407,7,2
14408,5,2
14409,6,2
14410,6,2
14411,7,2
14412,6,2
14413,7,2
14414,7,2
14415,8,2
14416,5,2
14417,6,2
14418,6,2
14419,7,2
14420,6,2
14421,7,2
14422,7,2
14423,8,2
14424,6,2
14425,7,2
14426,7,2
14427,8,2
14428,7,2
14429,8,2
14430,8,2
14431,9,2
14432,5,2
14433,6,2
14434,6,2
14435,7,2
14436,6,2
14437,7,2
14438,7,2
14439,8,2
14440,6,2
14441,7,2
14442,7,2
14443,8,2
14444,7,2
14445,8,2
14446,8,2
14447,9,2
14448,6,2
14449,7,2
14450,7,2
14451,8,2
14452,7,2
14453,8,2
14454,8,2
14455,9,2
14456,7,2
14457,8,2
14458,8,2
14459,9,2
14460,8,2
14461,9,2
14462,9,2
14463,10,2
14464,4,2
14465,5,2
14466,5,2
14467,6,2
14468,5,2
14469,6,2
14470,6,2
14471,7,2
14472,5,2
14473,6,2
14474,6,2
14475,7,2
14476,6,2
14477,7,2
14478,7,2
14479,8,2
14480,5,2
14481,6,2
14482,6,2
14483,7,2
14484,6,2
14485,7,2
14486,7,2
14487,8,2
14488,6,2
14489,7,2
14490,7,2
14491,8,2
14492,7,2
14493,8,2
14494,8,2
14495,9,2
14496,5,2
14497,6,2
14498,6,2
14499,7,2
14500,6,2
14501,7,2
14502,7,2
14503,8,2
14504,6,2
14505,7,2
14506,7,2
14507,8,2
14508,7,2
14509,8,2
14510,8,2
14511,9,2
14512,6,2
14513,7,2
14514,7,2
14515,8,2
14516,7,2
14517,8,2
14518,8,2
14519,9,2
14520,7,2
14521,8,2
14522,8,2
14523,9,2
14524,8,2
14525,9,2
14526,9,2
14527,10,2
14528,5,2
14529,6,2
14530,6,2
14531,7,2
14532,6,2
14533,7,2
14534,7,2
14535,8,2
14536,6,2
14537,7,2
14538,7,2
14539,8,2
14540,7,2
14541,8,2
14542,8,2
14543,9,2
14544,6,2
14545,7,2
14546,7,2
14547,8,2
14548,7,2
14549,8,2
14550,8,2
14551,9,2
14552,7,2
14553,8,2
14554,8,2
14555,9,2
14556,8,2
14557,9,2
14558,9,2
14559,10,2
14560,6,2
14561,7,2
14562,7,2
14563,8,2
14564,7,2
14565,8,2
14566,8,2
14567,9,2
14568,7,2
14569,8,2
14570,8,2
14571,9,2
14572,8,2
14573,9,2
14574,9,2
14575,10,2
14576,7,2
14577,8,2
14578,8,2
14579,9,2
14580,8,2
14581,9,2
14582,9,2
14583,10,2
14584,8,2
14585,9,2
14586,9,2
14587,10,2
14588,9,2
14589,10,2
14590,10,2
14591,11,2
14592,4,2
14593,5,2
14594,5,2
14595,6,2
14596,5,2
14597,6,2
14598,6,2
14599,7,2
14600,5,2
14601,6,2
14602,6,2
14603,7,2
14604,6,2
14605,7,2
14606,7,2
14607,8,2
14608,5,2
14609,6,2
14610,6,2
14611,7,2
14612,6,2
14613,7,2
14614,7,2
14615,8,2
14616,6,2
14617,7,2
14618,7,2
14619,8,2
14620,7,2
14621,8,2
14622,8,2
14623,9,2
14624,5,2
14625,6,2
14626,6,2
14627,7,2
14628,6,2
14629,7,2
14630,7,2
14631,8,2
14632,6,2
14633,7,2
14634,7,2
14635,8,2
14636,7,2
14637,8,2
14638,8,2
14639,9,2
14640,6,2
14641,7,2
14642,7,2
14643,8,2
14644,7,2
14645,8,2
14646,8,2
14647,9,2
14648,7,2
14649,8,2
14650,8,2
14651,9,2
14652,8,2
14653,9,2
14654,9,2
14655,10,2
14656,5,2
14657,6,2
14658,6,2
14659,7,2
14660,6,2
14661,7,2
14662,7,2
14663,8,2
14664,6,2
14665,7,2
14666,7,2
14667,8,2
14668,7,2
14669,8,2
14670,8,2
14671,9,2
14672,6,2
14673,7,2
14674,7,2
14675,8,2
14676,7,2
14677,8,2
14678,8,2
14679,9,2
14680,7,2
14681,8,2
14682,8,2
14683,9,2
14684,8,2
14685,9,2
14686,9,2
14687,10,2
14688,6,2
14689,7,2
14690,7,2
14691,8,2
14692,7,2
14693,8,2
14694,8,2
14695,9,2
14696,7,2
14697,8,2
14698,8,2
14699,9,2
14700,8,2
14701,9,2
14702,9,2
14703,10,2
14704,7,2
14705,8,2
14706,8,2
14707,9,2
14708,8,2
14709,9,2
14710,9,2
14711,10,2
14712,8,2
14713,9,2
14714,9,2
14715,10,2
14716,9,2
14717,10,2
14718,10,2
14719,11,2
14720,5,2
14721,6,2
14722,6,2
14723,7,2
14724,6,2
14725,7,2
14726,7,2
14727,8,2
14728,6,2
14729,7,2
14730,7,2
14731,8,2
14732,7,2
14733,8,2
14734,8,2
14735,9,2
14736,6,2
14737,7,2
14738,7,2
14739,8,2
14740,7,2
14741,8,2
14742,8,2
14743,9,2
14744,7,2
14745,8,2
14746,8,2
14747,9,2
14748,8,2
14749,9,2
14750,9,2
14751,10,2
14752,6,2
14753,7,2
14754,7,2
14755,8,2
14756,7,2
14757,8,2
14758,8,2
14759,9,2
14760,7,2
14761,8,2
14762,8,2
14763,9,2
14764,8,2
14765,9,2
14766,9,2
14767,10,2
14768,7,2
14769,8,2
14770,8,2
14771,9,2
14772,8,2
14773,9,2
14774,9,2
14775,10,2
14776,8,2
14777,9,2
14778,9,2
14779,10,2
14780,9,2
14781,10,2
14782,10,2
14783,11,2
14784,6,2
14785,7,2
14786,7,2
14787,8,2
14788,7,2
14789,8,2
14790,8,2
14791,9,2
14792,7,2
14793,8,2
14794,8,2
14795,9,2
14796,8,2
14797,9,2
14798,9,2
14799,10,2
14800,7,2
14801,8,2
14802,8,2
14803,9,2
14804,8,2
14805,9,2
14806,9,2
14807,10,2
14808,8,2
14809,9,2
14810,9,2
14811,10,2
14812,9,2
14813,10,2
14814,10,2
14815,11,2
14816,7,2
14817,8,2
14818,8,2
14819,9,2
14820,8,2
14821,9,2
14822,9,2
14823,10,2
14824,8,2
14825,9,2
14826,9,2
14827,10,2
14828,9,2
14829,10,2
14830,10,2
14831,11,2
14832,8,2
14833,9,2
14834,9,2
14835,10,2
14836,9,2
14837,10,2
14838,10,2
14839,11,2
14840,9,2
14841,10,2
14842,10,2
14843,11,2
14844,10,2
14845,11,2
14846,11,2
14847,12,2
14848,4,2
14849,5,2
14850,5,2
14851,6,2
14852,5,2
14853,6,2
14854,6,2
14855,7,2
14856,5,2
14857,6,2
14858,6,2
14859,7,2
14860,6,2
14861,7,2
14862,7,2
14863,8,2
14864,5,2
14865,6,2
14866,6,2
14867,7,2
14868,6,2
14869,7,2
14870,7,2
14871,8,2
14872,6,2
14873,7,2
14874,7,2
14875,8,2
14876,7,2
14877,8,2
14878,8,2
14879,9,2
14880,5,2
14881,6,2
14882,6,2
14883,7,2
14884,6,2
14885,7,2
14886,7,2
14887,8,2
14888,6,2
14889,7,2
14890,7,2
14891,8,2
14892,7,2
14893,8,2
14894,8,2
14895,9,2
14896,6,2
14897,7,2
14898,7,2
14899,8,2
14900,7,2
14901,8,2
14902,8,2
14903,9,2
14904,7,2
14905,8,2
14906,8,2
14907,9,2
14908,8,2
14909,9,2
14910,9,2
14911,10,2
14912,5,2
14913,6,2
14914,6,2
14915,7,2
14916,6,2
14917,7,2
14918,7,2
14919,8,2
14920,6,2
14921,7,2
14922,7,2
14923,8,2
14924,7,2
14925,8,2
14926,8,2
14927,9,2
14928,6,2
14929,7,2
14930,7,2
14931,8,2
14932,7,2
14933,8,2
14934,8,2
14935,9,2
14936,7,2
14937,8,2
14938,8,2
14939,9,2
14940,8,2
14941,9,2
14942,9,2
14943,10,2
14944,6,2
14945,7,2
14946,7,2
14947,8,2
14948,7,2
14949,8,2
14950,8,2
14951,9,2
14952,7,2
14953,8,2
14954,8,2
14955,9,2
14956,8,2
14957,9,2
14958,9,2
14959,10,2
14960,7,2
14961,8,2
14962,8,2
14963,9,2
14964,8,2
14965,9,2
14966,9,2
14967,10,2
14968,8,2
14969,9,2
14970,9,2
14971,10,2
14972,9,2
14973,10,2
14974,10,2
14975,11,2
14976,5,2
14977,6,2
14978,6,2
14979,7,2
14980,6,2
14981,7,2
14982,7,2
14983,8,2
14984,6,2
14985,7,2
14986,7,2
14987,8,2
14988,7,2
14989,8,2
14990,8,2
14991,9,2
14992,6,2
14993,7,2
14994,7,2
14995,8,2
14996,7,2
14997,8,2
14998,8,2
14999,9,2
15000,7,2
15001,8,2
15002,8,2
15003,9,2
15004,8,2
15005,9,2
15006,9,2
15007,10,2
15008,6,2
15009,7,2
15010,7,2
15011,8,2
15012,7,2
15013,8,2
15014,8,2
15015,9,2
15016,7,2
15017,8,2
15018,8,2
15019,9,2
15020,8,2
15021,9,2
15022,9,2
15023,10,2
15024,7,2
15025,8,2
15026,8,2
15027,9,2
15028,8,2
15029,9,2
15030,9,2
15031,10,2
15032,8,2
15033,9,2
15034,9,2
15035,10,2
15036,9,2
15037,10,2
15038,10,2
15039,11,2
15040,6,2
15041,7,2
15042,7,2
15043,8,2
15044,7,2
15045,8,2
15046,8,2
15047,9,2
15048,7,2
15049,8,2
15050,8,2
15051,9,2
15052,8,2
15053,9,2
15054,9,2
15055,10,2
15056,7,2
15057,8,2
15058,8,2
15059,9,2
15060,8,2
15061,9,2
15062,9,2
15063,10,2
15064,8,2
15065,9,2
15066,9,2
15067,10,2
15068,9,2
15069,10,2
15070,10,2
15071,11,2
15072,7,2
15073,8,2
15074,8,2
15075,9,2
15076,8,2
15077,9,2
15078,9,2
15079,10,2
15080,8,2
15081,9,2
15082,9,2
15083,10,2
15084,9,2
15085,10,2
15086,10,2
15087,11,2
15088,8,2
15089,9,2
15090,9,2
15091,10,2
15092,9,2
15093,10,2
15094,10,2
15095,11,2
15096,9,2
15097,10,2
15098,10,2
15099,11,2
15100,10,2
15101,11,2
15102,11,2
15103,12,2
15104,5,2
15105,6,2
15106,6,2
15107,7,2
15108,6,2
15109,7,2
15110,7,2
15111,8,2
15112,6,2
15113,7,2
15114,7,2
15115,8,2
15116,7,2
15117,8,2
15118,8,2
15119,9,2
15120,6,2
15121,7,2
15122,7,2
15123,8,2
15124,7,2
15125,8,2
15126,8,2
15127,9,2
15128,7,2
15129,8,2
15130,8,2
15131,9,2
15132,8,2
15133,9,2
15134,9,2
15135,10,2
15136,6,2
15137,7,2
15138,7,2
15139,8,2
15140,7,2
15141,8,2
15142,8,2
15143,9,2
15144,7,2
15145,8,2
15146,8,2
15147,9,2
15148,8,2
15149,9,2
15150,9,2
15151,10,2
15152,7,2
15153,8,2
15154,8,2
15155,9,2
15156,8,2
15157,9,2
15158,9,2
15159,10,2
15160,8,2
15161,9,2
15162,9,2
15163,10,2
15164,9,2
15165,10,2
15166,10,2
15167,11,2
15168,6,2
15169,7,2
15170,7,2
15171,8,2
15172,7,2
15173,8,2
15174,8,2
15175,9,2
15176,7,2
15177,8,2
15178,8,2
15179,9,2
15180,8,2
15181,9,2
15182,9,2
15183,10,2
15184,7,2
15185,8,2
15186,8,2
15187,9,2
15188,8,2
15189,9,2
15190,9,2
15191,10,2
15192,8,2
15193,9,2
15194,9,2
15195,10,2
15196,9,2
15197,10,2
15198,10,2
15199,11,2
15200,7,2
15201,8,2
15202,8,2
15203,9,2
15204,8,2
15205,9,2
15206,9,2
15207,10,2
15208,8,2
15209,9,2
15210,9,2
15211,10,2
15212,9,2
15213,10,2
15214,10,2
15215,11,2
15216,8,2
15217,9,2
15218,9,2
15219,10,2
15220,9,2
15221,10,2
15222,10,2
15223,11,2
15224,9,2
15225,10,2
15226,10,2
15227,11,2
15228,10,2
15229,11,2
15230,11,2
15231,12,2
15232,6,2
15233,7,2
15234,7,2
15235,8,2
15236,7,2
15237,8,2
15238,8,2
15239,9,2
15240,7,2
15241,8,2
15242,8,2
15243,9,2
15244,8,2
15245,9,2
15246,9,2
15247,10,2
15248,7,2
15249,8,2
15250,8,2
15251,9,2
15252,8,2
15253,9,2
15254,9,2
15255,10,2
15256,8,2
15257,9,2
15258,9,2
15259,10,2
15260,9,2
15261,10,2
15262,10,2
15263,11,2
15264,7,2
15265,8,2
15266,8,2
15267,9,2
15268,8,2
15269,9,2
15270,9,2
15271,10,2
15272,8,2
15273,9,2
15274,9,2
15275,10,2
15276,9,2
15277,10,2
15278,10,2
15279,11,2
15280,8,2
15281,9,2
15282,9,2
15283,10,2
15284,9,2
15285,10,2
15286,10,2
15287,11,2
15288,9,2
15289,10,2
15290,10,2
15291,11,2
15292,10,2
15293,11,2
15294,11,2
15295,12,2
15296,7,2
15297,8,2
15298,8,2
15299,9,2
15300,8,2
15301,9,2
15302,9,2
15303,10,2
15304,8,2
15305,9,2
15306,9,2
15307,10,2
15308,9,2
15309,10,2
15310,10,2
15311,11,2
15312,8,2
15313,9,2
15314,9,2
15315,10,2
15316,9,2
15317,10,2
15318,10,2
15319,11,2
15320,9,2
15321,10,2
15322,10,2
15323,11,2
15324,10,2
15325,11,2
15326,11,2
15327,12,2
15328,8,2
15329,9,2
15330,9,2
15331,10,2
15332,9,2
15333,10,2
15334,10,2
15335,11,2
15336,9,2
15337,10,2
15338,10,2
15339,11,2
15340,10,2
15341,11,2
15342,11,2
15343,12,2
15344,9,2
15345,10,2
15346,10,2
15347,11,2
15348,10,2
15349,11,2
15350,11,2
15351,12,2
15352,10,2
15353,11,2
15354,11,2
15355,12,2
15356,11,2
15357,12,2
15358,12,2
15359,13,2
15360,4,2
15361,5,2
15362,5,2
15363,6,2
15364,5,2
15365,6,2
15366,6,2
15367,7,2
15368,5,2
15369,6,2
15370,6,2
15371,7,2
15372,6,2
15373,7,2
15374,7,2
15375,8,2
15376,5,2
15377,6,2
15378,6,2
15379,7,2
15380,6,2
15381,7,2
15382,7,2
15383,8,2
15384,6,2
15385,7,2
15386,7,2
15387,8,2
15388,7,2
15389,8,2
15390,8,2
15391,9,2
15392,5,2
15393,6,2
15394,6,2
15395,7,2
15396,6,2
15397,7,2
15398,7,2
15399,8,2
15400,6,2
15401,7,2
15402,7,2
15403,8,2
15404,7,2
15405,8,2
15406,8,2
15407,9,2
15408,6,2
15409,7,2
15410,7,2
15411,8,2
15412,7,2
15413,8,2
15414,8,2
15415,9,2
15416,7,2
15417,8,2
15418,8,2
15419,9,2
15420,8,2
15421,9,2
15422,9,2
15423,10,2
15424,5,2
15425,6,2
15426,6,2
15427,7,2
15428,6,2
15429,7,2
15430,7,2
15431,8,2
15432,6,2
15433,7,2
15434,7,2
15435,8,2
15436,7,2
15437,8,2
15438,8,2
15439,9,2
15440,6,2
15441,7,2
15442,7,2
15443,8,2
15444,7,2
15445,8,2
15446,8,2
15447,9,2
15448,7,2
15449,8,2
15450,8,2
15451,9,2
15452,8,2
15453,9,2
15454,9,2
15455,10,2
15456,6,2
15457,7,2
15458,7,2
15459,8,2
15460,7,2
15461,8,2
15462,8,2
15463,9,2
15464,7,2
15465,8,2
15466,8,2
15467,9,2
15468,8,2
15469,9,2
15470,9,2
15471,10,2
15472,7,2
15473,8,2
15474,8,2
15475,9,2
15476,8,2
15477,9,2
15478,9,2
15479,10,2
15480,8,2
15481,9,2
15482,9,2
15483,10,2
15484,9,2
15485,10,2
15486,10,2
15487,11,2
15488,5,2
15489,6,2
15490,6,2
15491,7,2
15492,6,2
15493,7,2
15494,7,2
15495,8,2
15496,6,2
15497,7,2
15498,7,2
15499,8,2
15500,7,2
15501,8,2
15502,8,2
15503,9,2
15504,6,2
15505,7,2
15506,7,2
15507,8,2
15508,7,2
15509,8,2
15510,8,2
15511,9,2
15512,7,2
15513,8,2
15514,8,2
15515,9,2
15516,8,2
15517,9,2
15518,9,2
15519,10,2
15520,6,2
15521,7,2
15522,7,2
15523,8,2
15524,7,2
15525,8,2
15526,8,2
15527,9,2
15528,7,2
15529,8,2
15530,8,2
15531,9,2
15532,8,2
15533,9,2
15534,9,2
15535,10,2
15536,7,2
15537,8,2
15538,8,2
15539,9,2
15540,8,2
15541,9,2
15542,9,2
15543,10,2
15544,8,2
15545,9,2
15546,9,2
15547,10,2
15548,9,2
15549,10,2
15550,10,2
15551,11,2
15552,6,2
15553,7,2
15554,7,2
15555,8,2
15556,7,2
15557,8,2
15558,8,2
15559,9,2
15560,7,2
15561,8,2
15562,8,2
15563,9,2
15564,8,2
15565,9,2
15566,9,2
15567,10,2
15568,7,2
15569,8,2
15570,8,2
15571,9,2
15572,8,2
15573,9,2
15574,9,2
15575,10,2
15576,8,2
15577,9,2
15578,9,2
15579,10,2
15580,9,2
15581,10,2
15582,10,2
15583,11,2
15584,7,2
15585,8,2
15586,8,2
15587,9,2
15588,8,2
15589,9,2
15590,9,2
15591,10,2
15592,8,2
15593,9,2
15594,9,2
15595,10,2
15596,9,2
15597,10,2
15598,10,2
15599,11,2
15600,8,2
15601,9,2
15602,9,2
15603,10,2
15604,9,2
15605,10,2
15606,10,2
15607,11,2
15608,9,2
15609,10,2
15610,10,2
15611,11,2
15612,10,2
15613,11,2
15614,11,2
15615,12,2
15616,5,2
15617,6,2
15618,6,2
15619,7,2
15620,6,2
15621,7,2
15622,7,2
15623,8,2
15624,6,2
15625,7,2
15626,7,2
15627,8,2
15628,7,2
15629,8,2
15630,8,2
15631,9,2
15632,6,2
15633,7,2
15634,7,2
15635,8,2
15636,7,2
15637,8,2
15638,8,2
15639,9,2
15640,7,2
15641,8,2
15642,8,2
15643,9,2
15644,8,2
15645,9,2
15646,9,2
15647,10,2
15648,6,2
15649,7,2
15650,7,2
15651,8,2
15652,7,2
15653,8,2
15654,8,2
15655,9,2
15656,7,2
15657,8,2
15658,8,2
15659,9,2
15660,8,2
15661,9,2
15662,9,2
15663,10,2
15664,7,2
15665,8,2
15666,8,2
15667,9,2
15668,8,2
15669,9,2
15670,9,2
15671,10,2
15672,8,2
15673,9,2
15674,9,2
15675,10,2
15676,9,2
15677,10,2
15678,10,2
15679,11,2
15680,6,2
15681,7,2
15682,7,2
15683,8,2
15684,7,2
15685,8,2
15686,8,2
15687,9,2
15688,7,2
15689,8,2
15690,8,2
15691,9,2
15692,8,2
15693,9,2
15694,9,2
15695,10,2
15696,7,2
15697,8,2
15698,8,2
15699,9,2
15700,8,2
15701,9,2
15702,9,2
15703,10,2
15704,8,2
15705,9,2
15706,9,2
15707,10,2
15708,9,2
15709,10,2
15710,10,2
15711,11,2
15712,7,2
15713,8,2
15714,8,2
15715,9,2
15716,8,2
15717,9,2
15718,9,2
15719,10,2
15720,8,2
15721,9,2
15722,9,2
15723,10,2
15724,9,2
15725,10,2
15726,10,2
15727,11,2
15728,8,2
15729,9,2
15730,9,2
15731,10,2
15732,9,2
15733,10,2
15734,10,2
15735,11,2
15736,9,2
15737,10,2
15738,10,2
15739,11,2
15740,10,2
15741,11,2
15742,11,2
15743,12,2
15744,6,2
15745,7,2
15746,7,2
15747,8,2
15748,7,2
15749,8,2
15750,8,2
15751,9,2
15752,7,2
15753,8,2
15754,8,2
15755,9,2
15756,8,2
15757,9,2
15758,9,2
15759,10,2
15760,7,2
15761,8,2
15762,8,2
15763,9,2
15764,8,2
15765,9,2
15766,9,2
15767,10,2
15768,8,2
15769,9,2
15770,9,2
15771,10,2
15772,9,2
15773,10,2
15774,10,2
15775,11,2
15776,7,2
15777,8,2
15778,8,2
15779,9,2
15780,8,2
15781,9,2
15782,9,2
15783,10,2
15784,8,2
15785,9,2
15786,9,2
15787,10,2
15788,9,2
15789,10,2
15790,10,2
15791,11,2
15792,8,2
15793,9,2
15794,9,2
15795,10,2
15796,9,2
15797,10,2
15798,10,2
15799,11,2
15800,9,2
15801,10,2
15802,10,2
15803,11,2
15804,10,2
15805,11,2
15806,11,2
15807,12,2
15808,7,2
15809,8,2
15810,8,2
15811,9,2
15812,8,2
15813,9,2
15814,9,2
15815,10,2
15816,8,2
15817,9,2
15818,9,2
15819,10,2
15820,9,2
15821,10,2
15822,10,2
15823,11,2
15824,8,2
15825,9,2
15826,9,2
15827,10,2
15828,9,2
15829,10,2
15830,10,2
15831,11,2
15832,9,2
15833,10,2
15834,10,2
15835,11,2
15836,10,2
15837,11,2
15838,11,2
15839,12,2
15840,8,2
15841,9,2
15842,9,2
15843,10,2
15844,9,2
15845,10,2
15846,10,2
15847,11,2
15848,9,2
15849,10,2
15850,10,2
15851,11,2
15852,10,2
15853,11,2
15854,11,2
15855,12,2
15856,9,2
15857,10,2
15858,10,2
15859,11,2
15860,10,2
15861,11,2
15862,11,2
15863,12,2
15864,10,2
15865,11,2
15866,11,2
15867,12,2
15868,11,2
15869,12,2
15870,12,2
15871,13,2
15872,5,2
15873,6,2
15874,6,2
15875,7,2
15876,6,2
15877,7,2
15878,7,2
15879,8,2
15880,6,2
15881,7,2
15882,7,2
15883,8,2
15884,7,2
15885,8,2
15886,8,2
15887,9,2
15888,6,2
15889,7,2
15890,7,2
15891,8,2
15892,7,2
15893,8,2
15894,8,2
15895,9,2
15896,7,2
15897,8,2
15898,8,2
15899,9,2
15900,8,2
15901,9,2
15902,9,2
15903,10,2
15904,6,2
15905,7,2
15906,7,2
15907,8,2
15908,7,2
15909,8,2
15910,8,2
15911,9,2
15912,7,2
15913,8,2
15914,8,2
15915,9,2
15916,8,2
15917,9,2
15918,9,2
15919,10,2
15920,7,2
15921,8,2
15922,8,2
15923,9,2
15924,8,2
15925,9,2
15926,9,2
15927,10,2
15928,8,2
15929,9,2
15930,9,2
15931,10,2
15932,9,2
15933,10,2
15934,10,2
15935,11,2
15936,6,2
15937,7,2
15938,7,2
15939,8,2
15940,7,2
15941,8,2
15942,8,2
15943,9,2
15944,7,2
15945,8,2
15946,8,2
15947,9,2
15948,8,2
15949,9,2
15950,9,2
15951,10,2
15952,7,2
15953,8,2
15954,8,2
15955,9,2
15956,8,2
15957,9,2
15958,9,2
15959,10,2
15960,8,2
15961,9,2
15962,9,2
15963,10,2
15964,9,2
15965,10,2
15966,10,2
15967,11,2
15968,7,2
15969,8,2
15970,8,2
15971,9,2
15972,8,2
15973,9,2
15974,9,2
15975,10,2
15976,8,2
15977,9,2
15978,9,2
15979,10,2
15980,9,2
15981,10,2
15982,10,2
15983,11,2
15984,8,2
15985,9,2
15986,9,2
15987,10,2
15988,9,2
15989,10,2
15990,10,2
15991,11,2
15992,9,2
15993,10,2
15994,10,2
15995,11,2
15996,10,2
15997,11,2
15998,11,2
15999,12,2
16000,6,2
16001,7,2
16002,7,2
16003,8,2
16004,7,2
16005,8,2
16006,8,2
16007,9,2
16008,7,2
16009,8,2
16010,8,2
16011,9,2
16012,8,2
16013,9,2
16014,9,2
16015,10,2
16016,7,2
16017,8,2
16018,8,2
16019,9,2
16020,8,2
16021,9,2
16022,9,2
16023,10,2
16024,8,2
16025,9,2
16026,9,2
16027,10,2
16028,9,2
16029,10,2
16030,10,2
16031,11,2
16032,7,2
16033,8,2
16034,8,2
16035,9,2
16036,8,2
16037,9,2
16038,9,2
16039,10,2
16040,8,2
16041,9,2
16042,9,2
16043,10,2
16044,9,2
16045,10,2
16046,10,2
16047,11,2
16048,8,2
16049,9,2
16050,9,2
16051,10,2
16052,9,2
16053,10,2
16054,10,2
16055,11,2
16056,9,2
16057,10,2
16058,10,2
16059,11,2
16060,10,2
16061,11,2
16062,11,2
16063,12,2
16064,7,2
16065,8,2
16066,8,2
16067,9,2
16068,8,2
16069,9,2
16070,9,2
16071,10,2
16072,8,2
16073,9,2
16074,9,2
16075,10,2
16076,9,2
16077,10,2
16078,10,2
16079,11,2
16080,8,2
16081,9,2
16082,9,2
16083,10,2
16084,9,2
16085,10,2
16086,10,2
16087,11,2
16088,9,2
16089,10,2
16090,10,2
16091,11,2
16092,10,2
16093,11,2
16094,11,2
16095,12,2
16096,8,2
16097,9,2
16098,9,2
16099,10,2
16100,9,2
16101,10,2
16102,10,2
16103,11,2
16104,9,2
16105,10,2
16106,10,2
16107,11,2
16108,10,2
16109,11,2
16110,11,2
16111,12,2
16112,9,2
16113,10,2
16114,10,2
16115,11,2
16116,10,2
16117,11,2
16118,11,2
16119,12,2
16120,10,2
16121,11,2
16122,11,2
16123,12,2
16124,11,2
16125,12,2
16126,12,2
16127,13,2
16128,6,2
16129,7,2
16130,7,2
16131,8,2
16132,7,2
16133,8,2
16134,8,2
16135,9,2
16136,7,2
16137,8,2
16138,8,2
16139,9,2
16140,8,2
16141,9,2
16142,9,2
16143,10,2
16144,7,2
16145,8,2
16146,8,2
16147,9,2
16148,8,2
16149,9,2
16150,9,2
16151,10,2
16152,8,2
16153,9,2
16154,9,2
16155,10,2
16156,9,2
16157,10,2
16158,10,2
16159,11,2
16160,7,2
16161,8,2
16162,8,2
16163,9,2
16164,8,2
16165,9,2
16166,9,2
16167,10,2
16168,8,2
16169,9,2
16170,9,2
16171,10,2
16172,9,2
16173,10,2
16174,10,2
16175,11,2
16176,8,2
16177,9,2
16178,9,2
16179,10,2
16180,9,2
16181,10,2
16182,10,2
16183,11,2
16184,9,2
16185,10,2
16186,10,2
16187,11,2
16188,10,2
16189,11,2
16190,11,2
16191,12,2
16192,7,2
16193,8,2
16194,8,2
16195,9,2
16196,8,2
16197,9,2
16198,9,2
16199,10,2
16200,8,2
16201,9,2
16202,9,2
16203,10,2
16204,9,2
16205,10,2
16206,10,2
16207,11,2
16208,8,2
16209,9,2
16210,9,2
16211,10,2
16212,9,2
16213,10,2
16214,10,2
16215,11,2
16216,9,2
16217,10,2
16218,10,2
16219,11,2
16220,10,2
16221,11,2
16222,11,2
16223,12,2
16224,8,2
16225,9,2
16226,9,2
16227,10,2
16228,9,2
16229,10,2
16230,10,2
16231,11,2
16232,9,2
16233,10,2
16234,10,2
16235,11,2
16236,10,2
16237,11,2
16238,11,2
16239,12,2
16240,9,2
16241,10,2
16242,10,2
16243,11,2
16244,10,2
16245,11,2
16246,11,2
16247,12,2
16248,10,2
16249,11,2
16250,11,2
16251,12,2
16252,11,2
16253,12,2
16254,12,2
16255,13,2
16256,7,2
16257,8,2
16258,8,2
16259,9,2
16260,8,2
16261,9,2
16262,9,2
16263,10,2
16264,8,2
16265,9,2
16266,9,2
16267,10,2
16268,9,2
16269,10,2
16270,10,2
16271,11,2
16272,8,2
16273,9,2
16274,9,2
16275,10,2
16276,9,2
16277,10,2
16278,10,2
16279,11,2
16280,9,2
16281,10,2
16282,10,2
16283,11,2
16284,10,2
16285,11,2
16286,11,2
16287,12,2
16288,8,2
16289,9,2
16290,9,2
16291,10,2
16292,9,2
16293,10,2
16294,10,2
16295,11,2
16296,9,2
16297,10,2
16298,10,2
16299,11,2
16300,10,2
16301,11,2
16302,11,2
16303,12,2
16304,9,2
16305,10,2
16306,10,2
16307,11,2
16308,10,2
16309,11,2
16310,11,2
16311,12,2
16312,10,2
16313,11,2
16314,11,2
16315,12,2
16316,11,2
16317,12,2
16318,12,2
16319,13,2
16320,8,2
16321,9,2
16322,9,2
16323,10,2
16324,9,2
16325,10,2
16326,10,2
16327,11,2
16328,9,2
16329,10,2
16330,10,2
16331,11,2
16332,10,2
16333,11,2
16334,11,2
16335,12,2
16336,9,2
16337,10,2
16338,10,2
16339,11,2
16340,10,2
16341,11,2
16342,11,2
16343,12,2
16344,10,2
16345,11,2
16346,11,2
16347,12,2
16348,11,2
16349,12,2
16350,12,2
16351,13,2
16352,9,2
16353,10,2
16354,10,2
16355,11,2
16356,10,2
16357,11,2
16358,11,2
16359,12,2
16360,10,2
16361,11,2
16362,11,2
16363,12,2
16364,11,2
16365,12,2
16366,12,2
16367,13,2
16368,10,2
16369,11,2
16370,11,2
16371,12,2
16372,11,2
16373,12,2
16374,12,2
16375,13,2
16376,11,2
16377,12,2
16378,12,2
16379,13,2
16380,12,2
16381,13,2
16382,13,2
16383,14,2
16384,1,2
16385,2,2
16386,2,2
16387,3,2
16388,2,2
16389,3,2
16390,3,2
16391,4,2
16392,2,2
16393,3,2
16394,3,2
16395,4,2
16396,3,2
16397,4,2
16398,4,2
16399,5,2
16400,2,2
16401,3,2
16402,3,2
16403,4,2
16404,3,2
16405,4,2
16406,4,2
16407,5,2
16408,3,2
16409,4,2
16410,4,2
16411,5,2
16412,4,2
16413,5,2
16414,5,2
16415,6,2
16416,2,2
16417,3,2
16418,3,2
16419,4,2
16420,3,2
16421,4,2
16422,4,2
16423,5,2
16424,3,2
16425,4,2
16426,4,2
16427,5,2
16428,4,2
16429,5,2
16430,5,2
16431,6,2
16432,3,2
16433,4,2
16434,4,2
16435,5,2
16436,4,2
16437,5,2
16438,5,2
16439,6,2
16440,4,2
16441,5,2
16442,5,2
16443,6,2
16444,5,2
16445,6,2
16446,6,2
16447,7,2
16448,2,2
16449,3,2
16450,3,2
16451,4,2
16452,3,2
16453,4,2
16454,4,2
16455,5,2
16456,3,2
16457,4,2
16458,4,2
16459,5,2
16460,4,2
16461,5,2
16462,5,2
16463,6,2
16464,3,2
16465,4,2
16466,4,2
16467,5,2
16468,4,2
16469,5,2
16470,5,2
16471,6,2
16472,4,2
16473,5,2
16474,5,2
16475,6,2
16476,5,2
16477,6,2
16478,6,2
16479,7,2
16480,3,2
16481,4,2
16482,4,2
16483,5,2
16484,4,2
16485,5,2
16486,5,2
16487,6,2
16488,4,2
16489,5,2
16490,5,2
16491,6,2
16492,5,2
16493,6,2
16494,6,2
16495,7,2
16496,4,2
16497,5,2
16498,5,2
16499,6,2
16500,5,2
16501,6,2
16502,6,2
16503,7,2
16504,5,2
16505,6,2
16506,6,2
16507,7,2
16508,6,2
16509,7,2
16510,7,2
16511,8,2
16512,2,2
16513,3,2
16514,3,2
16515,4,2
16516,3,2
16517,4,2
16518,4,2
16519,5,2
16520,3,2
16521,4,2
16522,4,2
16523,5,2
16524,4,2
16525,5,2
16526,5,2
16527,6,2
16528,3,2
16529,4,2
16530,4,2
16531,5,2
16532,4,2
16533,5,2
16534,5,2
16535,6,2
16536,4,2
16537,5,2
16538,5,2
16539,6,2
16540,5,2
16541,6,2
16542,6,2
16543,7,2
16544,3,2
16545,4,2
16546,4,2
16547,5,2
16548,4,2
16549,5,2
16550,5,2
16551,6,2
16552,4,2
16553,5,2
16554,5,2
16555,6,2
16556,5,2
16557,6,2
16558,6,2
16559,7,2
16560,4,2
16561,5,2
16562,5,2
16563,6,2
16564,5,2
16565,6,2
16566,6,2
16567,7,2
16568,5,2
16569,6,2
16570,6,2
16571,7,2
16572,6,2
16573,7,2
16574,7,2
16575,8,2
16576,3,2
16577,4,2
16578,4,2
16579,5,2
16580,4,2
16581,5,2
16582,5,2
16583,6,2
16584,4,2
16585,5,2
16586,5,2
16587,6,2
16588,5,2
16589,6,2
16590,6,2
16591,7,2
16592,4,2
16593,5,2
16594,5,2
16595,6,2
16596,5,2
16597,6,2
16598,6,2
16599,7,2
16600,5,2
16601,6,2
16602,6,2
16603,7,2
16604,6,2
16605,7,2
16606,7,2
16607,8,2
16608,4,2
16609,5,2
16610,5,2
16611,6,2
16612,5,2
16613,6,2
16614,6,2
16615,7,2
16616,5,2
16617,6,2
16618,6,2
16619,7,2
16620,6,2
16621,7,2
16622,7,2
16623,8,2
16624,5,2
16625,6,2
16626,6,2
16627,7,2
16628,6,2
16629,7,2
16630,7,2
16631,8,2
16632,6,2
16633,7,2
16634,7,2
16635,8,2
16636,7,2
16637,8,2
16638,8,2
16639,9,2
16640,2,2
16641,3,2
16642,3,2
16643,4,2
16644,3,3
16645,4,2
16646,4,2
16647,5,2
16648,3,2
16649,4,2
16650,4,2
16651,5,2
16652,4,2
16653,5,2
16654,5,2
16655,6,2
16656,3,2
16657,4,2
16658,4,2
16659,5,2
16660,4,3
16661,5,2
16662,5,2
16663,6,2
16664,4,2
16665,5,2
16666,5,2
16667,6,2
16668,5,2
16669,6,2
16670,6,2
16671,7,2
16672,3,2
16673,4,3
16674,4,2
16675,5,2
16676,4,3
16677,5,3
16678,5,2
16679,6,3
16680,4,2
16681,5,2
16682,5,2
16683,6,2
16684,5,2
16685,6,3
16686,6,2
16687,7,2
16688,4,2
16689,5,2
16690,5,2
16691,6,2
16692,5,3
16693,6,2
16694,6,2
16695,7,2
16696,5,2
16697,6,2
16698,6,2
16699,7,2
16700,6,2
16701,7,2
16702,7,2
16703,8,2
16704,3,2
16705,4,2
16706,4,2
16707,5,2
16708,4,3
16709,5,2
16710,5,2
16711,6,2
16712,4,2
16713,5,2
16714,5,2
16715,6,2
16716,5,2
16717,6,2
16718,6,2
16719,7,2
16720,4,2
16721,5,2
16722,5,2
16723,6,2
16724,5,3
16725,6,2
16726,6,2
16727,7,2
16728,5,2
16729,6,2
16730,6,2
16731,7,2
16732,6,2
16733,7,2
16734,7,2
16735,8,2
16736,4,2
16737,5,2
16738,5,2
16739,6,2
16740,5,3
16741,6,2
16742,6,2
16743,7,2
16744,5,2
16745,6,2
16746,6,2
16747,7,2
16748,6,2
16749,7,2
16750,7,2
16751,8,2
16752,5,2
16753,6,2
16754,6,2
16755,7,2
16756,6,3
16757,7,2
16758,7,2
16759,8,2
16760,6,2
16761,7,2
16762,7,2
16763,8,2
16764,7,2
16765,8,2
16766,8,2
16767,9,2
16768,3,2
16769,4,2
16770,4,2
16771,5,2
16772,4,3
16773,5,2
16774,5,2
16775,6,2
16776,4,2
16777,5,2
16778,5,2
16779,6,2
16780,5,2
16781,6,3
16782,6,2
16783,7,2
16784,4,2
16785,5,2
16786,5,2
16787,6,2
16788,5,3
16789,6,2
16790,6,2
16791,7,2
16792,5,2
16793,6,2
16794,6,2
16795,7,2
16796,6,2
16797,7,2
16798,7,2
16799,8,2
16800,4,2
16801,5,2
16802,5,2
16803,6,2
16804,5,3
16805,6,2
16806,6,2
16807,7,2
16808,5,2
16809,6,2
16810,6,2
16811,7,2
16812,6,2
16813,7,3
16814,7,2
16815,8,2
16816,5,2
16817,6,2
16818,6,2
16819,7,2
16820,6,3
16821,7,2
16822,7,2
16823,8,2
16824,6,2
16825,7,2
16826,7,2
16827,8,2
16828,7,2
16829,8,3
16830,8,2
16831,9,2
16832,4,2
16833,5,2
16834,5,2
16835,6,2
16836,5,3
16837,6,2
16838,6,2
16839,7,2
16840,5,2
16841,6,2
16842,6,2
16843,7,2
16844,6,2
16845,7,2
16846,7,2
16847,8,2
16848,5,2
16849,6,2
16850,6,2
16851,7,2
16852,6,3
16853,7,2
16854,7,2
16855,8,2
16856,6,2
16857,7,2
16858,7,2
16859,8,2
16860,7,2
16861,8,2
16862,8,2
16863,9,2
16864,5,2
16865,6,2
16866,6,2
16867,7,2
16868,6,3
16869,7,2
16870,7,2
16871,8,2
16872,6,2
16873,7,2
16874,7,2
16875,8,2
16876,7,2
16877,8,3
16878,8,2
16879,9,2
16880,6,2
16881,7,2
16882,7,2
16883,8,2
16884,7,3
16885,8,2
16886,8,2
16887,9,2
16888,7,2
16889,8,2
16890,8,2
16891,9,2
16892,8,2
16893,9,2
16894,9,2
16895,10,2
16896,2,2
16897,3,2
16898,3,2
16899,4,2
16900,3,2
16901,4,2
16902,4,2
16903,5,2
16904,3,2
16905,4,2
16906,4,2
16907,5,2
16908,4,2
16909,5,2
16910,5,2
16911,6,2
16912,3,2
16913,4,2
16914,4,3
16915,5,2
16916,4,2
16917,5,2
16918,5,2
16919,6,2
16920,4,2
16921,5,2
16922,5,2
16923,6,2
16924,5,2
16925,6,2
16926,6,2
16927,7,2
16928,3,2
16929,4,2
16930,4,2
16931,5,2
16932,4,2
16933,5,2
16934,5,2
16935,6,2
16936,4,2
16937,5,2
16938,5,2
16939,6,2
16940,5,2
16941,6,2
16942,6,2
16943,7,2
16944,4,2
16945,5,2
16946,5,2
16947,6,2
16948,5,2
16949,6,2
16950,6,2
16951,7,2
16952,5,2
16953,6,2
16954,6,2
16955,7,2
16956,6,2
16957,7,2
16958,7,2
16959,8,2
16960,3,3
16961,4,3
16962,4,3
16963,5,3
16964,4,3
16965,5,3
16966,5,3
16967,6,3
16968,4,3
16969,5,3
16970,5,3
16971,6,3
16972,5,3
16973,6,3
16974,6,3
16975,7,3
16976,4,2
16977,5,2
16978,5,3
16979,6,2
16980,5,2
16981,6,2
16982,6,2
16983,7,2
16984,5,2
16985,6,2
16986,6,2
16987,7,2
16988,6,2
16989,7,2
16990,7,2
16991,8,2
16992,4,2
16993,5,2
16994,5,2
16995,6,2
16996,5,2
16997,6,2
16998,6,2
16999,7,2
17000,5,2
17001,6,2
17002,6,2
17003,7,2
17004,6,2
17005,7,2
17006,7,2
17007,8,2
17008,5,2
17009,6,2
17010,6,3
17011,7,2
17012,6,2
17013,7,2
17014,7,2
17015,8,2
17016,6,2
17017,7,2
17018,7,2
17019,8,2
17020,7,2
17021,8,2
17022,8,2
17023,9,2
17024,3,2
17025,4,2
17026,4,2
17027,5,2
17028,4,2
17029,5,2
17030,5,2
17031,6,2
17032,4,2
17033,5,2
17034,5,2
17035,6,2
17036,5,2
17037,6,2
17038,6,2
17039,7,2
17040,4,2
17041,5,2
17042,5,2
17043,6,2
17044,5,2
17045,6,2
17046,6,2
17047,7,2
17048,5,2
17049,6,2
17050,6,2
17051,7,2
17052,6,2
17053,7,2
17054,7,2
17055,8,2
17056,4,2
17057,5,2
17058,5,2
17059,6,2
17060,5,2
17061,6,2
17062,6,2
17063,7,2
17064,5,2
17065,6,2
17066,6,2
17067,7,2
17068,6,2
17069,7,2
17070,7,2
17071,8,2
17072,5,2
17073,6,2
17074,6,2
17075,7,2
17076,6,2
17077,7,2
17078,7,2
17079,8,2
17080,6,2
17081,7,2
17082,7,2
17083,8,2
17084,7,2
17085,8,2
17086,8,2
17087,9,2
17088,4,2
17089,5,2
17090,5,2
17091,6,2
17092,5,2
17093,6,2
17094,6,2
17095,7,2
17096,5,2
17097,6,2
17098,6,2
17099,7,2
17100,6,2
17101,7,2
17102,7,2
17103,8,2
17104,5,2
17105,6,2
17106,6,3
17107,7,2
17108,6,2
17109,7,2
17110,7,2
17111,8,2
17112,6,3
17113,7,2
17114,7,3
17115,8,3
17116,7,2
17117,8,2
17118,8,3
17119,9,2
17120,5,2
17121,6,2
17122,6,2
17123,7,2
17124,6,2
17125,7,2
17126,7,2
17127,8,2
17128,6,2
17129,7,2
17130,7,2
17131,8,2
17132,7,2
17133,8,2
17134,8,2
17135,9,2
17136,6,2
17137,7,2
17138,7,2
17139,8,2
17140,7,2
17141,8,2
17142,8,2
17143,9,2
17144,7,2
17145,8,2
17146,8,2
17147,9,2
17148,8,2
17149,9,2
17150,9,2
17151,10,2
17152,3,2
17153,4,2
17154,4,2
17155,5,2
17156,4,2
17157,5,2
17158,5,2
17159,6,2
17160,4,2
17161,5,2
17162,5,2
17163,6,2
17164,5,2
17165,6,2
17166,6,2
17167,7,2
17168,4,2
17169,5,2
17170,5,2
17171,6,2
17172,5,2
17173,6,2
17174,6,2
17175,7,2
17176,5,2
17177,6,2
17178,6,2
17179,7,2
17180,6,2
17181,7,2
17182,7,2
17183,8,2
17184,4,2
17185,5,2
17186,5,2
17187,6,2
17188,5,2
17189,6,2
17190,6,2
17191,7,2
17192,5,2
17193,6,2
17194,6,2
17195,7,2
17196,6,2
17197,7,2
17198,7,2
17199,8,2
17200,5,2
17201,6,2
17202,6,2
17203,7,2
17204,6,2
17205,7,2
17206,7,2
17207,8,2
17208,6,2
17209,7,2
17210,7,2
17211,8,2
17212,7,2
17213,8,2
17214,8,2
17215,9,2
17216,4,2
17217,5,2
17218,5,2
17219,6,2
17220,5,3
17221,6,2
17222,6,2
17223,7,2
17224,5,2
17225,6,2
17226,6,2
17227,7,2
17228,6,2
17229,7,2
17230,7,2
17231,8,2
17232,5,2
17233,6,2
17234,6,2
17235,7,2
17236,6,2
17237,7,2
17238,7,2
17239,8,2
17240,6,2
17241,7,2
17242,7,2
17243,8,2
17244,7,2
17245,8,2
17246,8,2
17247,9,2
17248,5,2
17249,6,2
17250,6,2
17251,7,2
17252,6,2
17253,7,2
17254,7,2
17255,8,2
17256,6,2
17257,7,2
17258,7,2
17259,8,2
17260,7,2
17261,8,2
17262,8,2
17263,9,2
17264,6,2
17265,7,2
17266,7,2
17267,8,2
17268,7,2
17269,8,2
17270,8,2
17271,9,2
17272,7,2
17273,8,2
17274,8,2
17275,9,2
17276,8,2
17277,9,2
17278,9,2
17279,10,2
17280,4,2
17281,5,2
17282,5,2
17283,6,2
17284,5,2
17285,6,2
17286,6,2
17287,7,2
17288,5,2
17289,6,2
17290,6,2
17291,7,2
17292,6,2
17293,7,2
17294,7,2
17295,8,2
17296,5,2
17297,6,2
17298,6,2
17299,7,2
17300,6,2
17301,7,2
17302,7,2
17303,8,2
17304,6,2
17305,7,2
17306,7,2
17307,8,2
17308,7,2
17309,8,2
17310,8,2
17311,9,2
17312,5,2
17313,6,2
17314,6,2
17315,7,2
17316,6,2
17317,7,2
17318,7,2
17319,8,2
17320,6,2
17321,7,2
17322,7,2
17323,8,2
17324,7,2
17325,8,2
17326,8,2
17327,9,2
17328,6,2
17329,7,2
17330,7,2
17331,8,2
17332,7,2
17333,8,2
17334,8,2
17335,9,2
17336,7,2
17337,8,2
17338,8,2
17339,9,2
17340,8,2
17341,9,2
17342,9,2
17343,10,2
17344,5,2
17345,6,2
17346,6,2
17347,7,2
17348,6,2
17349,7,2
17350,7,2
17351,8,2
17352,6,2
17353,7,2
17354,7,2
17355,8,2
17356,7,2
17357,8,2
17358,8,2
17359,9,2
17360,6,2
17361,7,2
17362,7,2
17363,8,2
17364,7,2
17365,8,2
17366,8,2
17367,9,2
17368,7,2
17369,8,2
17370,8,2
17371,9,2
17372,8,2
17373,9,2
17374,9,2
17375,10,2
17376,6,2
17377,7,2
17378,7,2
17379,8,2
17380,7,2
17381,8,2
17382,8,2
17383,9,2
17384,7,2
17385,8,2
17386,8,2
17387,9,2
17388,8,2
17389,9,2
17390,9,2
17391,10,2
17392,7,2
17393,8,2
17394,8,2
17395,9,2
17396,8,2
17397,9,2
17398,9,2
17399,10,2
17400,8,2
17401,9,2
17402,9,2
17403,10,2
17404,9,2
17405,10,2
17406,10,2
17407,11,2
17408,2,2
17409,3,2
17410,3,2
17411,4,2
17412,3,2
17413,4,2
17414,4,2
17415,5,2
17416,3,2
17417,4,2
17418,4,2
17419,5,2
17420,4,2
17421,5,2
17422,5,2
17423,6,2
17424,3,2
17425,4,2
17426,4,2
17427,5,2
17428,4,2
17429,5,2
17430,5,2
17431,6,2
17432,4,2
17433,5,2
17434,5,2
17435,6,2
17436,5,2
17437,6,2
17438,6,2
17439,7,2
17440,3,2
17441,4,2
17442,4,2
17443,5,2
17444,4,2
17445,5,2
17446,5,2
17447,6,2
17448,4,2
17449,5,2
17450,5,2
17451,6,2
17452,5,2
17453,6,2
17454,6,2
17455,7,2
17456,4,2
17457,5,2
17458,5,2
17459,6,2
17460,5,2
17461,6,2
17462,6,2
17463,7,2
17464,5,2
17465,6,2
17466,6,2
17467,7,2
17468,6,2
17469,7,2
17470,7,2
17471,8,2
17472,3,2
17473,4,2
17474,4,2
17475,5,2
17476,4,2
17477,5,2
17478,5,2
17479,6,2
17480,4,2
17481,5,2
17482,5,2
17483,6,2
17484,5,2
17485,6,2
17486,6,2
17487,7,2
17488,4,2
17489,5,2
17490,5,2
17491,6,2
17492,5,2
17493,6,2
17494,6,2
17495,7,2
17496,5,2
17497,6,2
17498,6,2
17499,7,2
17500,6,2
17501,7,2
17502,7,2
17503,8,2
17504,4,2
17505,5,2
17506,5,2
17507,6,2
17508,5,2
17509,6,2
17510,6,2
17511,7,2
17512,5,2
17513,6,2
17514,6,2
17515,7,2
17516,6,2
17517,7,2
17518,7,2
17519,8,2
17520,5,2
17521,6,2
17522,6,2
17523,7,2
17524,6,2
17525,7,2
17526,7,2
17527,8,2
17528,6,2
17529,7,2
17530,7,2
17531,8,2
17532,7,2
17533,8,2
17534,8,2
17535,9,2
17536,3,2
17537,4,2
17538,4,2
17539,5,2
17540,4,2
17541,5,2
17542,5,2
17543,6,2
17544,4,2
17545,5,2
17546,5,2
17547,6,2
17548,5,2
17549,6,2
17550,6,2
17551,7,2
17552,4,2
17553,5,2
17554,5,2
17555,6,2
17556,5,2
17557,6,2
17558,6,2
17559,7,2
17560,5,2
17561,6,2
17562,6,2
17563,7,2
17564,6,2
17565,7,2
17566,7,2
17567,8,2
17568,4,2
17569,5,2
17570,5,2
17571,6,2
17572,5,2
17573,6,2
17574,6,2
17575,7,2
17576,5,2
17577,6,2
17578,6,2
17579,7,2
17580,6,2
17581,7,2
17582,7,2
17583,8,2
17584,5,2
17585,6,2
17586,6,2
17587,7,2
17588,6,2
17589,7,2
17590,7,2
17591,8,2
17592,6,2
17593,7,2
17594,7,2
17595,8,2
17596,7,2
17597,8,2
17598,8,2
17599,9,2
17600,4,2
17601,5,2
17602,5,2
17603,6,2
17604,5,2
17605,6,2
17606,6,2
17607,7,2
17608,5,2
17609,6,2
17610,6,2
17611,7,2
17612,6,2
17613,7,2
17614,7,2
17615,8,2
17616,5,2
17617,6,2
17618,6,2
17619,7,2
17620,6,2
17621,7,2
17622,7,2
17623,8,2
17624,6,2
17625,7,2
17626,7,2
17627,8,2
17628,7,2
17629,8,2
17630,8,2
17631,9,2
17632,5,2
17633,6,2
17634,6,2
17635,7,2
17636,6,2
17637,7,2
17638,7,2
17639,8,2
17640,6,2
17641,7,2
17642,7,2
17643,8,2
17644,7,2
17645,8,2
17646,8,2
17647,9,2
17648,6,2
17649,7,2
17650,7,2
17651,8,2
17652,7,2
17653,8,2
17654,8,2
17655,9,2
17656,7,2
17657,8,2
17658,8,2
17659,9,2
17660,8,2
17661,9,2
17662,9,2
17663,10,2
17664,3,2
17665,4,2
17666,4,2
17667,5,2
17668,4,2
17669,5,2
17670,5,2
17671,6,2
17672,4,2
17673,5,2
17674,5,2
17675,6,2
17676,5,2
17677,6,2
17678,6,2
17679,7,2
17680,4,2
17681,5,2
17682,5,2
17683,6,2
17684,5,2
17685,6,2
17686,6,2
17687,7,2
17688,5,2
17689,6,2
17690,6,2
17691,7,2
17692,6,2
17693,7,2
17694,7,2
17695,8,2
17696,4,2
17697,5,2
17698,5,2
17699,6,2
17700,5,2
17701,6,2
17702,6,2
17703,7,2
17704,5,2
17705,6,2
17706,6,2
17707,7,2
17708,6,2
17709,7,2
17710,7,2
17711,8,2
17712,5,2
17713,6,2
17714,6,2
17715,7,2
17716,6,2
17717,7,2
17718,7,2
17719,8,2
17720,6,2
17721,7,2
17722,7,2
17723,8,2
17724,7,2
17725,8,2
17726,8,2
17727,9,2
17728,4,2
17729,5,2
17730,5,2
17731,6,2
17732,5,2
17733,6,2
17734,6,2
17735,7,2
17736,5,2
17737,6,2
17738,6,2
17739,7,2
17740,6,2
17741,7,2
17742,7,2
17743,8,2
17744,5,2
17745,6,2
17746,6,2
17747,7,2
17748,6,2
17749,7,2
17750,7,2
17751,8,2
17752,6,2
17753,7,2
17754,7,2
17755,8,2
17756,7,2
17757,8,2
17758,8,2
17759,9,2
17760,5,2
17761,6,2
17762,6,2
17763,7,2
17764,6,2
17765,7,2
17766,7,2
17767,8,2
17768,6,2
17769,7,2
17770,7,2
17771,8,2
17772,7,2
17773,8,2
17774,8,2
17775,9,2
17776,6,2
17777,7,2
17778,7,2
17779,8,2
17780,7,2
17781,8,2
17782,8,2
17783,9,2
17784,7,2
17785,8,2
17786,8,2
17787,9,2
17788,8,2
17789,9,2
17790,9,2
17791,10,2
17792,4,2
17793,5,2
17794,5,2
17795,6,2
17796,5,2
17797,6,2
17798,6,2
17799,7,2
17800,5,2
17801,6,2
17802,6,2
17803,7,2
17804,6,2
17805,7,2
17806,7,2
17807,8,2
17808,5,2
17809,6,2
17810,6,2
17811,7,2
17812,6,2
17813,7,2
17814,7,2
17815,8,2
17816,6,2
17817,7,2
17818,7,2
17819,8,2
17820,7,2
17821,8,2
17822,8,2
17823,9,2
17824,5,2
17825,6,2
17826,6,2
17827,7,2
17828,6,2
17829,7,2
17830,7,2
17831,8,2
17832,6,2
17833,7,2
17834,7,2
17835,8,2
17836,7,2
17837,8,2
17838,8,2
17839,9,2
17840,6,2
17841,7,2
17842,7,2
17843,8,2
17844,7,2
17845,8,2
17846,8,2
17847,9,2
17848,7,2
17849,8,2
17850,8,2
17851,9,2
17852,8,2
17853,9,2
17854,9,2
17855,10,2
17856,5,2
17857,6,2
17858,6,2
17859,7,2
17860,6,2
17861,7,2
17862,7,2
17863,8,2
17864,6,2
17865,7,2
17866,7,2
17867,8,2
17868,7,2
17869,8,2
17870,8,2
17871,9,2
17872,6,2
17873,7,2
17874,7,2
17875,8,2
17876,7,2
17877,8,2
17878,8,2
17879,9,2
17880,7,2
17881,8,2
17882,8,2
17883,9,2
17884,8,2
17885,9,2
17886,9,2
17887,10,2
17888,6,2
17889,7,2
17890,7,2
17891,8,2
17892,7,2
17893,8,2
17894,8,2
17895,9,2
17896,7,2
17897,8,2
17898,8,2
17899,9,2
17900,8,2
17901,9,2
17902,9,2
17903,10,2
17904,7,2
17905,8,2
17906,8,2
17907,9,2
17908,8,2
17909,9,2
17910,9,2
17911,10,2
17912,8,2
17913,9,2
17914,9,2
17915,10,2
17916,9,2
17917,10,2
17918,10,2
17919,11,2
17920,3,2
17921,4,2
17922,4,2
17923,5,2
17924,4,2
17925,5,2
17926,5,2
17927,6,2
17928,4,2
17929,5,2
17930,5,2
17931,6,2
17932,5,2
17933,6,2
17934,6,2
17935,7,2
17936,4,2
17937,5,2
17938,5,2
17939,6,2
17940,5,2
17941,6,2
17942,6,2
17943,7,2
17944,5,2
17945,6,2
17946,6,2
17947,7,2
17948,6,2
17949,7,2
17950,7,2
17951,8,2
17952,4,2
17953,5,2
17954,5,2
17955,6,2
17956,5,2
17957,6,2
17958,6,2
17959,7,2
17960,5,2
17961,6,2
17962,6,2
17963,7,2
17964,6,2
17965,7,2
17966,7,2
17967,8,2
17968,5,2
17969,6,2
17970,6,2
17971,7,2
17972,6,2
17973,7,2
17974,7,2
17975,8,2
17976,6,2
17977,7,2
17978,7,2
17979,8,2
17980,7,2
17981,8,2
17982,8,2
17983,9,2
17984,4,2
17985,5,2
17986,5,2
17987,6,2
17988,5,2
17989,6,2
17990,6,2
17991,7,2
17992,5,2
17993,6,2
17994,6,2
17995,7,2
17996,6,2
17997,7,2
17998,7,2
17999,8,2
18000,5,2
18001,6,2
18002,6,2
18003,7,2
18004,6,2
18005,7,2
18006,7,2
18007,8,2
18008,6,2
18009,7,2
18010,7,2
18011,8,2
18012,7,2
18013,8,2
18014,8,2
18015,9,2
18016,5,2
18017,6,2
18018,6,2
18019,7,2
18020,6,2
18021,7,2
18022,7,2
18023,8,2
18024,6,2
18025,7,2
18026,7,2
18027,8,2
18028,7,2
18029,8,2
18030,8,2
18031,9,2
18032,6,2
18033,7,2
18034,7,2
18035,8,2
18036,7,2
18037,8,2
18038,8,2
18039,9,2
18040,7,2
18041,8,2
18042,8,2
18043,9,2
18044,8,2
18045,9,2
18046,9,2
18047,10,2
18048,4,2
18049,5,2
18050,5,2
18051,6,2
18052,5,2
18053,6,2
18054,6,2
18055,7,2
18056,5,2
18057,6,2
18058,6,2
18059,7,2
18060,6,2
18061,7,2
18062,7,2
18063,8,2
18064,5,2
18065,6,2
18066,6,2
18067,7,2
18068,6,2
18069,7,2
18070,7,2
18071,8,2
18072,6,2
18073,7,2
18074,7,2
18075,8,2
18076,7,2
18077,8,2
18078,8,2
18079,9,2
18080,5,2
18081,6,2
18082,6,2
18083,7,2
18084,6,2
18085,7,2
18086,7,2
18087,8,2
18088,6,2
18089,7,2
18090,7,2
18091,8,2
18092,7,2
18093,8,2
18094,8,2
18095,9,2
18096,6,2
18097,7,2
18098,7,2
18099,8,2
18100,7,2
18101,8,2
18102,8,2
18103,9,2
18104,7,2
18105,8,2
18106,8,2
18107,9,2
18108,8,2
18109,9,2
18110,9,2
18111,10,2
18112,5,2
18113,6,2
18114,6,2
18115,7,2
18116,6,2
18117,7,2
18118,7,2
18119,8,2
18120,6,2
18121,7,2
18122,7,2
18123,8,2
18124,7,2
18125,8,2
18126,8,2
18127,9,2
18128,6,2
18129,7,2
18130,7,2
18131,8,2
18132,7,2
18133,8,2
18134,8,2
18135,9,2
18136,7,2
18137,8,2
18138,8,2
18139,9,2
18140,8,2
18141,9,2
18142,9,2
18143,10,2
18144,6,2
18145,7,2
18146,7,2
18147,8,2
18148,7,2
18149,8,2
18150,8,2
18151,9,2
18152,7,2
18153,8,2
18154,8,2
18155,9,2
18156,8,2
18157,9,2
18158,9,2
18159,10,2
18160,7,2
18161,8,2
18162,8,2
18163,9,2
18164,8,2
18165,9,2
18166,9,2
18167,10,2
18168,8,2
18169,9,2
18170,9,2
18171,10,2
18172,9,2
18173,10,2
18174,10,2
18175,11,2
18176,4,2
18177,5,2
18178,5,2
18179,6,2
18180,5,2
18181,6,2
18182,6,2
18183,7,2
18184,5,2
18185,6,2
18186,6,2
18187,7,2
18188,6,2
18189,7,2
18190,7,2
18191,8,2
18192,5,2
18193,6,2
18194,6,2
18195,7,2
18196,6,2
18197,7,2
18198,7,2
18199,8,2
18200,6,2
18201,7,2
18202,7,2
18203,8,2
18204,7,2
18205,8,2
18206,8,2
18207,9,2
18208,5,2
18209,6,2
18210,6,2
18211,7,2
18212,6,2
18213,7,2
18214,7,2
18215,8,2
18216,6,2
18217,7,2
18218,7,2
18219,8,2
18220,7,2
18221,8,2
18222,8,2
18223,9,2
18224,6,2
18225,7,2
18226,7,2
18227,8,2
18228,7,2
18229,8,2
18230,8,2
18231,9,2
18232,7,2
18233,8,2
18234,8,2
18235,9,2
18236,8,2
18237,9,2
18238,9,2
18239,10,2
18240,5,2
18241,6,2
18242,6,2
18243,7,2
18244,6,3
18245,7,2
18246,7,2
18247,8,2
18248,6,2
18249,7,2
18250,7,2
18251,8,2
18252,7,2
18253,8,2
18254,8,2
18255,9,2
18256,6,2
18257,7,2
18258,7,2
18259,8,2
18260,7,2
18261,8,2
18262,8,2
18263,9,2
18264,7,2
18265,8,2
18266,8,2
18267,9,2
18268,8,2
18269,9,2
18270,9,2
18271,10,2
18272,6,2
18273,7,2
18274,7,2
18275,8,2
18276,7,2
18277,8,2
18278,8,2
18279,9,2
18280,7,2
18281,8,2
18282,8,2
18283,9,2
18284,8,2
18285,9,2
18286,9,2
18287,10,2
18288,7,2
18289,8,2
18290,8,2
18291,9,2
18292,8,2
18293,9,2
18294,9,2
18295,10,2
18296,8,2
18297,9,2
18298,9,2
18299,10,2
18300,9,2
18301,10,2
18302,10,2
18303,11,2
18304,5,2
18305,6,2
18306,6,2
18307,7,2
18308,6,2
18309,7,2
18310,7,2
18311,8,2
18312,6,2
18313,7,2
18314,7,2
18315,8,2
18316,7,2
18317,8,2
18318,8,2
18319,9,2
18320,6,2
18321,7,2
18322,7,2
18323,8,2
18324,7,2
18325,8,2
18326,8,2
18327,9,2
18328,7,2
18329,8,2
18330,8,2
18331,9,2
18332,8,2
18333,9,2
18334,9,2
18335,10,2
18336,6,2
18337,7,2
18338,7,2
18339,8,2
18340,7,2
18341,8,2
18342,8,2
18343,9,2
18344,7,2
18345,8,2
18346,8,2
18347,9,2
18348,8,2
18349,9,2
18350,9,2
18351,10,2
18352,7,2
18353,8,2
18354,8,2
18355,9,2
18356,8,2
18357,9,2
18358,9,2
18359,10,2
18360,8,2
18361,9,2
18362,9,2
18363,10,2
18364,9,2
18365,10,2
18366,10,2
18367,11,2
18368,6,2
18369,7,2
18370,7,2
18371,8,2
18372,7,2
18373,8,2
18374,8,2
18375,9,2
18376,7,2
18377,8,2
18378,8,2
18379,9,2
18380,8,2
18381,9,2
18382,9,2
18383,10,2
18384,7,2
18385,8,2
18386,8,2
18387,9,2
18388,8,2
18389,9,2
18390,9,2
18391,10,2
18392,8,2
18393,9,2
18394,9,2
18395,10,2
18396,9,2
18397,10,2
18398,10,2
18399,11,2
18400,7,2
18401,8,2
18402,8,2
18403,9,2
18404,8,2
18405,9,2
18406,9,2
18407,10,2
18408,8,2
18409,9,2
18410,9,2
18411,10,2
18412,9,2
18413,10,2
18414,10,2
18415,11,2
18416,8,2
18417,9,2
18418,9,2
18419,10,2
18420,9,2
18421,10,2
18422,10,2
18423,11,2
18424,9,2
18425,10,2
18426,10,2
18427,11,2
18428,10,2
18429,11,2
18430,11,2
18431,12,2
18432,2,2
18433,3,2
18434,3,2
18435,4,2
18436,3,2
18437,4,2
18438,4,2
18439,5,2
18440,3,2
18441,4,2
18442,4,2
18443,5,2
18444,4,2
18445,5,2
18446,5,2
18447,6,2
18448,3,2
18449,4,2
18450,4,2
18451,5,2
18452,4,2
18453,5,2
18454,5,2
18455,6,2
18456,4,2
18457,5,2
18458,5,2
18459,6,2
18460,5,2
18461,6,2
18462,6,2
18463,7,2
18464,3,2
18465,4,2
18466,4,2
18467,5,2
18468,4,2
18469,5,2
18470,5,2
18471,6,2
18472,4,2
18473,5,2
18474,5,2
18475,6,2
18476,5,2
18477,6,2
18478,6,2
18479,7,2
18480,4,2
18481,5,2
18482,5,2
18483,6,2
18484,5,2
18485,6,2
18486,6,2
18487,7,2
18488,5,2
18489,6,2
18490,6,2
18491,7,2
18492,6,2
18493,7,2
18494,7,2
18495,8,2
18496,3,2
18497,4,2
18498,4,2
18499,5,2
18500,4,2
18501,5,2
18502,5,2
18503,6,2
18504,4,2
18505,5,2
18506,5,2
18507,6,2
18508,5,2
18509,6,2
18510,6,2
18511,7,2
18512,4,2
18513,5,2
18514,5,2
18515,6,2
18516,5,2
18517,6,2
18518,6,2
18519,7,2
18520,5,2
18521,6,2
18522,6,2
18523,7,2
18524,6,2
18525,7,2
18526,7,2
18527,8,2
18528,4,2
18529,5,2
18530,5,2
18531,6,2
18532,5,2
18533,6,2
18534,6,2
18535,7,2
18536,5,2
18537,6,2
18538,6,2
18539,7,2
18540,6,2
18541,7,2
18542,7,2
18543,8,2
18544,5,2
18545,6,2
18546,6,2
18547,7,2
18548,6,2
18549,7,2
18550,7,2
18551,8,2
18552,6,2
18553,7,2
18554,7,2
18555,8,2
18556,7,2
18557,8,2
18558,8,2
18559,9,2
18560,3,2
18561,4,2
18562,4,2
18563,5,2
18564,4,2
18565,5,2
18566,5,2
18567,6,2
18568,4,2
18569,5,2
18570,5,2
18571,6,2
18572,5,2
18573,6,2
18574,6,2
18575,7,2
18576,4,2
18577,5,2
18578,5,2
18579,6,2
18580,5,2
18581,6,2
18582,6,2
18583,7,2
18584,5,2
18585,6,2
18586,6,2
18587,7,2
18588,6,2
18589,7,2
18590,7,2
18591,8,2
18592,4,2
18593,5,2
18594,5,2
18595,6,2
18596,5,2
18597,6,2
18598,6,2
18599,7,2
18600,5,2
18601,6,2
18602,6,2
18603,7,2
18604,6,2
18605,7,2
18606,7,2
18607,8,2
18608,5,2
18609,6,2
18610,6,2
18611,7,2
18612,6,2
18613,7,2
18614,7,2
18615,8,2
18616,6,2
18617,7,2
18618,7,2
18619,8,2
18620,7,2
18621,8,2
18622,8,2
18623,9,2
18624,4,2
18625,5,2
18626,5,2
18627,6,2
18628,5,2
18629,6,2
18630,6,2
18631,7,2
18632,5,2
18633,6,2
18634,6,2
18635,7,2
18636,6,2
18637,7,2
18638,7,2
18639,8,2
18640,5,2
18641,6,2
18642,6,2
18643,7,2
18644,6,2
18645,7,2
18646,7,2
18647,8,2
18648,6,2
18649,7,2
18650,7,2
18651,8,2
18652,7,2
18653,8,2
18654,8,2
18655,9,2
18656,5,2
18657,6,2
18658,6,2
18659,7,2
18660,6,2
18661,7,2
18662,7,2
18663,8,2
18664,6,2
18665,7,2
18666,7,2
18667,8,2
18668,7,2
18669,8,2
18670,8,2
18671,9,2
18672,6,2
18673,7,2
18674,7,2
18675,8,2
18676,7,2
18677,8,2
18678,8,2
18679,9,2
18680,7,2
18681,8,2
18682,8,2
18683,9,2
18684,8,2
18685,9,2
18686,9,2
18687,10,2
18688,3,2
18689,4,2
18690,4,2
18691,5,2
18692,4,2
18693,5,2
18694,5,2
18695,6,2
18696,4,2
18697,5,2
18698,5,2
18699,6,2
18700,5,2
18701,6,2
18702,6,2
18703,7,2
18704,4,2
18705,5,2
18706,5,2
18707,6,2
18708,5,2
18709,6,2
18710,6,2
18711,7,2
18712,5,2
18713,6,2
18714,6,2
18715,7,2
18716,6,2
18717,7,2
18718,7,2
18719,8,2
18720,4,2
18721,5,2
18722,5,2
18723,6,2
18724,5,2
18725,6,2
18726,6,2
18727,7,2
18728,5,2
18729,6,2
18730,6,2
18731,7,2
18732,6,2
18733,7,2
18734,7,2
18735,8,2
18736,5,2
18737,6,2
18738,6,2
18739,7,2
18740,6,2
18741,7,2
18742,7,2
18743,8,2
18744,6,2
18745,7,2
18746,7,2
18747,8,2
18748,7,2
18749,8,2
18750,8,2
18751,9,2
18752,4,2
18753,5,2
18754,5,2
18755,6,2
18756,5,2
18757,6,2
18758,6,2
18759,7,2
18760,5,2
18761,6,2
18762,6,2
18763,7,2
18764,6,2
18765,7,2
18766,7,2
18767,8,2
18768,5,2
18769,6,2
18770,6,2
18771,7,2
18772,6,2
18773,7,2
18774,7,2
18775,8,2
18776,6,2
18777,7,2
18778,7,2
18779,8,2
18780,7,2
18781,8,2
18782,8,2
18783,9,2
18784,5,2
18785,6,2
18786,6,2
18787,7,2
18788,6,2
18789,7,2
18790,7,2
18791,8,2
18792,6,2
18793,7,2
18794,7,2
18795,8,2
18796,7,2
18797,8,2
18798,8,2
18799,9,2
18800,6,2
18801,7,2
18802,7,2
18803,8,2
18804,7,2
18805,8,2
18806,8,2
18807,9,2
18808,7,2
18809,8,2
18810,8,2
18811,9,2
18812,8,2
18813,9,2
18814,9,2
18815,10,2
18816,4,2
18817,5,2
18818,5,2
18819,6,2
18820,5,2
18821,6,2
18822,6,2
18823,7,2
18824,5,2
18825,6,2
18826,6,2
18827,7,2
18828,6,2
18829,7,2
18830,7,2
18831,8,2
18832,5,2
18833,6,2
18834,6,2
18835,7,2
18836,6,2
18837,7,2
18838,7,2
18839,8,2
18840,6,2
18841,7,2
18842,7,2
18843,8,2
18844,7,2
18845,8,2
18846,8,2
18847,9,2
18848,5,2
18849,6,2
18850,6,2
18851,7,2
18852,6,2
18853,7,2
18854,7,2
18855,8,2
18856,6,2
18857,7,2
18858,7,2
18859,8,2
18860,7,2
18861,8,2
18862,8,2
18863,9,2
18864,6,2
18865,7,2
18866,7,2
18867,8,2
18868,7,2
18869,8,2
18870,8,2
18871,9,2
18872,7,2
18873,8,2
18874,8,2
18875,9,2
18876,8,2
18877,9,2
18878,9,2
18879,10,2
18880,5,2
18881,6,2
18882,6,2
18883,7,2
18884,6,2
18885,7,2
18886,7,2
18887,8,2
18888,6,2
18889,7,2
18890,7,2
18891,8,2
18892,7,2
18893,8,2
18894,8,2
18895,9,2
18896,6,2
18897,7,2
18898,7,2
18899,8,2
18900,7,2
18901,8,2
18902,8,2
18903,9,2
18904,7,2
18905,8,2
18906,8,2
18907,9,2
18908,8,2
18909,9,2
18910,9,2
18911,10,2
18912,6,2
18913,7,2
18914,7,2
18915,8,2
18916,7,2
18917,8,2
18918,8,2
18919,9,2
18920,7,2
18921,8,2
18922,8,2
18923,9,2
18924,8,2
18925,9,2
18926,9,2
18927,10,2
18928,7,2
18929,8,2
18930,8,2
18931,9,2
18932,8,2
18933,9,2
18934,9,2
18935,10,2
18936,8,2
18937,9,2
18938,9,2
18939,10,2
18940,9,2
18941,10,2
18942,10,2
18943,11,2
18944,3,2
18945,4,2
18946,4,2
18947,5,2
18948,4,2
18949,5,2
18950,5,2
18951,6,2
18952,4,2
18953,5,2
18954,5,2
18955,6,2
18956,5,2
18957,6,2
18958,6,2
18959,7,2
18960,4,2
18961,5,2
18962,5,2
18963,6,2
18964,5,2
18965,6,2
18966,6,2
18967,7,2
18968,5,2
18969,6,2
18970,6,2
18971,7,2
18972,6,2
18973,7,2
18974,7,2
18975,8,2
18976,4,2
18977,5,2
18978,5,2
18979,6,2
18980,5,2
18981,6,2
18982,6,2
18983,7,2
18984,5,2
18985,6,2
18986,6,2
18987,7,2
18988,6,2
18989,7,2
18990,7,2
18991,8,2
18992,5,2
18993,6,2
18994,6,2
18995,7,2
18996,6,2
18997,7,2
18998,7,2
18999,8,2
19000,6,2
19001,7,2
19002,7,2
19003,8,2
19004,7,2
19005,8,2
19006,8,2
19007,9,2
19008,4,2
19009,5,2
19010,5,2
19011,6,2
19012,5,2
19013,6,2
19014,6,2
19015,7,2
19016,5,2
19017,6,2
19018,6,2
19019,7,2
19020,6,2
19021,7,2
19022,7,2
19023,8,2
19024,5,2
19025,6,2
19026,6,2
19027,7,2
19028,6,2
19029,7,2
19030,7,2
19031,8,2
19032,6,2
19033,7,2
19034,7,2
19035,8,2
19036,7,2
19037,8,2
19038,8,2
19039,9,2
19040,5,2
19041,6,2
19042,6,2
19043,7,2
19044,6,2
19045,7,2
19046,7,2
19047,8,2
19048,6,2
19049,7,2
19050,7,2
19051,8,2
19052,7,2
19053,8,2
19054,8,2
19055,9,2
19056,6,2
19057,7,2
19058,7,2
19059,8,2
19060,7,2
19061,8,2
19062,8,2
19063,9,2
19064,7,2
19065,8,2
19066,8,2
19067,9,2
19068,8,2
19069,9,2
19070,9,2
19071,10,2
19072,4,2
19073,5,2
19074,5,2
19075,6,2
19076,5,2
19077,6,2
19078,6,2
19079,7,2
19080,5,2
19081,6,2
19082,6,2
19083,7,2
19084,6,2
19085,7,2
19086,7,2
19087,8,2
19088,5,2
19089,6,2
19090,6,2
19091,7,2
19092,6,2
19093,7,2
19094,7,2
19095,8,2
19096,6,2
19097,7,2
19098,7,2
19099,8,2
19100,7,2
19101,8,2
19102,8,2
19103,9,2
19104,5,2
19105,6,2
19106,6,2
19107,7,2
19108,6,2
19109,7,2
19110,7,2
19111,8,2
19112,6,2
19113,7,2
19114,7,2
19115,8,2
19116,7,2
19117,8,2
19118,8,2
19119,9,2
19120,6,2
19121,7,2
19122,7,2
19123,8,2
19124,7,2
19125,8,2
19126,8,2
19127,9,2
19128,7,2
19129,8,2
19130,8,2
19131,9,2
19132,8,2
19133,9,2
19134,9,2
19135,10,2
19136,5,2
19137,6,2
19138,6,2
19139,7,2
19140,6,2
19141,7,2
19142,7,2
19143,8,2
19144,6,2
19145,7,2
19146,7,2
19147,8,2
19148,7,2
19149,8,2
19150,8,2
19151,9,2
19152,6,2
19153,7,2
19154,7,2
19155,8,2
19156,7,2
19157,8,2
19158,8,2
19159,9,2
19160,7,2
19161,8,2
19162,8,2
19163,9,2
19164,8,2
19165,9,2
19166,9,2
19167,10,2
19168,6,2
19169,7,2
19170,7,2
19171,8,2
19172,7,2
19173,8,2
19174,8,2
19175,9,2
19176,7,2
19177,8,2
19178,8,2
19179,9,2
19180,8,2
19181,9,2
19182,9,2
19183,10,2
19184,7,2
19185,8,2
19186,8,2
19187,9,2
19188,8,2
19189,9,2
19190,9,2
19191,10,2
19192,8,2
19193,9,2
19194,9,2
19195,10,2
19196,9,2
19197,10,2
19198,10,2
19199,11,2
19200,4,2
19201,5,2
19202,5,2
19203,6,2
19204,5,2
19205,6,2
19206,6,2
19207,7,2
19208,5,2
19209,6,2
19210,6,2
19211,7,2
19212,6,2
19213,7,2
19214,7,2
19215,8,2
19216,5,2
19217,6,2
19218,6,2
19219,7,2
19220,6,2
19221,7,2
19222,7,2
19223,8,2
19224,6,2
19225,7,2
19226,7,2
19227,8,2
19228,7,2
19229,8,2
19230,8,2
19231,9,2
19232,5,2
19233,6,2
19234,6,2
19235,7,2
19236,6,2
19237,7,2
19238,7,2
19239,8,2
19240,6,2
19241,7,2
19242,7,2
19243,8,2
19244,7,2
19245,8,2
19246,8,2
19247,9,2
19248,6,2
19249,7,2
19250,7,2
19251,8,2
19252,7,2
19253,8,2
19254,8,2
19255,9,2
19256,7,2
19257,8,2
19258,8,2
19259,9,2
19260,8,2
19261,9,2
19262,9,2
19263,10,2
19264,5,2
19265,6,2
19266,6,2
19267,7,2
19268,6,3
19269,7,2
19270,7,2
19271,8,2
19272,6,3
19273,7,2
19274,7,2
19275,8,2
19276,7,3
19277,8,3
19278,8,3
19279,9,2
19280,6,2
19281,7,2
19282,7,2
19283,8,2
19284,7,2
19285,8,2
19286,8,2
19287,9,2
19288,7,2
19289,8,2
19290,8,2
19291,9,2
19292,8,2
19293,9,2
19294,9,2
19295,10,2
19296,6,2
19297,7,2
19298,7,2
19299,8,2
19300,7,2
19301,8,2
19302,8,2
19303,9,2
19304,7,2
19305,8,2
19306,8,2
19307,9,2
19308,8,2
19309,9,2
19310,9,2
19311,10,2
19312,7,2
19313,8,2
19314,8,2
19315,9,2
19316,8,2
19317,9,2
19318,9,2
19319,10,2
19320,8,2
19321,9,2
19322,9,2
19323,10,2
19324,9,2
19325,10,2
19326,10,2
19327,11,2
19328,5,2
19329,6,2
19330,6,2
19331,7,2
19332,6,3
19333,7,2
19334,7,2
19335,8,2
19336,6,2
19337,7,2
19338,7,2
19339,8,2
19340,7,2
19341,8,3
19342,8,2
19343,9,2
19344,6,2
19345,7,2
19346,7,2
19347,8,2
19348,7,2
19349,8,2
19350,8,2
19351,9,2
19352,7,2
19353,8,2
19354,8,2
19355,9,2
19356,8,2
19357,9,2
19358,9,2
19359,10,2
19360,6,2
19361,7,2
19362,7,2
19363,8,2
19364,7,2
19365,8,2
19366,8,2
19367,9,2
19368,7,2
19369,8,2
19370,8,2
19371,9,2
19372,8,2
19373,9,2
19374,9,2
19375,10,2
19376,7,2
19377,8,2
19378,8,2
19379,9,2
19380,8,2
19381,9,2
19382,9,2
19383,10,2
19384,8,2
19385,9,2
19386,9,2
19387,10,2
19388,9,2
19389,10,2
19390,10,2
19391,11,2
19392,6,2
19393,7,2
19394,7,2
19395,8,2
19396,7,3
19397,8,2
19398,8,2
19399,9,2
19400,7,2
19401,8,2
19402,8,2
19403,9,2
19404,8,2
19405,9,3
19406,9,2
19407,10,2
19408,7,2
19409,8,2
19410,8,2
19411,9,2
19412,8,3
19413,9,2
19414,9,2
19415,10,2
19416,8,3
19417,9,2
19418,9,2
19419,10,2
19420,9,3
19421,10,3
19422,10,3
19423,11,2
19424,7,2
19425,8,2
19426,8,2
19427,9,2
19428,8,3
19429,9,2
19430,9,2
19431,10,2
19432,8,2
19433,9,2
19434,9,2
19435,10,2
19436,9,2
19437,10,3
19438,10,2
19439,11,2
19440,8,2
19441,9,2
19442,9,2
19443,10,2
19444,9,2
19445,10,2
19446,10,2
19447,11,2
19448,9,2
19449,10,2
19450,10,2
19451,11,2
19452,10,2
19453,11,2
19454,11,2
19455,12,2
19456,3,2
19457,4,2
19458,4,2
19459,5,2
19460,4,2
19461,5,2
19462,5,2
19463,6,2
19464,4,2
19465,5,2
19466,5,2
19467,6,2
19468,5,2
19469,6,2
19470,6,2
19471,7,2
19472,4,2
19473,5,2
19474,5,2
19475,6,2
19476,5,2
19477,6,2
19478,6,2
19479,7,2
19480,5,2
19481,6,2
19482,6,2
19483,7,2
19484,6,2
19485,7,2
19486,7,2
19487,8,2
19488,4,2
19489,5,2
19490,5,2
19491,6,2
19492,5,2
19493,6,2
19494,6,2
19495,7,2
19496,5,2
19497,6,2
19498,6,2
19499,7,2
19500,6,2
19501,7,2
19502,7,2
19503,8,2
19504,5,2
19505,6,2
19506,6,2
19507,7,2
19508,6,2
19509,7,2
19510,7,2
19511,8,2
19512,6,2
19513,7,2
19514,7,2
19515,8,2
19516,7,2
19517,8,2
19518,8,2
19519,9,2
19520,4,2
19521,5,2
19522,5,2
19523,6,2
19524,5,2
19525,6,2
19526,6,2
19527,7,2
19528,5,2
19529,6,2
19530,6,2
19531,7,2
19532,6,2
19533,7,2
19534,7,2
19535,8,2
19536,5,2
19537,6,2
19538,6,2
19539,7,2
19540,6,2
19541,7,2
19542,7,2
19543,8,2
19544,6,2
19545,7,2
19546,7,2
19547,8,2
19548,7,2
19549,8,2
19550,8,2
19551,9,2
19552,5,2
19553,6,2
19554,6,2
19555,7,2
19556,6,2
19557,7,2
19558,7,2
19559,8,2
19560,6,2
19561,7,2
19562,7,2
19563,8,2
19564,7,2
19565,8,2
19566,8,2
19567,9,2
19568,6,2
19569,7,2
19570,7,2
19571,8,2
19572,7,2
19573,8,2
19574,8,2
19575,9,2
19576,7,2
19577,8,2
19578,8,2
19579,9,2
19580,8,2
19581,9,2
19582,9,2
19583,10,2
19584,4,2
19585,5,2
19586,5,2
19587,6,2
19588,5,2
19589,6,2
19590,6,2
19591,7,2
19592,5,2
19593,6,2
19594,6,2
19595,7,2
19596,6,2
19597,7,2
19598,7,2
19599,8,2
19600,5,2
19601,6,2
19602,6,2
19603,7,2
19604,6,2
19605,7,2
19606,7,2
19607,8,2
19608,6,2
19609,7,2
19610,7,2
19611,8,2
19612,7,2
19613,8,2
19614,8,2
19615,9,2
19616,5,2
19617,6,2
19618,6,2
19619,7,2
19620,6,2
19621,7,2
19622,7,2
19623,8,2
19624,6,2
19625,7,2
19626,7,2
19627,8,2
19628,7,2
19629,8,2
19630,8,2
19631,9,2
19632,6,2
19633,7,2
19634,7,2
19635,8,2
19636,7,2
19637,8,2
19638,8,2
19639,9,2
19640,7,2
19641,8,2
19642,8,2
19643,9,2
19644,8,2
19645,9,2
19646,9,2
19647,10,2
19648,5,2
19649,6,2
19650,6,2
19651,7,2
19652,6,2
19653,7,2
19654,7,2
19655,8,2
19656,6,2
19657,7,2
19658,7,2
19659,8,2
19660,7,2
19661,8,2
19662,8,2
19663,9,2
19664,6,2
19665,7,2
19666,7,2
19667,8,2
19668,7,2
19669,8,2
19670,8,2
19671,9,2
19672,7,2
19673,8,2
19674,8,2
19675,9,2
19676,8,2
19677,9,2
19678,9,2
19679,10,2
19680,6,2
19681,7,2
19682,7,2
19683,8,2
19684,7,2
19685,8,2
19686,8,2
19687,9,2
19688,7,2
19689,8,2
19690,8,2
19691,9,2
19692,8,2
19693,9,2
19694,9,2
19695,10,2
19696,7,2
19697,8,2
19698,8,2
19699,9,2
19700,8,2
19701,9,2
19702,9,2
19703,10,2
19704,8,2
19705,9,2
19706,9,2
19707,10,2
19708,9,2
19709,10,2
19710,10,2
19711,11,2
19712,4,2
19713,5,2
19714,5,2
19715,6,2
19716,5,2
19717,6,2
19718,6,2
19719,7,2
19720,5,2
19721,6,2
19722,6,2
19723,7,2
19724,6,2
19725,7,2
19726,7,2
19727,8,2
19728,5,2
19729,6,2
19730,6,2
19731,7,2
19732,6,2
19733,7,2
19734,7,2
19735,8,2
19736,6,2
19737,7,2
19738,7,2
19739,8,2
19740,7,2
19741,8,2
19742,8,2
19743,9,2
19744,5,2
19745,6,2
19746,6,2
19747,7,2
19748,6,2
19749,7,2
19750,7,2
19751,8,2
19752,6,2
19753,7,2
19754,7,2
19755,8,2
19756,7,2
19757,8,2
19758,8,2
19759,9,2
19760,6,2
19761,7,2
19762,7,2
19763,8,2
19764,7,2
19765,8,2
19766,8,2
19767,9,2
19768,7,2
19769,8,2
19770,8,2
19771,9,2
19772,8,2
19773,9,2
19774,9,2
19775,10,2
19776,5,2
19777,6,2
19778,6,2
19779,7,2
19780,6,2
19781,7,2
19782,7,2
19783,8,2
19784,6,2
19785,7,2
19786,7,2
19787,8,2
19788,7,2
19789,8,2
19790,8,2
19791,9,2
19792,6,2
19793,7,2
19794,7,2
19795,8,2
19796,7,2
19797,8,2
19798,8,2
19799,9,2
19800,7,2
19801,8,2
19802,8,2
19803,9,2
19804,8,2
19805,9,2
19806,9,2
19807,10,2
19808,6,2
19809,7,2
19810,7,2
19811,8,2
19812,7,2
19813,8,2
19814,8,2
19815,9,2
19816,7,2
19817,8,2
19818,8,2
19819,9,2
19820,8,2
19821,9,2
19822,9,2
19823,10,2
19824,7,2
19825,8,2
19826,8,2
19827,9,2
19828,8,2
19829,9,2
19830,9,2
19831,10,2
19832,8,2
19833,9,2
19834,9,2
19835,10,2
19836,9,2
19837,10,2
19838,10,2
19839,11,2
19840,5,2
19841,6,2
19842,6,2
19843,7,2
19844,6,2
19845,7,2
19846,7,2
19847,8,2
19848,6,2
19849,7,2
19850,7,2
19851,8,2
19852,7,2
19853,8,2
19854,8,2
19855,9,2
19856,6,2
19857,7,2
19858,7,2
19859,8,2
19860,7,2
19861,8,2
19862,8,2
19863,9,2
19864,7,2
19865,8,2
19866,8,2
19867,9,2
19868,8,2
19869,9,2
19870,9,2
19871,10,2
19872,6,2
19873,7,2
19874,7,2
19875,8,2
19876,7,2
19877,8,2
19878,8,2
19879,9,2
19880,7,2
19881,8,2
19882,8,2
19883,9,2
19884,8,2
19885,9,2
19886,9,2
19887,10,2
19888,7,2
19889,8,2
19890,8,2
19891,9,2
19892,8,2
19893,9,2
19894,9,2
19895,10,2
19896,8,2
19897,9,2
19898,9,2
19899,10,2
19900,9,2
19901,10,2
19902,10,2
19903,11,2
19904,6,2
19905,7,2
19906,7,2
19907,8,2
19908,7,2
19909,8,2
19910,8,2
19911,9,2
19912,7,2
19913,8,2
19914,8,2
19915,9,2
19916,8,2
19917,9,2
19918,9,2
19919,10,2
19920,7,2
19921,8,2
19922,8,2
19923,9,2
19924,8,2
19925,9,2
19926,9,2
19927,10,2
19928,8,2
19929,9,2
19930,9,2
19931,10,2
19932,9,2
19933,10,2
19934,10,2
19935,11,2
19936,7,2
19937,8,2
19938,8,2
19939,9,2
19940,8,2
19941,9,2
19942,9,2
19943,10,2
19944,8,2
19945,9,2
19946,9,2
19947,10,2
19948,9,2
19949,10,2
19950,10,2
19951,11,2
19952,8,2
19953,9,2
19954,9,2
19955,10,2
19956,9,2
19957,10,2
19958,10,2
19959,11,2
19960,9,2
19961,10,2
19962,10,2
19963,11,2
19964,10,2
19965,11,2
19966,11,2
19967,12,2
19968,4,2
19969,5,2
19970,5,2
19971,6,2
19972,5,2
19973,6,2
19974,6,2
19975,7,2
19976,5,2
19977,6,2
19978,6,2
19979,7,2
19980,6,2
19981,7,2
19982,7,2
19983,8,2
19984,5,2
19985,6,2
19986,6,2
19987,7,2
19988,6,2
19989,7,2
19990,7,2
19991,8,2
19992,6,2
19993,7,2
19994,7,2
19995,8,2
19996,7,2
19997,8,2
19998,8,2
19999,9,2
20000,5,2
20001,6,2
20002,6,2
20003,7,2
20004,6,2
20005,7,2
20006,7,2
20007,8,2
20008,6,2
20009,7,2
20010,7,2
20011,8,2
20012,7,2
20013,8,2
20014,8,2
20015,9,2
20016,6,2
20017,7,2
20018,7,2
20019,8,2
20020,7,2
20021,8,2
20022,8,2
20023,9,2
20024,7,2
20025,8,2
20026,8,2
20027,9,2
20028,8,2
20029,9,2
20030,9,2
20031,10,2
20032,5,2
20033,6,2
20034,6,2
20035,7,2
20036,6,2
20037,7,2
20038,7,2
20039,8,2
20040,6,2
20041,7,2
20042,7,2
20043,8,2
20044,7,2
20045,8,2
20046,8,2
20047,9,2
20048,6,2
20049,7,2
20050,7,2
20051,8,2
20052,7,2
20053,8,2
20054,8,2
20055,9,2
20056,7,2
20057,8,2
20058,8,2
20059,9,2
20060,8,2
20061,9,2
20062,9,2
20063,10,2
20064,6,2
20065,7,2
20066,7,2
20067,8,2
20068,7,2
20069,8,2
20070,8,2
20071,9,2
20072,7,2
20073,8,2
20074,8,2
20075,9,2
20076,8,2
20077,9,2
20078,9,2
20079,10,2
20080,7,2
20081,8,2
20082,8,2
20083,9,2
20084,8,2
20085,9,2
20086,9,2
20087,10,2
20088,8,2
20089,9,2
20090,9,2
20091,10,2
20092,9,2
20093,10,2
20094,10,2
20095,11,2
20096,5,2
20097,6,2
20098,6,2
20099,7,2
20100,6,2
20101,7,2
20102,7,2
20103,8,2
20104,6,2
20105,7,2
20106,7,2
20107,8,2
20108,7,2
20109,8,2
20110,8,2
20111,9,2
20112,6,2
20113,7,2
20114,7,2
20115,8,2
20116,7,2
20117,8,2
20118,8,2
20119,9,2
20120,7,2
20121,8,2
20122,8,2
20123,9,2
20124,8,2
20125,9,2
20126,9,2
20127,10,2
20128,6,2
20129,7,2
20130,7,2
20131,8,2
20132,7,2
20133,8,2
20134,8,2
20135,9,2
20136,7,2
20137,8,2
20138,8,2
20139,9,2
20140,8,2
20141,9,2
20142,9,2
20143,10,2
20144,7,2
20145,8,2
20146,8,2
20147,9,2
20148,8,2
20149,9,2
20150,9,2
20151,10,2
20152,8,2
20153,9,2
20154,9,2
20155,10,2
20156,9,2
20157,10,2
20158,10,2
20159,11,2
20160,6,2
20161,7,2
20162,7,2
20163,8,2
20164,7,2
20165,8,2
20166,8,2
20167,9,2
20168,7,2
20169,8,2
20170,8,2
20171,9,2
20172,8,2
20173,9,2
20174,9,2
20175,10,2
20176,7,2
20177,8,2
20178,8,2
20179,9,2
20180,8,2
20181,9,2
20182,9,2
20183,10,2
20184,8,2
20185,9,2
20186,9,2
20187,10,2
20188,9,2
20189,10,2
20190,10,2
20191,11,2
20192,7,2
20193,8,2
20194,8,2
20195,9,2
20196,8,2
20197,9,2
20198,9,2
20199,10,2
20200,8,2
20201,9,2
20202,9,2
20203,10,2
20204,9,2
20205,10,2
20206,10,2
20207,11,2
20208,8,2
20209,9,2
20210,9,2
20211,10,2
20212,9,2
20213,10,2
20214,10,2
20215,11,2
20216,9,2
20217,10,2
20218,10,2
20219,11,2
20220,10,2
20221,11,2
20222,11,2
20223,12,2
20224,5,2
20225,6,2
20226,6,2
20227,7,2
20228,6,2
20229,7,2
20230,7,2
20231,8,2
20232,6,2
20233,7,2
20234,7,2
20235,8,2
20236,7,2
20237,8,2
20238,8,2
20239,9,2
20240,6,2
20241,7,2
20242,7,2
20243,8,2
20244,7,2
20245,8,2
20246,8,2
20247,9,2
20248,7,2
20249,8,2
20250,8,2
20251,9,2
20252,8,2
20253,9,2
20254,9,2
20255,10,2
20256,6,2
20257,7,2
20258,7,2
20259,8,2
20260,7,2
20261,8,2
20262,8,2
20263,9,2
20264,7,2
20265,8,2
20266,8,2
20267,9,2
20268,8,2
20269,9,2
20270,9,2
20271,10,2
20272,7,2
20273,8,2
20274,8,2
20275,9,2
20276,8,2
20277,9,2
20278,9,2
20279,10,2
20280,8,2
20281,9,2
20282,9,2
20283,10,2
20284,9,2
20285,10,2
20286,10,2
20287,11,2
20288,6,2
20289,7,2
20290,7,2
20291,8,2
20292,7,2
20293,8,2
20294,8,2
20295,9,2
20296,7,2
20297,8,2
20298,8,2
20299,9,2
20300,8,2
20301,9,2
20302,9,2
20303,10,2
20304,7,2
20305,8,2
20306,8,2
20307,9,2
20308,8,2
20309,9,2
20310,9,2
20311,10,2
20312,8,2
20313,9,2
20314,9,2
20315,10,2
20316,9,2
20317,10,2
20318,10,2
20319,11,2
20320,7,2
20321,8,2
20322,8,2
20323,9,2
20324,8,2
20325,9,2
20326,9,2
20327,10,2
20328,8,2
20329,9,2
20330,9,2
20331,10,2
20332,9,2
20333,10,2
20334,10,2
20335,11,2
20336,8,2
20337,9,2
20338,9,2
20339,10,2
20340,9,2
20341,10,2
20342,10,2
20343,11,2
20344,9,2
20345,10,2
20346,10,2
20347,11,2
20348,10,2
20349,11,2
20350,11,2
20351,12,2
20352,6,2
20353,7,2
20354,7,2
20355,8,2
20356,7,2
20357,8,2
20358,8,2
20359,9,2
20360,7,2
20361,8,2
20362,8,2
20363,9,2
20364,8,2
20365,9,2
20366,9,2
20367,10,2
20368,7,2
20369,8,2
20370,8,2
20371,9,2
20372,8,2
20373,9,2
20374,9,2
20375,10,2
20376,8,2
20377,9,2
20378,9,2
20379,10,2
20380,9,2
20381,10,2
20382,10,2
20383,11,2
20384,7,2
20385,8,2
20386,8,2
20387,9,2
20388,8,2
20389,9,2
20390,9,2
20391,10,2
20392,8,2
20393,9,2
20394,9,2
20395,10,2
20396,9,2
20397,10,2
20398,10,2
20399,11,2
20400,8,2
20401,9,2
20402,9,2
20403,10,2
20404,9,2
20405,10,2
20406,10,2
20407,11,2
20408,9,2
20409,10,2
20410,10,2
20411,11,2
20412,10,2
20413,11,2
20414,11,2
20415,12,2
20416,7,2
20417,8,2
20418,8,2
20419,9,2
20420,8,2
20421,9,2
20422,9,2
20423,10,2
20424,8,2
20425,9,2
20426,9,2
20427,10,2
20428,9,2
20429,10,2
20430,10,2
20431,11,2
20432,8,2
20433,9,2
20434,9,2
20435,10,2
20436,9,2
20437,10,2
20438,10,2
20439,11,2
20440,9,2
20441,10,2
20442,10,2
20443,11,2
20444,10,2
20445,11,2
20446,11,2
20447,12,2
20448,8,2
20449,9,2
20450,9,2
20451,10,2
20452,9,2
20453,10,2
20454,10,2
20455,11,2
20456,9,2
20457,10,2
20458,10,2
20459,11,2
20460,10,2
20461,11,2
20462,11,2
20463,12,2
20464,9,2
20465,10,2
20466,10,2
20467,11,2
20468,10,2
20469,11,2
20470,11,2
20471,12,2
20472,10,2
20473,11,2
20474,11,2
20475,12,2
20476,11,2
20477,12,2
20478,12,2
20479,13,2
20480,2,2
20481,3,2
20482,3,2
20483,4,2
20484,3,2
20485,4,2
20486,4,2
20487,5,2
20488,3,2
20489,4,2
20490,4,2
20491,5,2
20492,4,2
20493,5,2
20494,5,2
20495,6,2
20496,3,2
20497,4,2
20498,4,2
20499,5,2
20500,4,2
20501,5,2
20502,5,2
20503,6,2
20504,4,2
20505,5,2
20506,5,2
20507,6,2
20508,5,2
20509,6,2
20510,6,2
20511,7,2
20512,3,2
20513,4,2
20514,4,2
20515,5,2
20516,4,2
20517,5,2
20518,5,2
20519,6,2
20520,4,2
20521,5,2
20522,5,2
20523,6,2
20524,5,2
20525,6,2
20526,6,2
20527,7,2
20528,4,2
20529,5,2
20530,5,2
20531,6,2
20532,5,2
20533,6,2
20534,6,2
20535,7,2
20536,5,2
20537,6,2
20538,6,2
20539,7,2
20540,6,2
20541,7,2
20542,7,2
20543,8,2
20544,3,2
20545,4,2
20546,4,2
20547,5,2
20548,4,2
20549,5,2
20550,5,2
20551,6,2
20552,4,2
20553,5,2
20554,5,2
20555,6,2
20556,5,2
20557,6,2
20558,6,2
20559,7,2
20560,4,2
20561,5,2
20562,5,2
20563,6,2
20564,5,2
20565,6,2
20566,6,2
20567,7,2
20568,5,2
20569,6,2
20570,6,2
20571,7,2
20572,6,2
20573,7,2
20574,7,2
20575,8,2
20576,4,2
20577,5,2
20578,5,2
20579,6,2
20580,5,2
20581,6,2
20582,6,2
20583,7,2
20584,5,2
20585,6,2
20586,6,2
20587,7,2
20588,6,2
20589,7,2
20590,7,2
20591,8,2
20592,5,2
20593,6,2
20594,6,2
20595,7,2
20596,6,2
20597,7,2
20598,7,2
20599,8,2
20600,6,2
20601,7,2
20602,7,2
20603,8,2
20604,7,2
20605,8,2
20606,8,2
20607,9,2
20608,3,2
20609,4,2
20610,4,2
20611,5,2
20612,4,2
20613,5,2
20614,5,2
20615,6,2
20616,4,2
20617,5,2
20618,5,2
20619,6,2
20620,5,2
20621,6,2
20622,6,2
20623,7,2
20624,4,2
20625,5,2
20626,5,2
20627,6,2
20628,5,2
20629,6,2
20630,6,2
20631,7,2
20632,5,2
20633,6,2
20634,6,2
20635,7,2
20636,6,2
20637,7,2
20638,7,2
20639,8,2
20640,4,2
20641,5,2
20642,5,2
20643,6,2
20644,5,2
20645,6,2
20646,6,2
20647,7,2
20648,5,2
20649,6,2
20650,6,2
20651,7,2
20652,6,2
20653,7,2
20654,7,2
20655,8,2
20656,5,2
20657,6,2
20658,6,2
20659,7,2
20660,6,2
20661,7,2
20662,7,2
20663,8,2
20664,6,2
20665,7,2
20666,7,2
20667,8,2
20668,7,2
20669,8,2
20670,8,2
20671,9,2
20672,4,2
20673,5,2
20674,5,2
20675,6,2
20676,5,2
20677,6,2
20678,6,2
20679,7,2
20680,5,2
20681,6,2
20682,6,2
20683,7,2
20684,6,2
20685,7,2
20686,7,2
20687,8,2
20688,5,2
20689,6,2
20690,6,2
20691,7,2
20692,6,2
20693,7,2
20694,7,2
20695,8,2
20696,6,2
20697,7,2
20698,7,2
20699,8,2
20700,7,2
20701,8,2
20702,8,2
20703,9,2
20704,5,2
20705,6,2
20706,6,2
20707,7,2
20708,6,2
20709,7,2
20710,7,2
20711,8,2
20712,6,2
20713,7,2
20714,7,2
20715,8,2
20716,7,2
20717,8,2
20718,8,2
20719,9,2
20720,6,2
20721,7,2
20722,7,2
20723,8,2
20724,7,2
20725,8,2
20726,8,2
20727,9,2
20728,7,2
20729,8,2
20730,8,2
20731,9,2
20732,8,2
20733,9,2
20734,9,2
20735,10,2
20736,3,2
20737,4,2
20738,4,2
20739,5,2
20740,4,2
20741,5,2
20742,5,2
20743,6,2
20744,4,2
20745,5,2
20746,5,2
20747,6,2
20748,5,2
20749,6,2
20750,6,2
20751,7,2
20752,4,2
20753,5,2
20754,5,2
20755,6,2
20756,5,2
20757,6,2
20758,6,2
20759,7,2
20760,5,2
20761,6,2
20762,6,2
20763,7,2
20764,6,2
20765,7,2
20766,7,2
20767,8,2
20768,4,2
20769,5,3
20770,5,2
20771,6,2
20772,5,2
20773,6,2
20774,6,2
20775,7,2
20776,5,2
20777,6,2
20778,6,2
20779,7,2
20780,6,2
20781,7,2
20782,7,2
20783,8,2
20784,5,2
20785,6,2
20786,6,2
20787,7,2
20788,6,2
20789,7,2
20790,7,2
20791,8,2
20792,6,2
20793,7,2
20794,7,2
20795,8,2
20796,7,2
20797,8,2
20798,8,2
20799,9,2
20800,4,2
20801,5,2
20802,5,2
20803,6,2
20804,5,2
20805,6,2
20806,6,2
20807,7,2
20808,5,2
20809,6,2
20810,6,2
20811,7,2
20812,6,2
20813,7,2
20814,7,2
20815,8,2
20816,5,2
20817,6,2
20818,6,2
20819,7,2
20820,6,2
20821,7,2
20822,7,2
20823,8,2
20824,6,2
20825,7,2
20826,7,2
20827,8,2
20828,7,2
20829,8,2
20830,8,2
20831,9,2
20832,5,2
20833,6,2
20834,6,2
20835,7,2
20836,6,2
20837,7,2
20838,7,2
20839,8,2
20840,6,2
20841,7,2
20842,7,2
20843,8,2
20844,7,2
20845,8,2
20846,8,2
20847,9,2
20848,6,2
20849,7,2
20850,7,2
20851,8,2
20852,7,2
20853,8,2
20854,8,2
20855,9,2
20856,7,2
20857,8,2
20858,8,2
20859,9,2
20860,8,2
20861,9,2
20862,9,2
20863,10,2
20864,4,2
20865,5,2
20866,5,2
20867,6,2
20868,5,2
20869,6,2
20870,6,2
20871,7,2
20872,5,2
20873,6,2
20874,6,2
20875,7,2
20876,6,2
20877,7,2
20878,7,2
20879,8,2
20880,5,2
20881,6,2
20882,6,2
20883,7,2
20884,6,2
20885,7,2
20886,7,2
20887,8,2
20888,6,2
20889,7,2
20890,7,2
20891,8,2
20892,7,2
20893,8,2
20894,8,2
20895,9,2
20896,5,2
20897,6,2
20898,6,2
20899,7,2
20900,6,2
20901,7,2
20902,7,2
20903,8,2
20904,6,2
20905,7,2
20906,7,2
20907,8,2
20908,7,2
20909,8,2
20910,8,2
20911,9,2
20912,6,2
20913,7,2
20914,7,2
20915,8,2
20916,7,2
20917,8,2
20918,8,2
20919,9,2
20920,7,2
20921,8,2
20922,8,2
20923,9,2
20924,8,2
20925,9,2
20926,9,2
20927,10,2
20928,5,2
20929,6,2
20930,6,2
20931,7,2
20932,6,2
20933,7,2
20934,7,2
20935,8,2
20936,6,2
20937,7,2
20938,7,2
20939,8,2
20940,7,2
20941,8,2
20942,8,2
20943,9,2
20944,6,2
20945,7,2
20946,7,2
20947,8,2
20948,7,2
20949,8,2
20950,8,2
20951,9,2
20952,7,2
20953,8,2
20954,8,2
20955,9,2
20956,8,2
20957,9,2
20958,9,2
20959,10,2
20960,6,2
20961,7,2
20962,7,2
20963,8,2
20964,7,2
20965,8,2
20966,8,2
20967,9,2
20968,7,2
20969,8,2
20970,8,2
20971,9,2
20972,8,2
20973,9,2
20974,9,2
20975,10,2
20976,7,2
20977,8,2
20978,8,2
20979,9,2
20980,8,2
20981,9,2
20982,9,2
20983,10,2
20984,8,2
20985,9,2
20986,9,2
20987,10,2
20988,9,2
20989,10,2
20990,10,2
20991,11,2
20992,3,2
20993,4,2
20994,4,2
20995,5,2
20996,4,2
20997,5,2
20998,5,2
20999,6,2
21000,4,2
21001,5,2
21002,5,2
21003,6,2
21004,5,2
21005,6,2
21006,6,2
21007,7,2
21008,4,2
21009,5,2
21010,5,3
21011,6,2
21012,5,2
21013,6,2
21014,6,2
21015,7,2
21016,5,2
21017,6,2
21018,6,2
21019,7,2
21020,6,2
21021,7,2
21022,7,2
21023,8,2
21024,4,2
21025,5,2
21026,5,2
21027,6,2
21028,5,2
21029,6,2
21030,6,2
21031,7,2
21032,5,2
21033,6,2
21034,6,2
21035,7,2
21036,6,2
21037,7,2
21038,7,2
21039,8,2
21040,5,2
21041,6,2
21042,6,2
21043,7,2
21044,6,2
21045,7,2
21046,7,2
21047,8,2
21048,6,2
21049,7,2
21050,7,2
21051,8,2
21052,7,2
21053,8,2
21054,8,2
21055,9,2
21056,4,2
21057,5,3
21058,5,2
21059,6,2
21060,5,2
21061,6,2
21062,6,2
21063,7,2
21064,5,2
21065,6,2
21066,6,2
21067,7,2
21068,6,2
21069,7,2
21070,7,2
21071,8,2
21072,5,2
21073,6,2
21074,6,2
21075,7,2
21076,6,2
21077,7,2
21078,7,2
21079,8,2
21080,6,2
21081,7,2
21082,7,2
21083,8,2
21084,7,2
21085,8,2
21086,8,2
21087,9,2
21088,5,2
21089,6,2
21090,6,2
21091,7,2
21092,6,2
21093,7,2
21094,7,2
21095,8,2
21096,6,2
21097,7,2
21098,7,2
21099,8,2
21100,7,2
21101,8,2
21102,8,2
21103,9,2
21104,6,2
21105,7,2
21106,7,2
21107,8,2
21108,7,2
21109,8,2
21110,8,2
21111,9,2
21112,7,2
21113,8,2
21114,8,2
21115,9,2
21116,8,2
21117,9,2
21118,9,2
21119,10,2
21120,4,2
21121,5,2
21122,5,2
21123,6,2
21124,5,2
21125,6,2
21126,6,2
21127,7,2
21128,5,2
21129,6,2
21130,6,2
21131,7,2
21132,6,2
21133,7,2
21134,7,2
21135,8,2
21136,5,2
21137,6,2
21138,6,2
21139,7,2
21140,6,2
21141,7,2
21142,7,2
21143,8,2
21144,6,2
21145,7,2
21146,7,2
21147,8,2
21148,7,2
21149,8,2
21150,8,2
21151,9,2
21152,5,2
21153,6,2
21154,6,2
21155,7,2
21156,6,2
21157,7,2
21158,7,2
21159,8,2
21160,6,2
21161,7,2
21162,7,2
21163,8,2
21164,7,2
21165,8,2
21166,8,2
21167,9,2
21168,6,2
21169,7,2
21170,7,2
21171,8,2
21172,7,2
21173,8,2
21174,8,2
21175,9,2
21176,7,2
21177,8,2
21178,8,2
21179,9,2
21180,8,2
21181,9,2
21182,9,2
21183,10,2
21184,5,2
21185,6,2
21186,6,2
21187,7,2
21188,6,2
21189,7,2
21190,7,2
21191,8,2
21192,6,2
21193,7,2
21194,7,2
21195,8,2
21196,7,2
21197,8,2
21198,8,2
21199,9,2
21200,6,2
21201,7,2
21202,7,2
21203,8,2
21204,7,2
21205,8,2
21206,8,2
21207,9,2
21208,7,2
21209,8,2
21210,8,2
21211,9,2
21212,8,2
21213,9,2
21214,9,2
21215,10,2
21216,6,2
21217,7,2
21218,7,2
21219,8,2
21220,7,2
21221,8,2
21222,8,2
21223,9,2
21224,7,2
21225,8,2
21226,8,2
21227,9,2
21228,8,2
21229,9,2
21230,9,2
21231,10,2
21232,7,2
21233,8,2
21234,8,2
21235,9,2
21236,8,2
21237,9,2
21238,9,2
21239,10,2
21240,8,2
21241,9,2
21242,9,2
21243,10,2
21244,9,2
21245,10,2
21246,10,2
21247,11,2
21248,4,2
21249,5,2
21250,5,2
21251,6,2
21252,5,2
21253,6,2
21254,6,2
21255,7,2
21256,5,2
21257,6,2
21258,6,2
21259,7,2
21260,6,2
21261,7,2
21262,7,2
21263,8,2
21264,5,2
21265,6,2
21266,6,2
21267,7,2
21268,6,2
21269,7,2
21270,7,2
21271,8,2
21272,6,2
21273,7,2
21274,7,2
21275,8,2
21276,7,2
21277,8,2
21278,8,2
21279,9,2
21280,5,2
21281,6,2
21282,6,2
21283,7,2
21284,6,2
21285,7,2
21286,7,2
21287,8,2
21288,6,2
21289,7,2
21290,7,2
21291,8,2
21292,7,2
21293,8,2
21294,8,2
21295,9,2
21296,6,2
21297,7,2
21298,7,2
21299,8,2
21300,7,2
21301,8,2
21302,8,2
21303,9,2
21304,7,2
21305,8,2
21306,8,2
21307,9,2
21308,8,2
21309,9,2
21310,9,2
21311,10,2
21312,5,2
21313,6,2
21314,6,2
21315,7,2
21316,6,2
21317,7,2
21318,7,2
21319,8,2
21320,6,2
21321,7,2
21322,7,2
21323,8,2
21324,7,2
21325,8,2
21326,8,2
21327,9,2
21328,6,2
21329,7,2
21330,7,2
21331,8,2
21332,7,2
21333,8,2
21334,8,2
21335,9,2
21336,7,2
21337,8,2
21338,8,2
21339,9,2
21340,8,2
21341,9,2
21342,9,2
21343,10,2
21344,6,2
21345,7,2
21346,7,2
21347,8,2
21348,7,2
21349,8,2
21350,8,2
21351,9,2
21352,7,2
21353,8,2
21354,8,2
21355,9,2
21356,8,2
21357,9,2
21358,9,2
21359,10,2
21360,7,2
21361,8,2
21362,8,2
21363,9,2
21364,8,2
21365,9,2
21366,9,2
21367,10,2
21368,8,2
21369,9,2
21370,9,2
21371,10,2
21372,9,2
21373,10,2
21374,10,2
21375,11,2
21376,5,2
21377,6,2
21378,6,2
21379,7,2
21380,6,2
21381,7,2
21382,7,2
21383,8,2
21384,6,2
21385,7,2
21386,7,2
21387,8,2
21388,7,2
21389,8,2
21390,8,2
21391,9,2
21392,6,2
21393,7,2
21394,7,2
21395,8,2
21396,7,2
21397,8,2
21398,8,2
21399,9,2
21400,7,2
21401,8,2
21402,8,2
21403,9,2
21404,8,2
21405,9,2
21406,9,2
21407,10,2
21408,6,2
21409,7,2
21410,7,2
21411,8,2
21412,7,2
21413,8,2
21414,8,2
21415,9,2
21416,7,2
21417,8,2
21418,8,2
21419,9,2
21420,8,2
21421,9,2
21422,9,2
21423,10,2
21424,7,2
21425,8,2
21426,8,2
21427,9,2
21428,8,2
21429,9,2
21430,9,2
21431,10,2
21432,8,2
21433,9,2
21434,9,2
21435,10,2
21436,9,2
21437,10,2
21438,10,2
21439,11,2
21440,6,2
21441,7,2
21442,7,2
21443,8,2
21444,7,2
21445,8,2
21446,8,2
21447,9,2
21448,7,2
21449,8,2
21450,8,2
21451,9,2
21452,8,2
21453,9,2
21454,9,2
21455,10,2
21456,7,2
21457,8,2
21458,8,2
21459,9,2
21460,8,2
21461,9,2
21462,9,2
21463,10,2
21464,8,2
21465,9,2
21466,9,2
21467,10,2
21468,9,2
21469,10,2
21470,10,2
21471,11,2
21472,7,2
21473,8,2
21474,8,2
21475,9,2
21476,8,2
21477,9,2
21478,9,2
21479,10,2
21480,8,2
21481,9,2
21482,9,2
21483,10,2
21484,9,2
21485,10,2
21486,10,2
21487,11,2
21488,8,2
21489,9,2
21490,9,2
21491,10,2
21492,9,2
21493,10,2
21494,10,2
21495,11,2
21496,9,2
21497,10,2
21498,10,2
21499,11,2
21500,10,2
21501,11,2
21502,11,2
21503,12,2
21504,3,2
21505,4,2
21506,4,2
21507,5,2
21508,4,2
21509,5,2
21510,5,2
21511,6,2
21512,4,2
21513,5,2
21514,5,2
21515,6,2
21516,5,2
21517,6,2
21518,6,2
21519,7,2
21520,4,2
21521,5,2
21522,5,2
21523,6,2
21524,5,2
21525,6,2
21526,6,2
21527,7,2
21528,5,2
21529,6,2
21530,6,2
21531,7,2
21532,6,2
21533,7,2
21534,7,2
21535,8,2
21536,4,2
21537,5,2
21538,5,2
21539,6,2
21540,5,2
21541,6,2
21542,6,2
21543,7,2
21544,5,2
21545,6,2
21546,6,2
21547,7,2
21548,6,2
21549,7,2
21550,7,2
21551,8,2
21552,5,2
21553,6,2
21554,6,2
21555,7,2
21556,6,2
21557,7,2
21558,7,2
21559,8,2
21560,6,2
21561,7,2
21562,7,2
21563,8,2
21564,7,2
21565,8,2
21566,8,2
21567,9,2
21568,4,2
21569,5,2
21570,5,2
21571,6,2
21572,5,2
21573,6,2
21574,6,2
21575,7,2
21576,5,2
21577,6,2
21578,6,2
21579,7,2
21580,6,2
21581,7,2
21582,7,2
21583,8,2
21584,5,2
21585,6,2
21586,6,2
21587,7,2
21588,6,2
21589,7,2
21590,7,2
21591,8,2
21592,6,2
21593,7,2
21594,7,2
21595,8,2
21596,7,2
21597,8,2
21598,8,2
21599,9,2
21600,5,2
21601,6,2
21602,6,2
21603,7,2
21604,6,2
21605,7,2
21606,7,2
21607,8,2
21608,6,2
21609,7,2
21610,7,2
21611,8,2
21612,7,2
21613,8,2
21614,8,2
21615,9,2
21616,6,2
21617,7,2
21618,7,2
21619,8,2
21620,7,2
21621,8,2
21622,8,2
21623,9,2
21624,7,2
21625,8,2
21626,8,2
21627,9,2
21628,8,2
21629,9,2
21630,9,2
21631,10,2
21632,4,2
21633,5,2
21634,5,2
21635,6,2
21636,5,2
21637,6,2
21638,6,2
21639,7,2
21640,5,2
21641,6,2
21642,6,2
21643,7,2
21644,6,2
21645,7,2
21646,7,2
21647,8,2
21648,5,2
21649,6,2
21650,6,2
21651,7,2
21652,6,2
21653,7,2
21654,7,2
21655,8,2
21656,6,2
21657,7,2
21658,7,2
21659,8,2
21660,7,2
21661,8,2
21662,8,2
21663,9,2
21664,5,2
21665,6,2
21666,6,2
21667,7,2
21668,6,2
21669,7,2
21670,7,2
21671,8,2
21672,6,2
21673,7,2
21674,7,2
21675,8,2
21676,7,2
21677,8,2
21678,8,2
21679,9,2
21680,6,2
21681,7,2
21682,7,2
21683,8,2
21684,7,2
21685,8,2
21686,8,2
21687,9,2
21688,7,2
21689,8,2
21690,8,2
21691,9,2
21692,8,2
21693,9,2
21694,9,2
21695,10,2
21696,5,2
21697,6,2
21698,6,2
21699,7,2
21700,6,2
21701,7,2
21702,7,2
21703,8,2
21704,6,2
21705,7,2
21706,7,2
21707,8,2
21708,7,2
21709,8,2
21710,8,2
21711,9,2
21712,6,2
21713,7,2
21714,7,2
21715,8,2
21716,7,2
21717,8,2
21718,8,2
21719,9,2
21720,7,2
21721,8,2
21722,8,2
21723,9,2
21724,8,2
21725,9,2
21726,9,2
21727,10,2
21728,6,2
21729,7,2
21730,7,2
21731,8,2
21732,7,2
21733,8,2
21734,8,2
21735,9,2
21736,7,2
21737,8,2
21738,8,2
21739,9,2
21740,8,2
21741,9,2
21742,9,2
21743,10,2
21744,7,2
21745,8,2
21746,8,2
21747,9,2
21748,8,2
21749,9,2
21750,9,2
21751,10,2
21752,8,2
21753,9,2
21754,9,2
21755,10,2
21756,9,2
21757,10,2
21758,10,2
21759,11,2
21760,4,2
21761,5,2
21762,5,2
21763,6,2
21764,5,2
21765,6,2
21766,6,2
21767,7,2
21768,5,2
21769,6,2
21770,6,2
21771,7,2
21772,6,2
21773,7,2
21774,7,2
21775,8,2
21776,5,2
21777,6,2
21778,6,2
21779,7,2
21780,6,2
21781,7,2
21782,7,2
21783,8,2
21784,6,2
21785,7,2
21786,7,2
21787,8,2
21788,7,2
21789,8,2
21790,8,2
21791,9,2
21792,5,2
21793,6,2
21794,6,2
21795,7,2
21796,6,2
21797,7,2
21798,7,2
21799,8,2
21800,6,2
21801,7,2
21802,7,2
21803,8,2
21804,7,2
21805,8,2
21806,8,2
21807,9,2
21808,6,2
21809,7,2
21810,7,2
21811,8,2
21812,7,2
21813,8,2
21814,8,2
21815,9,2
21816,7,2
21817,8,2
21818,8,2
21819,9,2
21820,8,2
21821,9,2
21822,9,2
21823,10,2
21824,5,2
21825,6,2
21826,6,2
21827,7,2
21828,6,2
21829,7,2
21830,7,2
21831,8,2
21832,6,2
21833,7,2
21834,7,2
21835,8,2
21836,7,2
21837,8,2
21838,8,2
21839,9,2
21840,6,2
21841,7,2
21842,7,2
21843,8,2
21844,7,2
21845,8,2
21846,8,2
21847,9,2
21848,7,2
21849,8,2
21850,8,2
21851,9,2
21852,8,2
21853,9,2
21854,9,2
21855,10,2
21856,6,2
21857,7,2
21858,7,2
21859,8,2
21860,7,2
21861,8,2
21862,8,2
21863,9,2
21864,7,2
21865,8,2
21866,8,2
21867,9,2
21868,8,2
21869,9,2
21870,9,2
21871,10,2
21872,7,2
21873,8,2
21874,8,2
21875,9,2
21876,8,2
21877,9,2
21878,9,2
21879,10,2
21880,8,2
21881,9,2
21882,9,2
21883,10,2
21884,9,2
21885,10,2
21886,10,2
21887,11,2
21888,5,2
21889,6,2
21890,6,2
21891,7,2
21892,6,2
21893,7,2
21894,7,2
21895,8,2
21896,6,2
21897,7,2
21898,7,2
21899,8,2
21900,7,2
21901,8,2
21902,8,2
21903,9,2
21904,6,2
21905,7,2
21906,7,2
21907,8,2
21908,7,2
21909,8,2
21910,8,2
21911,9,2
21912,7,2
21913,8,2
21914,8,2
21915,9,2
21916,8,2
21917,9,2
21918,9,2
21919,10,2
21920,6,2
21921,7,2
21922,7,2
21923,8,2
21924,7,2
21925,8,2
21926,8,2
21927,9,2
21928,7,2
21929,8,2
21930,8,2
21931,9,2
21932,8,2
21933,9,2
21934,9,2
21935,10,2
21936,7,2
21937,8,2
21938,8,2
21939,9,2
21940,8,2
21941,9,2
21942,9,2
21943,10,2
21944,8,2
21945,9,2
21946,9,2
21947,10,2
21948,9,2
21949,10,2
21950,10,2
21951,11,2
21952,6,2
21953,7,2
21954,7,2
21955,8,2
21956,7,2
21957,8,2
21958,8,2
21959,9,2
21960,7,2
21961,8,2
21962,8,2
21963,9,2
21964,8,2
21965,9,2
21966,9,2
21967,10,2
21968,7,2
21969,8,2
21970,8,2
21971,9,2
21972,8,2
21973,9,2
21974,9,2
21975,10,2
21976,8,2
21977,9,2
21978,9,2
21979,10,2
21980,9,2
21981,10,2
21982,10,2
21983,11,2
21984,7,2
21985,8,2
21986,8,2
21987,9,2
21988,8,2
21989,9,2
21990,9,2
21991,10,2
21992,8,2
21993,9,2
21994,9,2
21995,10,2
21996,9,2
21997,10,2
21998,10,2
21999,11,2
22000,8,2
22001,9,2
22002,9,2
22003,10,2
22004,9,2
22005,10,2
22006,10,2
22007,11,2
22008,9,2
22009,10,2
22010,10,2
22011,11,2
22012,10,2
22013,11,2
22014,11,2
22015,12,2
22016,4,2
22017,5,2
22018,5,2
22019,6,2
22020,5,2
22021,6,2
22022,6,2
22023,7,2
22024,5,2
22025,6,2
22026,6,2
22027,7,2
22028,6,2
22029,7,2
22030,7,2
22031,8,2
22032,5,2
22033,6,2
22034,6,2
22035,7,2
22036,6,2
22037,7,2
22038,7,2
22039,8,2
22040,6,2
22041,7,2
22042,7,2
22043,8,2
22044,7,2
22045,8,2
22046,8,2
22047,9,2
22048,5,2
22049,6,2
22050,6,2
22051,7,2
22052,6,2
22053,7,2
22054,7,2
22055,8,2
22056,6,2
22057,7,2
22058,7,2
22059,8,2
22060,7,2
22061,8,2
22062,8,2
22063,9,2
22064,6,2
22065,7,2
22066,7,2
22067,8,2
22068,7,2
22069,8,2
22070,8,2
22071,9,2
22072,7,2
22073,8,2
22074,8,2
22075,9,2
22076,8,2
22077,9,2
22078,9,2
22079,10,2
22080,5,2
22081,6,2
22082,6,2
22083,7,2
22084,6,2
22085,7,2
22086,7,2
22087,8,2
22088,6,2
22089,7,2
22090,7,2
22091,8,2
22092,7,2
22093,8,2
22094,8,2
22095,9,2
22096,6,2
22097,7,2
22098,7,2
22099,8,2
22100,7,2
22101,8,2
22102,8,2
22103,9,2
22104,7,2
22105,8,2
22106,8,2
22107,9,2
22108,8,2
22109,9,2
22110,9,2
22111,10,2
22112,6,2
22113,7,2
22114,7,2
22115,8,2
22116,7,2
22117,8,2
22118,8,2
22119,9,2
22120,7,2
22121,8,2
22122,8,2
22123,9,2
22124,8,2
22125,9,2
22126,9,2
22127,10,2
22128,7,2
22129,8,2
22130,8,2
22131,9,2
22132,8,2
22133,9,2
22134,9,2
22135,10,2
22136,8,2
22137,9,2
22138,9,2
22139,10,2
22140,9,2
22141,10,2
22142,10,2
22143,11,2
22144,5,2
22145,6,2
22146,6,2
22147,7,2
22148,6,2
22149,7,2
22150,7,2
22151,8,2
22152,6,2
22153,7,2
22154,7,2
22155,8,2
22156,7,2
22157,8,2
22158,8,2
22159,9,2
22160,6,2
22161,7,2
22162,7,2
22163,8,2
22164,7,2
22165,8,2
22166,8,2
22167,9,2
22168,7,2
22169,8,2
22170,8,2
22171,9,2
22172,8,2
22173,9,2
22174,9,2
22175,10,2
22176,6,2
22177,7,2
22178,7,2
22179,8,2
22180,7,2
22181,8,2
22182,8,2
22183,9,2
22184,7,2
22185,8,2
22186,8,2
22187,9,2
22188,8,2
22189,9,2
22190,9,2
22191,10,2
22192,7,2
22193,8,2
22194,8,2
22195,9,2
22196,8,2
22197,9,2
22198,9,2
22199,10,2
22200,8,2
22201,9,2
22202,9,2
22203,10,2
22204,9,2
22205,10,2
22206,10,2
22207,11,2
22208,6,2
22209,7,2
22210,7,2
22211,8,2
22212,7,2
22213,8,2
22214,8,2
22215,9,2
22216,7,2
22217,8,2
22218,8,2
22219,9,2
22220,8,2
22221,9,2
22222,9,2
22223,10,2
22224,7,2
22225,8,2
22226,8,2
22227,9,2
22228,8,2
22229,9,2
22230,9,2
22231,10,2
22232,8,2
22233,9,2
22234,9,2
22235,10,2
22236,9,2
22237,10,2
22238,10,2
22239,11,2
22240,7,2
22241,8,2
22242,8,2
22243,9,2
22244,8,2
22245,9,2
22246,9,2
22247,10,2
22248,8,2
22249,9,2
22250,9,2
22251,10,2
22252,9,2
22253,10,2
22254,10,2
22255,11,2
22256,8,2
22257,9,2
22258,9,2
22259,10,2
22260,9,2
22261,10,2
22262,10,2
22263,11,2
22264,9,2
22265,10,2
22266,10,2
22267,11,2
22268,10,2
22269,11,2
22270,11,2
22271,12,2
22272,5,2
22273,6,2
22274,6,2
22275,7,2
22276,6,2
22277,7,2
22278,7,2
22279,8,2
22280,6,2
22281,7,2
22282,7,2
22283,8,2
22284,7,2
22285,8,2
22286,8,2
22287,9,2
22288,6,2
22289,7,2
22290,7,2
22291,8,2
22292,7,2
22293,8,2
22294,8,2
22295,9,2
22296,7,2
22297,8,2
22298,8,2
22299,9,2
22300,8,2
22301,9,2
22302,9,2
22303,10,2
22304,6,2
22305,7,2
22306,7,2
22307,8,2
22308,7,2
22309,8,2
22310,8,2
22311,9,2
22312,7,2
22313,8,2
22314,8,2
22315,9,2
22316,8,2
22317,9,2
22318,9,2
22319,10,2
22320,7,2
22321,8,2
22322,8,2
22323,9,2
22324,8,2
22325,9,2
22326,9,2
22327,10,2
22328,8,2
22329,9,2
22330,9,2
22331,10,2
22332,9,2
22333,10,2
22334,10,2
22335,11,2
22336,6,2
22337,7,2
22338,7,2
22339,8,2
22340,7,2
22341,8,2
22342,8,2
22343,9,2
22344,7,2
22345,8,2
22346,8,2
22347,9,2
22348,8,2
22349,9,2
22350,9,2
22351,10,2
22352,7,2
22353,8,2
22354,8,2
22355,9,2
22356,8,2
22357,9,2
22358,9,2
22359,10,2
22360,8,2
22361,9,2
22362,9,2
22363,10,2
22364,9,2
22365,10,2
22366,10,2
22367,11,2
22368,7,2
22369,8,2
22370,8,2
22371,9,2
22372,8,2
22373,9,2
22374,9,2
22375,10,2
22376,8,2
22377,9,2
22378,9,2
22379,10,2
22380,9,2
22381,10,2
22382,10,2
22383,11,2
22384,8,2
22385,9,2
22386,9,2
22387,10,2
22388,9,2
22389,10,2
22390,10,2
22391,11,2
22392,9,2
22393,10,2
22394,10,2
22395,11,2
22396,10,2
22397,11,2
22398,11,2
22399,12,2
22400,6,2
22401,7,2
22402,7,2
22403,8,2
22404,7,2
22405,8,2
22406,8,2
22407,9,2
22408,7,2
22409,8,2
22410,8,2
22411,9,2
22412,8,2
22413,9,2
22414,9,2
22415,10,2
22416,7,2
22417,8,2
22418,8,2
22419,9,2
22420,8,2
22421,9,2
22422,9,2
22423,10,2
22424,8,2
22425,9,2
22426,9,2
22427,10,2
22428,9,2
22429,10,2
22430,10,2
22431,11,2
22432,7,2
22433,8,2
22434,8,2
22435,9,2
22436,8,2
22437,9,2
22438,9,2
22439,10,2
22440,8,2
22441,9,2
22442,9,2
22443,10,2
22444,9,2
22445,10,2
22446,10,2
22447,11,2
22448,8,2
22449,9,2
22450,9,2
22451,10,2
22452,9,2
22453,10,2
22454,10,2
22455,11,2
22456,9,2
22457,10,2
22458,10,2
22459,11,2
22460,10,2
22461,11,2
22462,11,2
22463,12,2
22464,7,2
22465,8,2
22466,8,2
22467,9,2
22468,8,2
22469,9,2
22470,9,2
22471,10,2
22472,8,2
22473,9,2
22474,9,2
22475,10,2
22476,9,2
22477,10,2
22478,10,2
22479,11,2
22480,8,2
22481,9,2
22482,9,2
22483,10,2
22484,9,2
22485,10,2
22486,10,2
22487,11,2
22488,9,2
22489,10,2
22490,10,2
22491,11,2
22492,10,2
22493,11,2
22494,11,2
22495,12,2
22496,8,2
22497,9,2
22498,9,2
22499,10,2
22500,9,2
22501,10,2
22502,10,2
22503,11,2
22504,9,2
22505,10,2
22506,10,2
22507,11,2
22508,10,2
22509,11,2
22510,11,2
22511,12,2
22512,9,2
22513,10,2
22514,10,2
22515,11,2
22516,10,2
22517,11,2
22518,11,2
22519,12,2
22520,10,2
22521,11,2
22522,11,2
22523,12,2
22524,11,2
22525,12,2
22526,12,2
22527,13,2
22528,3,2
22529,4,2
22530,4,2
22531,5,2
22532,4,2
22533,5,2
22534,5,2
22535,6,2
22536,4,2
22537,5,2
22538,5,2
22539,6,2
22540,5,2
22541,6,2
22542,6,2
22543,7,2
22544,4,2
22545,5,2
22546,5,2
22547,6,2
22548,5,2
22549,6,2
22550,6,2
22551,7,2
22552,5,2
22553,6,2
22554,6,2
22555,7,2
22556,6,2
22557,7,2
22558,7,2
22559,8,2
22560,4,2
22561,5,2
22562,5,2
22563,6,2
22564,5,2
22565,6,2
22566,6,2
22567,7,2
22568,5,2
22569,6,2
22570,6,2
22571,7,2
22572,6,2
22573,7,2
22574,7,2
22575,8,2
22576,5,2
22577,6,2
22578,6,2
22579,7,2
22580,6,2
22581,7,2
22582,7,2
22583,8,2
22584,6,2
22585,7,2
22586,7,2
22587,8,2
22588,7,2
22589,8,2
22590,8,2
22591,9,2
22592,4,2
22593,5,2
22594,5,2
22595,6,2
22596,5,2
22597,6,2
22598,6,2
22599,7,2
22600,5,2
22601,6,2
22602,6,2
22603,7,2
22604,6,2
22605,7,2
22606,7,2
22607,8,2
22608,5,2
22609,6,2
22610,6,2
22611,7,2
22612,6,2
22613,7,2
22614,7,2
22615,8,2
22616,6,2
22617,7,2
22618,7,2
22619,8,2
22620,7,2
22621,8,2
22622,8,2
22623,9,2
22624,5,2
22625,6,2
22626,6,2
22627,7,2
22628,6,2
22629,7,2
22630,7,2
22631,8,2
22632,6,2
22633,7,2
22634,7,2
22635,8,2
22636,7,2
22637,8,2
22638,8,2
22639,9,2
22640,6,2
22641,7,2
22642,7,2
22643,8,2
22644,7,2
22645,8,2
22646,8,2
22647,9,2
22648,7,2
22649,8,2
22650,8,2
22651,9,2
22652,8,2
22653,9,2
22654,9,2
22655,10,2
22656,4,2
22657,5,2
22658,5,2
22659,6,2
22660,5,2
22661,6,2
22662,6,2
22663,7,2
22664,5,2
22665,6,2
22666,6,2
22667,7,2
22668,6,2
22669,7,2
22670,7,2
22671,8,2
22672,5,2
22673,6,2
22674,6,2
22675,7,2
22676,6,2
22677,7,2
22678,7,2
22679,8,2
22680,6,2
22681,7,2
22682,7,2
22683,8,2
22684,7,2
22685,8,2
22686,8,2
22687,9,2
22688,5,2
22689,6,2
22690,6,2
22691,7,2
22692,6,2
22693,7,2
22694,7,2
22695,8,2
22696,6,2
22697,7,2
22698,7,2
22699,8,2
22700,7,2
22701,8,2
22702,8,2
22703,9,2
22704,6,2
22705,7,2
22706,7,2
22707,8,2
22708,7,2
22709,8,2
22710,8,2
22711,9,2
22712,7,2
22713,8,2
22714,8,2
22715,9,2
22716,8,2
22717,9,2
22718,9,2
22719,10,2
22720,5,2
22721,6,2
22722,6,2
22723,7,2
22724,6,2
22725,7,2
22726,7,2
22727,8,2
22728,6,2
22729,7,2
22730,7,2
22731,8,2
22732,7,2
22733,8,2
22734,8,2
22735,9,2
22736,6,2
22737,7,2
22738,7,2
22739,8,2
22740,7,2
22741,8,2
22742,8,2
22743,9,2
22744,7,2
22745,8,2
22746,8,2
22747,9,2
22748,8,2
22749,9,2
22750,9,2
22751,10,2
22752,6,2
22753,7,2
22754,7,2
22755,8,2
22756,7,2
22757,8,2
22758,8,2
22759,9,2
22760,7,2
22761,8,2
22762,8,2
22763,9,2
22764,8,2
22765,9,2
22766,9,2
22767,10,2
22768,7,2
22769,8,2
22770,8,2
22771,9,2
22772,8,2
22773,9,2
22774,9,2
22775,10,2
22776,8,2
22777,9,2
22778,9,2
22779,10,2
22780,9,2
22781,10,2
22782,10,2
22783,11,2
22784,4,2
22785,5,2
22786,5,2
22787,6,2
22788,5,2
22789,6,2
22790,6,2
22791,7,2
22792,5,2
22793,6,2
22794,6,2
22795,7,2
22796,6,2
22797,7,2
22798,7,2
22799,8,2
22800,5,2
22801,6,2
22802,6,2
22803,7,2
22804,6,2
22805,7,2
22806,7,2
22807,8,2
22808,6,2
22809,7,2
22810,7,2
22811,8,2
22812,7,2
22813,8,2
22814,8,2
22815,9,2
22816,5,2
22817,6,2
22818,6,2
22819,7,2
22820,6,2
22821,7,2
22822,7,2
22823,8,2
22824,6,2
22825,7,2
22826,7,2
22827,8,2
22828,7,2
22829,8,2
22830,8,2
22831,9,2
22832,6,2
22833,7,2
22834,7,2
22835,8,2
22836,7,2
22837,8,2
22838,8,2
22839,9,2
22840,7,2
22841,8,2
22842,8,2
22843,9,2
22844,8,2
22845,9,2
22846,9,2
22847,10,2
22848,5,2
22849,6,2
22850,6,2
22851,7,2
22852,6,2
22853,7,2
22854,7,2
22855,8,2
22856,6,2
22857,7,2
22858,7,2
22859,8,2
22860,7,2
22861,8,2
22862,8,2
22863,9,2
22864,6,2
22865,7,2
22866,7,2
22867,8,2
22868,7,2
22869,8,2
22870,8,2
22871,9,2
22872,7,2
22873,8,2
22874,8,2
22875,9,2
22876,8,2
22877,9,2
22878,9,2
22879,10,2
22880,6,2
22881,7,2
22882,7,2
22883,8,2
22884,7,2
22885,8,2
22886,8,2
22887,9,2
22888,7,2
22889,8,2
22890,8,2
22891,9,2
22892,8,2
22893,9,2
22894,9,2
22895,10,2
22896,7,2
22897,8,2
22898,8,2
22899,9,2
22900,8,2
22901,9,2
22902,9,2
22903,10,2
22904,8,2
22905,9,2
22906,9,2
22907,10,2
22908,9,2
22909,10,2
22910,10,2
22911,11,2
22912,5,2
22913,6,2
22914,6,2
22915,7,2
22916,6,2
22917,7,2
22918,7,2
22919,8,2
22920,6,2
22921,7,2
22922,7,2
22923,8,2
22924,7,2
22925,8,2
22926,8,2
22927,9,2
22928,6,2
22929,7,2
22930,7,2
22931,8,2
22932,7,2
22933,8,2
22934,8,2
22935,9,2
22936,7,2
22937,8,2
22938,8,2
22939,9,2
22940,8,2
22941,9,2
22942,9,2
22943,10,2
22944,6,2
22945,7,2
22946,7,2
22947,8,2
22948,7,2
22949,8,2
22950,8,2
22951,9,2
22952,7,2
22953,8,2
22954,8,2
22955,9,2
22956,8,2
22957,9,2
22958,9,2
22959,10,2
22960,7,2
22961,8,2
22962,8,2
22963,9,2
22964,8,2
22965,9,2
22966,9,2
22967,10,2
22968,8,2
22969,9,2
22970,9,2
22971,10,2
22972,9,2
22973,10,2
22974,10,2
22975,11,2
22976,6,2
22977,7,2
22978,7,2
22979,8,2
22980,7,2
22981,8,2
22982,8,2
22983,9,2
22984,7,2
22985,8,2
22986,8,2
22987,9,2
22988,8,2
22989,9,2
22990,9,2
22991,10,2
22992,7,2
22993,8,2
22994,8,2
22995,9,2
22996,8,2
22997,9,2
22998,9,2
22999,10,2
23000,8,2
23001,9,2
23002,9,2
23003,10,2
23004,9,2
23005,10,2
23006,10,2
23007,11,2
23008,7,2
23009,8,2
23010,8,2
23011,9,2
23012,8,2
23013,9,2
23014,9,2
23015,10,2
23016,8,2
23017,9,2
23018,9,2
23019,10,2
23020,9,2
23021,10,2
23022,10,2
23023,11,2
23024,8,2
23025,9,2
23026,9,2
23027,10,2
23028,9,2
23029,10,2
23030,10,2
23031,11,2
23032,9,2
23033,10,2
23034,10,2
23035,11,2
23036,10,2
23037,11,2
23038,11,2
23039,12,2
23040,4,2
23041,5,2
23042,5,2
23043,6,2
23044,5,2
23045,6,2
23046,6,2
23047,7,2
23048,5,2
23049,6,2
23050,6,2
23051,7,2
23052,6,2
23053,7,2
23054,7,2
23055,8,2
23056,5,2
23057,6,2
23058,6,2
23059,7,2
23060,6,2
23061,7,2
23062,7,2
23063,8,2
23064,6,2
23065,7,2
23066,7,2
23067,8,2
23068,7,2
23069,8,2
23070,8,2
23071,9,2
23072,5,2
23073,6,2
23074,6,2
23075,7,2
23076,6,2
23077,7,2
23078,7,2
23079,8,2
23080,6,2
23081,7,2
23082,7,2
23083,8,2
23084,7,2
23085,8,2
23086,8,2
23087,9,2
23088,6,2
23089,7,2
23090,7,2
23091,8,2
23092,7,2
23093,8,2
23094,8,2
23095,9,2
23096,7,2
23097,8,2
23098,8,2
23099,9,2
23100,8,2
23101,9,2
23102,9,2
23103,10,2
23104,5,2
23105,6,2
23106,6,2
23107,7,2
23108,6,2
23109,7,2
23110,7,2
23111,8,2
23112,6,2
23113,7,2
23114,7,2
23115,8,2
23116,7,2
23117,8,2
23118,8,2
23119,9,2
23120,6,2
23121,7,2
23122,7,2
23123,8,2
23124,7,2
23125,8,2
23126,8,2
23127,9,2
23128,7,2
23129,8,2
23130,8,2
23131,9,2
23132,8,2
23133,9,2
23134,9,2
23135,10,2
23136,6,2
23137,7,2
23138,7,2
23139,8,2
23140,7,2
23141,8,2
23142,8,2
23143,9,2
23144,7,2
23145,8,2
23146,8,2
23147,9,2
23148,8,2
23149,9,2
23150,9,2
23151,10,2
23152,7,2
23153,8,2
23154,8,2
23155,9,2
23156,8,2
23157,9,2
23158,9,2
23159,10,2
23160,8,2
23161,9,2
23162,9,2
23163,10,2
23164,9,2
23165,10,2
23166,10,2
23167,11,2
23168,5,2
23169,6,2
23170,6,2
23171,7,2
23172,6,2
23173,7,2
23174,7,2
23175,8,2
23176,6,2
23177,7,2
23178,7,2
23179,8,2
23180,7,2
23181,8,2
23182,8,2
23183,9,2
23184,6,2
23185,7,2
23186,7,2
23187,8,2
23188,7,2
23189,8,2
23190,8,2
23191,9,2
23192,7,2
23193,8,2
23194,8,2
23195,9,2
23196,8,2
23197,9,2
23198,9,2
23199,10,2
23200,6,2
23201,7,2
23202,7,2
23203,8,2
23204,7,2
23205,8,2
23206,8,2
23207,9,2
23208,7,2
23209,8,2
23210,8,2
23211,9,2
23212,8,2
23213,9,2
23214,9,2
23215,10,2
23216,7,2
23217,8,2
23218,8,2
23219,9,2
23220,8,2
23221,9,2
23222,9,2
23223,10,2
23224,8,2
23225,9,2
23226,9,2
23227,10,2
23228,9,2
23229,10,2
23230,10,2
23231,11,2
23232,6,2
23233,7,2
23234,7,2
23235,8,2
23236,7,2
23237,8,2
23238,8,2
23239,9,2
23240,7,2
23241,8,2
23242,8,2
23243,9,2
23244,8,2
23245,9,2
23246,9,2
23247,10,2
23248,7,2
23249,8,2
23250,8,2
23251,9,2
23252,8,2
23253,9,2
23254,9,2
23255,10,2
23256,8,2
23257,9,2
23258,9,2
23259,10,2
23260,9,2
23261,10,2
23262,10,2
23263,11,2
23264,7,2
23265,8,2
23266,8,2
23267,9,2
23268,8,2
23269,9,2
23270,9,2
23271,10,2
23272,8,2
23273,9,2
23274,9,2
23275,10,2
23276,9,2
23277,10,2
23278,10,2
23279,11,2
23280,8,2
23281,9,2
23282,9,2
23283,10,2
23284,9,2
23285,10,2
23286,10,2
23287,11,2
23288,9,2
23289,10,2
23290,10,2
23291,11,2
23292,10,2
23293,11,2
23294,11,2
23295,12,2
23296,5,2
23297,6,2
23298,6,2
23299,7,2
23300,6,2
23301,7,2
23302,7,2
23303,8,2
23304,6,2
23305,7,2
23306,7,2
23307,8,2
23308,7,2
23309,8,2
23310,8,2
23311,9,2
23312,6,2
23313,7,2
23314,7,2
23315,8,2
23316,7,2
23317,8,2
23318,8,2
23319,9,2
23320,7,2
23321,8,2
23322,8,2
23323,9,2
23324,8,2
23325,9,2
23326,9,2
23327,10,2
23328,6,2
23329,7,2
23330,7,2
23331,8,2
23332,7,2
23333,8,2
23334,8,2
23335,9,2
23336,7,2
23337,8,2
23338,8,2
23339,9,2
23340,8,2
23341,9,2
23342,9,2
23343,10,2
23344,7,2
23345,8,2
23346,8,2
23347,9,2
23348,8,2
23349,9,2
23350,9,2
23351,10,2
23352,8,2
23353,9,2
23354,9,2
23355,10,2
23356,9,2
23357,10,2
23358,10,2
23359,11,2
23360,6,2
23361,7,2
23362,7,2
23363,8,2
23364,7,2
23365,8,2
23366,8,2
23367,9,2
23368,7,2
23369,8,2
23370,8,2
23371,9,2
23372,8,2
23373,9,2
23374,9,2
23375,10,2
23376,7,2
23377,8,2
23378,8,2
23379,9,2
23380,8,2
23381,9,2
23382,9,2
23383,10,2
23384,8,2
23385,9,2
23386,9,2
23387,10,2
23388,9,2
23389,10,2
23390,10,2
23391,11,2
23392,7,2
23393,8,2
23394,8,2
23395,9,2
23396,8,2
23397,9,2
23398,9,2
23399,10,2
23400,8,2
23401,9,2
23402,9,2
23403,10,2
23404,9,2
23405,10,2
23406,10,2
23407,11,2
23408,8,2
23409,9,2
23410,9,2
23411,10,2
23412,9,2
23413,10,2
23414,10,2
23415,11,2
23416,9,2
23417,10,2
23418,10,2
23419,11,2
23420,10,2
23421,11,2
23422,11,2
23423,12,2
23424,6,2
23425,7,2
23426,7,2
23427,8,2
23428,7,2
23429,8,2
23430,8,2
23431,9,2
23432,7,2
23433,8,2
23434,8,2
23435,9,2
23436,8,2
23437,9,2
23438,9,2
23439,10,2
23440,7,2
23441,8,2
23442,8,2
23443,9,2
23444,8,2
23445,9,2
23446,9,2
23447,10,2
23448,8,2
23449,9,2
23450,9,2
23451,10,2
23452,9,2
23453,10,2
23454,10,2
23455,11,2
23456,7,2
23457,8,2
23458,8,2
23459,9,2
23460,8,2
23461,9,2
23462,9,2
23463,10,2
23464,8,2
23465,9,2
23466,9,2
23467,10,2
23468,9,2
23469,10,2
23470,10,2
23471,11,2
23472,8,2
23473,9,2
23474,9,2
23475,10,2
23476,9,2
23477,10,2
23478,10,2
23479,11,2
23480,9,2
23481,10,2
23482,10,2
23483,11,2
23484,10,2
23485,11,2
23486,11,2
23487,12,2
23488,7,2
23489,8,2
23490,8,2
23491,9,2
23492,8,2
23493,9,2
23494,9,2
23495,10,2
23496,8,2
23497,9,2
23498,9,2
23499,10,2
23500,9,2
23501,10,2
23502,10,2
23503,11,2
23504,8,2
23505,9,2
23506,9,2
23507,10,2
23508,9,2
23509,10,2
23510,10,2
23511,11,2
23512,9,2
23513,10,2
23514,10,2
23515,11,2
23516,10,2
23517,11,2
23518,11,2
23519,12,2
23520,8,2
23521,9,2
23522,9,2
23523,10,2
23524,9,2
23525,10,2
23526,10,2
23527,11,2
23528,9,2
23529,10,2
23530,10,2
23531,11,2
23532,10,2
23533,11,2
23534,11,2
23535,12,2
23536,9,2
23537,10,2
23538,10,2
23539,11,2
23540,10,2
23541,11,2
23542,11,2
23543,12,2
23544,10,2
23545,11,2
23546,11,2
23547,12,2
23548,11,2
23549,12,2
23550,12,2
23551,13,2
23552,4,2
23553,5,2
23554,5,2
23555,6,2
23556,5,2
23557,6,2
23558,6,2
23559,7,2
23560,5,2
23561,6,2
23562,6,2
23563,7,2
23564,6,2
23565,7,2
23566,7,2
23567,8,2
23568,5,2
23569,6,2
23570,6,2
23571,7,2
23572,6,2
23573,7,2
23574,7,2
23575,8,2
23576,6,2
23577,7,2
23578,7,2
23579,8,2
23580,7,2
23581,8,2
23582,8,2
23583,9,2
23584,5,2
23585,6,2
23586,6,2
23587,7,2
23588,6,2
23589,7,2
23590,7,2
23591,8,2
23592,6,2
23593,7,2
23594,7,2
23595,8,2
23596,7,2
23597,8,2
23598,8,2
23599,9,2
23600,6,2
23601,7,2
23602,7,2
23603,8,2
23604,7,2
23605,8,2
23606,8,2
23607,9,2
23608,7,2
23609,8,2
23610,8,2
23611,9,2
23612,8,2
23613,9,2
23614,9,2
23615,10,2
23616,5,2
23617,6,2
23618,6,2
23619,7,2
23620,6,2
23621,7,2
23622,7,2
23623,8,2
23624,6,2
23625,7,2
23626,7,2
23627,8,2
23628,7,2
23629,8,2
23630,8,2
23631,9,2
23632,6,2
23633,7,2
23634,7,2
23635,8,2
23636,7,2
23637,8,2
23638,8,2
23639,9,2
23640,7,2
23641,8,2
23642,8,2
23643,9,2
23644,8,2
23645,9,2
23646,9,2
23647,10,2
23648,6,2
23649,7,2
23650,7,2
23651,8,2
23652,7,2
23653,8,2
23654,8,2
23655,9,2
23656,7,2
23657,8,2
23658,8,2
23659,9,2
23660,8,2
23661,9,2
23662,9,2
23663,10,2
23664,7,2
23665,8,2
23666,8,2
23667,9,2
23668,8,2
23669,9,2
23670,9,2
23671,10,2
23672,8,2
23673,9,2
23674,9,2
23675,10,2
23676,9,2
23677,10,2
23678,10,2
23679,11,2
23680,5,2
23681,6,2
23682,6,2
23683,7,2
23684,6,2
23685,7,2
23686,7,2
23687,8,2
23688,6,2
23689,7,2
23690,7,2
23691,8,2
23692,7,2
23693,8,2
23694,8,2
23695,9,2
23696,6,2
23697,7,2
23698,7,2
23699,8,2
23700,7,2
23701,8,2
23702,8,2
23703,9,2
23704,7,2
23705,8,2
23706,8,2
23707,9,2
23708,8,2
23709,9,2
23710,9,2
23711,10,2
23712,6,2
23713,7,2
23714,7,2
23715,8,2
23716,7,2
23717,8,2
23718,8,2
23719,9,2
23720,7,2
23721,8,2
23722,8,2
23723,9,2
23724,8,2
23725,9,2
23726,9,2
23727,10,2
23728,7,2
23729,8,2
23730,8,2
23731,9,2
23732,8,2
23733,9,2
23734,9,2
23735,10,2
23736,8,2
23737,9,2
23738,9,2
23739,10,2
23740,9,2
23741,10,2
23742,10,2
23743,11,2
23744,6,2
23745,7,2
23746,7,2
23747,8,2
23748,7,2
23749,8,2
23750,8,2
23751,9,2
23752,7,2
23753,8,2
23754,8,2
23755,9,2
23756,8,2
23757,9,2
23758,9,2
23759,10,2
23760,7,2
23761,8,2
23762,8,2
23763,9,2
23764,8,2
23765,9,2
23766,9,2
23767,10,2
23768,8,2
23769,9,2
23770,9,2
23771,10,2
23772,9,2
23773,10,2
23774,10,2
23775,11,2
23776,7,2
23777,8,2
23778,8,2
23779,9,2
23780,8,2
23781,9,2
23782,9,2
23783,10,2
23784,8,2
23785,9,2
23786,9,2
23787,10,2
23788,9,2
23789,10,2
23790,10,2
23791,11,2
23792,8,2
23793,9,2
23794,9,2
23795,10,2
23796,9,2
23797,10,2
23798,10,2
23799,11,2
23800,9,2
23801,10,2
23802,10,2
23803,11,2
23804,10,2
23805,11,2
23806,11,2
23807,12,2
23808,5,2
23809,6,2
23810,6,2
23811,7,2
23812,6,2
23813,7,2
23814,7,2
23815,8,2
23816,6,2
23817,7,2
23818,7,2
23819,8,2
23820,7,2
23821,8,2
23822,8,2
23823,9,2
23824,6,2
23825,7,2
23826,7,2
23827,8,2
23828,7,2
23829,8,2
23830,8,2
23831,9,2
23832,7,2
23833,8,2
23834,8,2
23835,9,2
23836,8,2
23837,9,2
23838,9,2
23839,10,2
23840,6,2
23841,7,2
23842,7,2
23843,8,2
23844,7,2
23845,8,2
23846,8,2
23847,9,2
23848,7,2
23849,8,2
23850,8,2
23851,9,2
23852,8,2
23853,9,2
23854,9,2
23855,10,2
23856,7,2
23857,8,2
23858,8,2
23859,9,2
23860,8,2
23861,9,2
23862,9,2
23863,10,2
23864,8,2
23865,9,2
23866,9,2
23867,10,2
23868,9,2
23869,10,2
23870,10,2
23871,11,2
23872,6,2
23873,7,2
23874,7,2
23875,8,2
23876,7,2
23877,8,2
23878,8,2
23879,9,2
23880,7,2
23881,8,2
23882,8,2
23883,9,2
23884,8,2
23885,9,2
23886,9,2
23887,10,2
23888,7,2
23889,8,2
23890,8,2
23891,9,2
23892,8,2
23893,9,2
23894,9,2
23895,10,2
23896,8,2
23897,9,2
23898,9,2
23899,10,2
23900,9,2
23901,10,2
23902,10,2
23903,11,2
23904,7,2
23905,8,2
23906,8,2
23907,9,2
23908,8,2
23909,9,2
23910,9,2
23911,10,2
23912,8,2
23913,9,2
23914,9,2
23915,10,2
23916,9,2
23917,10,2
23918,10,2
23919,11,2
23920,8,2
23921,9,2
23922,9,2
23923,10,2
23924,9,2
23925,10,2
23926,10,2
23927,11,2
23928,9,2
23929,10,2
23930,10,2
23931,11,2
23932,10,2
23933,11,2
23934,11,2
23935,12,2
23936,6,2
23937,7,2
23938,7,2
23939,8,2
23940,7,2
23941,8,2
23942,8,2
23943,9,2
23944,7,2
23945,8,2
23946,8,2
23947,9,2
23948,8,2
23949,9,2
23950,9,2
23951,10,2
23952,7,2
23953,8,2
23954,8,2
23955,9,2
23956,8,2
23957,9,2
23958,9,2
23959,10,2
23960,8,2
23961,9,2
23962,9,2
23963,10,2
23964,9,2
23965,10,2
23966,10,2
23967,11,2
23968,7,2
23969,8,2
23970,8,2
23971,9,2
23972,8,2
23973,9,2
23974,9,2
23975,10,2
23976,8,2
23977,9,2
23978,9,2
23979,10,2
23980,9,2
23981,10,2
23982,10,2
23983,11,2
23984,8,2
23985,9,2
23986,9,2
23987,10,2
23988,9,2
23989,10,2
23990,10,2
23991,11,2
23992,9,2
23993,10,2
23994,10,2
23995,11,2
23996,10,2
23997,11,2
23998,11,2
23999,12,2
24000,7,2
24001,8,2
24002,8,2
24003,9,2
24004,8,2
24005,9,2
24006,9,2
24007,10,2
24008,8,2
24009,9,2
24010,9,2
24011,10,2
24012,9,2
24013,10,2
24014,10,2
24015,11,2
24016,8,2
24017,9,2
24018,9,2
24019,10,2
24020,9,2
24021,10,2
24022,10,2
24023,11,2
24024,9,2
24025,10,2
24026,10,2
24027,11,2
24028,10,2
24029,11,2
24030,11,2
24031,12,2
24032,8,2
24033,9,2
24034,9,2
24035,10,2
24036,9,2
24037,10,2
24038,10,2
24039,11,2
24040,9,2
24041,10,2
24042,10,2
24043,11,2
24044,10,2
24045,11,2
24046,11,2
24047,12,2
24048,9,2
24049,10,2
24050,10,2
24051,11,2
24052,10,2
24053,11,2
24054,11,2
24055,12,2
24056,10,2
24057,11,2
24058,11,2
24059,12,2
24060,11,2
24061,12,2
24062,12,2
24063,13,2
24064,5,2
24065,6,2
24066,6,2
24067,7,2
24068,6,2
24069,7,2
24070,7,2
24071,8,2
24072,6,2
24073,7,2
24074,7,2
24075,8,2
24076,7,2
24077,8,2
24078,8,2
24079,9,2
24080,6,2
24081,7,2
24082,7,2
24083,8,2
24084,7,2
24085,8,2
24086,8,2
24087,9,2
24088,7,2
24089,8,2
24090,8,2
24091,9,2
24092,8,2
24093,9,2
24094,9,2
24095,10,2
24096,6,2
24097,7,2
24098,7,2
24099,8,2
24100,7,2
24101,8,2
24102,8,2
24103,9,2
24104,7,2
24105,8,2
24106,8,2
24107,9,2
24108,8,2
24109,9,2
24110,9,2
24111,10,2
24112,7,2
24113,8,2
24114,8,2
24115,9,2
24116,8,2
24117,9,2
24118,9,2
24119,10,2
24120,8,2
24121,9,2
24122,9,2
24123,10,2
24124,9,2
24125,10,2
24126,10,2
24127,11,2
24128,6,2
24129,7,2
24130,7,2
24131,8,2
24132,7,2
24133,8,2
24134,8,2
24135,9,2
24136,7,2
24137,8,2
24138,8,2
24139,9,2
24140,8,2
24141,9,2
24142,9,2
24143,10,2
24144,7,2
24145,8,2
24146,8,2
24147,9,2
24148,8,2
24149,9,2
24150,9,2
24151,10,2
24152,8,2
24153,9,2
24154,9,2
24155,10,2
24156,9,2
24157,10,2
24158,10,2
24159,11,2
24160,7,2
24161,8,2
24162,8,2
24163,9,2
24164,8,2
24165,9,2
24166,9,2
24167,10,2
24168,8,2
24169,9,2
24170,9,2
24171,10,2
24172,9,2
24173,10,2
24174,10,2
24175,11,2
24176,8,2
24177,9,2
24178,9,2
24179,10,2
24180,9,2
24181,10,2
24182,10,2
24183,11,2
24184,9,2
24185,10,2
24186,10,2
24187,11,2
24188,10,2
24189,11,2
24190,11,2
24191,12,2
24192,6,2
24193,7,2
24194,7,2
24195,8,2
24196,7,2
24197,8,2
24198,8,2
24199,9,2
24200,7,2
24201,8,2
24202,8,2
24203,9,2
24204,8,2
24205,9,2
24206,9,2
24207,10,2
24208,7,2
24209,8,2
24210,8,2
24211,9,2
24212,8,2
24213,9,2
24214,9,2
24215,10,2
24216,8,2
24217,9,2
24218,9,2
24219,10,2
24220,9,2
24221,10,2
24222,10,2
24223,11,2
24224,7,2
24225,8,2
24226,8,2
24227,9,2
24228,8,2
24229,9,2
24230,9,2
24231,10,2
24232,8,2
24233,9,2
24234,9,2
24235,10,2
24236,9,2
24237,10,2
24238,10,2
24239,11,2
24240,8,2
24241,9,2
24242,9,2
24243,10,2
24244,9,2
24245,10,2
24246,10,2
24247,11,2
24248,9,2
24249,10,2
24250,10,2
24251,11,2
24252,10,2
24253,11,2
24254,11,2
24255,12,2
24256,7,2
24257,8,2
24258,8,2
24259,9,2
24260,8,2
24261,9,2
24262,9,2
24263,10,2
24264,8,2
24265,9,2
24266,9,2
24267,10,2
24268,9,2
24269,10,2
24270,10,2
24271,11,2
24272,8,2
24273,9,2
24274,9,2
24275,10,2
24276,9,2
24277,10,2
24278,10,2
24279,11,2
24280,9,2
24281,10,2
24282,10,2
24283,11,2
24284,10,2
24285,11,2
24286,11,2
24287,12,2
24288,8,2
24289,9,2
24290,9,2
24291,10,2
24292,9,2
24293,10,2
24294,10,2
24295,11,2
24296,9,2
24297,10,2
24298,10,2
24299,11,2
24300,10,2
24301,11,2
24302,11,2
24303,12,2
24304,9,2
24305,10,2
24306,10,2
24307,11,2
24308,10,2
24309,11,2
24310,11,2
24311,12,2
24312,10,2
24313,11,2
24314,11,2
24315,12,2
24316,11,2
24317,12,2
24318,12,2
24319,13,2
24320,6,2
24321,7,2
24322,7,2
24323,8,2
24324,7,2
24325,8,2
24326,8,2
24327,9,2
24328,7,2
24329,8,2
24330,8,2
24331,9,2
24332,8,2
24333,9,2
24334,9,2
24335,10,2
24336,7,2
24337,8,2
24338,8,2
24339,9,2
24340,8,2
24341,9,2
24342,9,2
24343,10,2
24344,8,2
24345,9,2
24346,9,2
24347,10,2
24348,9,2
24349,10,2
24350,10,2
24351,11,2
24352,7,2
24353,8,2
24354,8,2
24355,9,2
24356,8,2
24357,9,2
24358,9,2
24359,10,2
24360,8,2
24361,9,2
24362,9,2
24363,10,2
24364,9,2
24365,10,2
24366,10,2
24367,11,2
24368,8,2
24369,9,2
24370,9,2
24371,10,2
24372,9,2
24373,10,2
24374,10,2
24375,11,2
24376,9,2
24377,10,2
24378,10,2
24379,11,2
24380,10,2
24381,11,2
24382,11,2
24383,12,2
24384,7,2
24385,8,2
24386,8,2
24387,9,2
24388,8,2
24389,9,2
24390,9,2
24391,10,2
24392,8,2
24393,9,2
24394,9,2
24395,10,2
24396,9,2
24397,10,2
24398,10,2
24399,11,2
24400,8,2
24401,9,2
24402,9,2
24403,10,2
24404,9,2
24405,10,2
24406,10,2
24407,11,2
24408,9,2
24409,10,2
24410,10,2
24411,11,2
24412,10,2
24413,11,2
24414,11,2
24415,12,2
24416,8,2
24417,9,2
24418,9,2
24419,10,2
24420,9,2
24421,10,2
24422,10,2
24423,11,2
24424,9,2
24425,10,2
24426,10,2
24427,11,2
24428,10,2
24429,11,2
24430,11,2
24431,12,2
24432,9,2
24433,10,2
24434,10,2
24435,11,2
24436,10,2
24437,11,2
24438,11,2
24439,12,2
24440,10,2
24441,11,2
24442,11,2
24443,12,2
24444,11,2
24445,12,2
24446,12,2
24447,13,2
24448,7,2
24449,8,2
24450,8,2
24451,9,2
24452,8,2
24453,9,2
24454,9,2
24455,10,2
24456,8,2
24457,9,2
24458,9,2
24459,10,2
24460,9,2
24461,10,2
24462,10,2
24463,11,2
24464,8,2
24465,9,2
24466,9,2
24467,10,2
24468,9,2
24469,10,2
24470,10,2
24471,11,2
24472,9,2
24473,10,2
24474,10,2
24475,11,2
24476,10,2
24477,11,2
24478,11,2
24479,12,2
24480,8,2
24481,9,2
24482,9,2
24483,10,2
24484,9,2
24485,10,2
24486,10,2
24487,11,2
24488,9,2
24489,10,2
24490,10,2
24491,11,2
24492,10,2
24493,11,2
24494,11,2
24495,12,2
24496,9,2
24497,10,2
24498,10,2
24499,11,2
24500,10,2
24501,11,2
24502,11,2
24503,12,2
24504,10,2
24505,11,2
24506,11,2
24507,12,2
24508,11,2
24509,12,2
24510,12,2
24511,13,2
24512,8,2
24513,9,2
24514,9,2
24515,10,2
24516,9,2
24517,10,2
24518,10,2
24519,11,2
24520,9,2
24521,10,2
24522,10,2
24523,11,2
24524,10,2
24525,11,2
24526,11,2
24527,12,2
24528,9,2
24529,10,2
24530,10,2
24531,11,2
24532,10,2
24533,11,2
24534,11,2
24535,12,2
24536,10,2
24537,11,2
24538,11,2
24539,12,2
24540,11,2
24541,12,2
24542,12,2
24543,13,2
24544,9,2
24545,10,2
24546,10,2
24547,11,2
24548,10,2
24549,11,2
24550,11,2
24551,12,2
24552,10,2
24553,11,2
24554,11,2
24555,12,2
24556,11,2
24557,12,2
24558,12,2
24559,13,2
24560,10,2
24561,11,2
24562,11,2
24563,12,2
24564,11,2
24565,12,2
24566,12,2
24567,13,2
24568,11,2
24569,12,2
24570,12,2
24571,13,2
24572,12,2
24573,13,2
24574,13,2
24575,14,2
24576,2,2
24577,3,2
24578,3,2
24579,4,2
24580,3,2
24581,4,2
24582,4,2
24583,5,2
24584,3,2
24585,4,2
24586,4,2
24587,5,2
24588,4,2
24589,5,2
24590,5,2
24591,6,2
24592,3,2
24593,4,2
24594,4,2
24595,5,2
24596,4,2
24597,5,2
24598,5,2
24599,6,2
24600,4,2
24601,5,2
24602,5,2
24603,6,2
24604,5,2
24605,6,2
24606,6,2
24607,7,2
24608,3,2
24609,4,2
24610,4,2
24611,5,2
24612,4,2
24613,5,2
24614,5,2
24615,6,2
24616,4,2
24617,5,2
24618,5,2
24619,6,2
24620,5,2
24621,6,2
24622,6,2
24623,7,2
24624,4,2
24625,5,2
24626,5,2
24627,6,2
24628,5,2
24629,6,2
24630,6,2
24631,7,2
24632,5,2
24633,6,2
24634,6,2
24635,7,2
24636,6,2
24637,7,2
24638,7,2
24639,8,2
24640,3,2
24641,4,2
24642,4,2
24643,5,2
24644,4,2
24645,5,2
24646,5,2
24647,6,2
24648,4,2
24649,5,2
24650,5,2
24651,6,2
24652,5,2
24653,6,2
24654,6,2
24655,7,2
24656,4,2
24657,5,2
24658,5,2
24659,6,2
24660,5,2
24661,6,2
24662,6,2
24663,7,2
24664,5,2
24665,6,2
24666,6,2
24667,7,2
24668,6,2
24669,7,2
24670,7,2
24671,8,2
24672,4,2
24673,5,2
24674,5,2
24675,6,2
24676,5,2
24677,6,2
24678,6,2
24679,7,2
24680,5,2
24681,6,2
24682,6,2
24683,7,2
24684,6,2
24685,7,2
24686,7,2
24687,8,2
24688,5,2
24689,6,2
24690,6,2
24691,7,2
24692,6,2
24693,7,2
24694,7,2
24695,8,2
24696,6,2
24697,7,2
24698,7,2
24699,8,2
24700,7,2
24701,8,2
24702,8,2
24703,9,2
24704,3,2
24705,4,2
24706,4,2
24707,5,2
24708,4,2
24709,5,2
24710,5,2
24711,6,2
24712,4,2
24713,5,2
24714,5,2
24715,6,2
24716,5,2
24717,6,2
24718,6,2
24719,7,2
24720,4,2
24721,5,2
24722,5,2
24723,6,2
24724,5,2
24725,6,2
24726,6,2
24727,7,2
24728,5,2
24729,6,2
24730,6,2
24731,7,2
24732,6,2
24733,7,2
24734,7,2
24735,8,2
24736,4,2
24737,5,2
24738,5,2
24739,6,2
24740,5,2
24741,6,2
24742,6,2
24743,7,2
24744,5,2
24745,6,2
24746,6,2
24747,7,2
24748,6,2
24749,7,2
24750,7,2
24751,8,2
24752,5,2
24753,6,2
24754,6,2
24755,7,2
24756,6,2
24757,7,2
24758,7,2
24759,8,2
24760,6,2
24761,7,2
24762,7,2
24763,8,2
24764,7,2
24765,8,2
24766,8,2
24767,9,2
24768,4,2
24769,5,2
24770,5,2
24771,6,2
24772,5,2
24773,6,2
24774,6,2
24775,7,2
24776,5,2
24777,6,2
24778,6,2
24779,7,2
24780,6,2
24781,7,2
24782,7,2
24783,8,2
24784,5,2
24785,6,2
24786,6,2
24787,7,2
24788,6,2
24789,7,2
24790,7,2
24791,8,2
24792,6,2
24793,7,2
24794,7,2
24795,8,2
24796,7,2
24797,8,2
24798,8,2
24799,9,2
24800,5,2
24801,6,2
24802,6,2
24803,7,2
24804,6,2
24805,7,2
24806,7,2
24807,8,2
24808,6,2
24809,7,2
24810,7,2
24811,8,2
24812,7,2
24813,8,2
24814,8,2
24815,9,2
24816,6,2
24817,7,2
24818,7,2
24819,8,2
24820,7,2
24821,8,2
24822,8,2
24823,9,2
24824,7,2
24825,8,2
24826,8,2
24827,9,2
24828,8,2
24829,9,2
24830,9,2
24831,10,2
24832,3,2
24833,4,2
24834,4,2
24835,5,2
24836,4,2
24837,5,2
24838,5,2
24839,6,2
24840,4,2
24841,5,2
24842,5,2
24843,6,2
24844,5,2
24845,6,2
24846,6,2
24847,7,2
24848,4,2
24849,5,2
24850,5,2
24851,6,2
24852,5,3
24853,6,2
24854,6,2
24855,7,2
24856,5,2
24857,6,2
24858,6,2
24859,7,2
24860,6,2
24861,7,2
24862,7,2
24863,8,2
24864,4,2
24865,5,3
24866,5,2
24867,6,2
24868,5,2
24869,6,2
24870,6,2
24871,7,2
24872,5,2
24873,6,2
24874,6,2
24875,7,2
24876,6,2
24877,7,2
24878,7,2
24879,8,2
24880,5,2
24881,6,2
24882,6,2
24883,7,2
24884,6,2
24885,7,2
24886,7,2
24887,8,2
24888,6,2
24889,7,2
24890,7,2
24891,8,2
24892,7,2
24893,8,2
24894,8,2
24895,9,2
24896,4,2
24897,5,2
24898,5,2
24899,6,2
24900,5,2
24901,6,2
24902,6,2
24903,7,2
24904,5,2
24905,6,2
24906,6,2
24907,7,2
24908,6,2
24909,7,2
24910,7,2
24911,8,2
24912,5,2
24913,6,2
24914,6,2
24915,7,2
24916,6,2
24917,7,2
24918,7,2
24919,8,2
24920,6,2
24921,7,2
24922,7,2
24923,8,2
24924,7,2
24925,8,2
24926,8,2
24927,9,2
24928,5,2
24929,6,2
24930,6,2
24931,7,2
24932,6,2
24933,7,2
24934,7,2
24935,8,2
24936,6,2
24937,7,2
24938,7,2
24939,8,2
24940,7,2
24941,8,2
24942,8,2
24943,9,2
24944,6,2
24945,7,2
24946,7,2
24947,8,2
24948,7,2
24949,8,2
24950,8,2
24951,9,2
24952,7,2
24953,8,2
24954,8,2
24955,9,2
24956,8,2
24957,9,2
24958,9,2
24959,10,2
24960,4,2
24961,5,2
24962,5,2
24963,6,2
24964,5,2
24965,6,2
24966,6,2
24967,7,2
24968,5,2
24969,6,2
24970,6,2
24971,7,2
24972,6,2
24973,7,2
24974,7,2
24975,8,2
24976,5,2
24977,6,2
24978,6,2
24979,7,2
24980,6,2
24981,7,2
24982,7,2
24983,8,2
24984,6,2
24985,7,2
24986,7,2
24987,8,2
24988,7,2
24989,8,2
24990,8,2
24991,9,2
24992,5,2
24993,6,2
24994,6,2
24995,7,2
24996,6,2
24997,7,2
24998,7,2
24999,8,2
25000,6,2
25001,7,2
25002,7,2
25003,8,2
25004,7,2
25005,8,2
25006,8,2
25007,9,2
25008,6,2
25009,7,2
25010,7,2
25011,8,2
25012,7,2
25013,8,2
25014,8,2
25015,9,2
25016,7,2
25017,8,2
25018,8,2
25019,9,2
25020,8,2
25021,9,2
25022,9,2
25023,10,2
25024,5,2
25025,6,2
25026,6,2
25027,7,2
25028,6,2
25029,7,2
25030,7,2
25031,8,2
25032,6,2
25033,7,2
25034,7,2
25035,8,2
25036,7,2
25037,8,2
25038,8,2
25039,9,2
25040,6,2
25041,7,2
25042,7,2
25043,8,2
25044,7,2
25045,8,2
25046,8,2
25047,9,2
25048,7,2
25049,8,2
25050,8,2
25051,9,2
25052,8,2
25053,9,2
25054,9,2
25055,10,2
25056,6,2
25057,7,2
25058,7,2
25059,8,2
25060,7,2
25061,8,2
25062,8,2
25063,9,2
25064,7,2
25065,8,2
25066,8,2
25067,9,2
25068,8,2
25069,9,2
25070,9,2
25071,10,2
25072,7,2
25073,8,2
25074,8,2
25075,9,2
25076,8,2
25077,9,2
25078,9,2
25079,10,2
25080,8,2
25081,9,2
25082,9,2
25083,10,2
25084,9,2
25085,10,2
25086,10,2
25087,11,2
25088,3,2
25089,4,2
25090,4,2
25091,5,2
25092,4,2
25093,5,2
25094,5,2
25095,6,2
25096,4,2
25097,5,2
25098,5,2
25099,6,2
25100,5,2
25101,6,2
25102,6,2
25103,7,2
25104,4,2
25105,5,2
25106,5,3
25107,6,2
25108,5,2
25109,6,2
25110,6,2
25111,7,2
25112,5,2
25113,6,2
25114,6,2
25115,7,2
25116,6,2
25117,7,2
25118,7,2
25119,8,2
25120,4,2
25121,5,2
25122,5,2
25123,6,2
25124,5,2
25125,6,2
25126,6,2
25127,7,2
25128,5,2
25129,6,2
25130,6,2
25131,7,2
25132,6,2
25133,7,2
25134,7,2
25135,8,2
25136,5,2
25137,6,2
25138,6,2
25139,7,2
25140,6,2
25141,7,2
25142,7,2
25143,8,2
25144,6,2
25145,7,2
25146,7,2
25147,8,2
25148,7,2
25149,8,2
25150,8,2
25151,9,2
25152,4,2
25153,5,2
25154,5,2
25155,6,2
25156,5,2
25157,6,2
25158,6,2
25159,7,2
25160,5,2
25161,6,2
25162,6,2
25163,7,2
25164,6,2
25165,7,2
25166,7,2
25167,8,2
25168,5,2
25169,6,2
25170,6,2
25171,7,2
25172,6,2
25173,7,2
25174,7,2
25175,8,2
25176,6,2
25177,7,2
25178,7,2
25179,8,2
25180,7,2
25181,8,2
25182,8,2
25183,9,2
25184,5,2
25185,6,2
25186,6,2
25187,7,2
25188,6,2
25189,7,2
25190,7,2
25191,8,2
25192,6,2
25193,7,2
25194,7,2
25195,8,2
25196,7,2
25197,8,2
25198,8,2
25199,9,2
25200,6,2
25201,7,2
25202,7,2
25203,8,2
25204,7,2
25205,8,2
25206,8,2
25207,9,2
25208,7,2
25209,8,2
25210,8,2
25211,9,2
25212,8,2
25213,9,2
25214,9,2
25215,10,2
25216,4,2
25217,5,2
25218,5,2
25219,6,2
25220,5,2
25221,6,2
25222,6,2
25223,7,2
25224,5,2
25225,6,2
25226,6,2
25227,7,2
25228,6,2
25229,7,2
25230,7,2
25231,8,2
25232,5,2
25233,6,2
25234,6,2
25235,7,2
25236,6,2
25237,7,2
25238,7,2
25239,8,2
25240,6,2
25241,7,2
25242,7,2
25243,8,2
25244,7,2
25245,8,2
25246,8,2
25247,9,2
25248,5,2
25249,6,2
25250,6,2
25251,7,2
25252,6,2
25253,7,2
25254,7,2
25255,8,2
25256,6,2
25257,7,2
25258,7,2
25259,8,2
25260,7,2
25261,8,2
25262,8,2
25263,9,2
25264,6,2
25265,7,2
25266,7,2
25267,8,2
25268,7,2
25269,8,2
25270,8,2
25271,9,2
25272,7,2
25273,8,2
25274,8,2
25275,9,2
25276,8,2
25277,9,2
25278,9,2
25279,10,2
25280,5,2
25281,6,2
25282,6,2
25283,7,2
25284,6,2
25285,7,2
25286,7,2
25287,8,2
25288,6,2
25289,7,2
25290,7,2
25291,8,2
25292,7,2
25293,8,2
25294,8,2
25295,9,2
25296,6,2
25297,7,2
25298,7,2
25299,8,2
25300,7,2
25301,8,2
25302,8,2
25303,9,2
25304,7,2
25305,8,2
25306,8,2
25307,9,2
25308,8,2
25309,9,2
25310,9,2
25311,10,2
25312,6,2
25313,7,2
25314,7,2
25315,8,2
25316,7,2
25317,8,2
25318,8,2
25319,9,2
25320,7,2
25321,8,2
25322,8,2
25323,9,2
25324,8,2
25325,9,2
25326,9,2
25327,10,2
25328,7,2
25329,8,2
25330,8,2
25331,9,2
25332,8,2
25333,9,2
25334,9,2
25335,10,2
25336,8,2
25337,9,2
25338,9,2
25339,10,2
25340,9,2
25341,10,2
25342,10,2
25343,11,2
25344,4,2
25345,5,2
25346,5,2
25347,6,2
25348,5,2
25349,6,2
25350,6,2
25351,7,2
25352,5,2
25353,6,2
25354,6,2
25355,7,2
25356,6,2
25357,7,2
25358,7,2
25359,8,2
25360,5,2
25361,6,2
25362,6,2
25363,7,2
25364,6,2
25365,7,2
25366,7,2
25367,8,2
25368,6,2
25369,7,2
25370,7,2
25371,8,2
25372,7,2
25373,8,2
25374,8,2
25375,9,2
25376,5,2
25377,6,2
25378,6,2
25379,7,2
25380,6,2
25381,7,2
25382,7,2
25383,8,2
25384,6,2
25385,7,2
25386,7,2
25387,8,2
25388,7,2
25389,8,2
25390,8,2
25391,9,2
25392,6,2
25393,7,2
25394,7,2
25395,8,2
25396,7,2
25397,8,2
25398,8,2
25399,9,2
25400,7,2
25401,8,2
25402,8,2
25403,9,2
25404,8,2
25405,9,2
25406,9,2
25407,10,2
25408,5,2
25409,6,2
25410,6,2
25411,7,2
25412,6,2
25413,7,2
25414,7,2
25415,8,2
25416,6,2
25417,7,2
25418,7,2
25419,8,2
25420,7,2
25421,8,2
25422,8,2
25423,9,2
25424,6,2
25425,7,2
25426,7,2
25427,8,2
25428,7,2
25429,8,2
25430,8,2
25431,9,2
25432,7,2
25433,8,2
25434,8,2
25435,9,2
25436,8,2
25437,9,2
25438,9,2
25439,10,2
25440,6,2
25441,7,2
25442,7,2
25443,8,2
25444,7,2
25445,8,2
25446,8,2
25447,9,2
25448,7,2
25449,8,2
25450,8,2
25451,9,2
25452,8,2
25453,9,2
25454,9,2
25455,10,2
25456,7,2
25457,8,2
25458,8,2
25459,9,2
25460,8,2
25461,9,2
25462,9,2
25463,10,2
25464,8,2
25465,9,2
25466,9,2
25467,10,2
25468,9,2
25469,10,2
25470,10,2
25471,11,2
25472,5,2
25473,6,2
25474,6,2
25475,7,2
25476,6,2
25477,7,2
25478,7,2
25479,8,2
25480,6,2
25481,7,2
25482,7,2
25483,8,2
25484,7,2
25485,8,2
25486,8,2
25487,9,2
25488,6,2
25489,7,2
25490,7,2
25491,8,2
25492,7,2
25493,8,2
25494,8,2
25495,9,2
25496,7,2
25497,8,2
25498,8,2
25499,9,2
25500,8,2
25501,9,2
25502,9,2
25503,10,2
25504,6,2
25505,7,2
25506,7,2
25507,8,2
25508,7,2
25509,8,2
25510,8,2
25511,9,2
25512,7,2
25513,8,2
25514,8,2
25515,9,2
25516,8,2
25517,9,2
25518,9,2
25519,10,2
25520,7,2
25521,8,2
25522,8,2
25523,9,2
25524,8,2
25525,9,2
25526,9,2
25527,10,2
25528,8,2
25529,9,2
25530,9,2
25531,10,2
25532,9,2
25533,10,2
25534,10,2
25535,11,2
25536,6,2
25537,7,2
25538,7,2
25539,8,2
25540,7,2
25541,8,2
25542,8,2
25543,9,2
25544,7,2
25545,8,2
25546,8,2
25547,9,2
25548,8,2
25549,9,2
25550,9,2
25551,10,2
25552,7,2
25553,8,2
25554,8,2
25555,9,2
25556,8,2
25557,9,2
25558,9,2
25559,10,2
25560,8,2
25561,9,2
25562,9,2
25563,10,2
25564,9,2
25565,10,2
25566,10,2
25567,11,2
25568,7,2
25569,8,2
25570,8,2
25571,9,2
25572,8,2
25573,9,2
25574,9,2
25575,10,2
25576,8,2
25577,9,2
25578,9,2
25579,10,2
25580,9,2
25581,10,2
25582,10,2
25583,11,2
25584,8,2
25585,9,2
25586,9,2
25587,10,2
25588,9,2
25589,10,2
25590,10,2
25591,11,2
25592,9,2
25593,10,2
25594,10,2
25595,11,2
25596,10,2
25597,11,2
25598,11,2
25599,12,2
25600,3,2
25601,4,2
25602,4,2
25603,5,2
25604,4,2
25605,5,2
25606,5,2
25607,6,2
25608,4,2
25609,5,2
25610,5,2
25611,6,2
25612,5,2
25613,6,2
25614,6,2
25615,7,2
25616,4,2
25617,5,2
25618,5,2
25619,6,2
25620,5,2
25621,6,2
25622,6,2
25623,7,2
25624,5,2
25625,6,2
25626,6,2
25627,7,2
25628,6,2
25629,7,2
25630,7,2
25631,8,2
25632,4,2
25633,5,2
25634,5,2
25635,6,2
25636,5,2
25637,6,2
25638,6,2
25639,7,2
25640,5,2
25641,6,2
25642,6,2
25643,7,2
25644,6,2
25645,7,2
25646,7,2
25647,8,2
25648,5,2
25649,6,2
25650,6,2
25651,7,2
25652,6,2
25653,7,2
25654,7,2
25655,8,2
25656,6,2
25657,7,2
25658,7,2
25659,8,2
25660,7,2
25661,8,2
25662,8,2
25663,9,2
25664,4,2
25665,5,2
25666,5,2
25667,6,2
25668,5,2
25669,6,2
25670,6,2
25671,7,2
25672,5,2
25673,6,2
25674,6,2
25675,7,2
25676,6,2
25677,7,2
25678,7,2
25679,8,2
25680,5,2
25681,6,2
25682,6,2
25683,7,2
25684,6,2
25685,7,2
25686,7,2
25687,8,2
25688,6,2
25689,7,2
25690,7,2
25691,8,2
25692,7,2
25693,8,2
25694,8,2
25695,9,2
25696,5,2
25697,6,2
25698,6,2
25699,7,2
25700,6,2
25701,7,2
25702,7,2
25703,8,2
25704,6,2
25705,7,2
25706,7,2
25707,8,2
25708,7,2
25709,8,2
25710,8,2
25711,9,2
25712,6,2
25713,7,2
25714,7,2
25715,8,2
25716,7,2
25717,8,2
25718,8,2
25719,9,2
25720,7,2
25721,8,2
25722,8,2
25723,9,2
25724,8,2
25725,9,2
25726,9,2
25727,10,2
25728,4,2
25729,5,2
25730,5,2
25731,6,2
25732,5,2
25733,6,2
25734,6,2
25735,7,2
25736,5,2
25737,6,2
25738,6,2
25739,7,2
25740,6,2
25741,7,2
25742,7,2
25743,8,2
25744,5,2
25745,6,2
25746,6,2
25747,7,2
25748,6,2
25749,7,2
25750,7,2
25751,8,2
25752,6,2
25753,7,2
25754,7,2
25755,8,2
25756,7,2
25757,8,2
25758,8,2
25759,9,2
25760,5,2
25761,6,2
25762,6,2
25763,7,2
25764,6,2
25765,7,2
25766,7,2
25767,8,2
25768,6,2
25769,7,2
25770,7,2
25771,8,2
25772,7,2
25773,8,2
25774,8,2
25775,9,2
25776,6,2
25777,7,2
25778,7,2
25779,8,2
25780,7,2
25781,8,2
25782,8,2
25783,9,2
25784,7,2
25785,8,2
25786,8,2
25787,9,2
25788,8,2
25789,9,2
25790,9,2
25791,10,2
25792,5,2
25793,6,2
25794,6,2
25795,7,2
25796,6,2
25797,7,2
25798,7,2
25799,8,2
25800,6,2
25801,7,2
25802,7,2
25803,8,2
25804,7,2
25805,8,2
25806,8,2
25807,9,2
25808,6,2
25809,7,2
25810,7,2
25811,8,2
25812,7,2
25813,8,2
25814,8,2
25815,9,2
25816,7,2
25817,8,2
25818,8,2
25819,9,2
25820,8,2
25821,9,2
25822,9,2
25823,10,2
25824,6,2
25825,7,2
25826,7,2
25827,8,2
25828,7,2
25829,8,2
25830,8,2
25831,9,2
25832,7,2
25833,8,2
25834,8,2
25835,9,2
25836,8,2
25837,9,2
25838,9,2
25839,10,2
25840,7,2
25841,8,2
25842,8,2
25843,9,2
25844,8,2
25845,9,2
25846,9,2
25847,10,2
25848,8,2
25849,9,2
25850,9,2
25851,10,2
25852,9,2
25853,10,2
25854,10,2
25855,11,2
25856,4,2
25857,5,2
25858,5,2
25859,6,2
25860,5,2
25861,6,2
25862,6,2
25863,7,2
25864,5,2
25865,6,2
25866,6,2
25867,7,2
25868,6,2
25869,7,2
25870,7,2
25871,8,2
25872,5,2
25873,6,2
25874,6,2
25875,7,2
25876,6,2
25877,7,2
25878,7,2
25879,8,2
25880,6,2
25881,7,2
25882,7,2
25883,8,2
25884,7,2
25885,8,2
25886,8,2
25887,9,2
25888,5,2
25889,6,2
25890,6,2
25891,7,2
25892,6,2
25893,7,2
25894,7,2
25895,8,2
25896,6,2
25897,7,2
25898,7,2
25899,8,2
25900,7,2
25901,8,2
25902,8,2
25903,9,2
25904,6,2
25905,7,2
25906,7,2
25907,8,2
25908,7,2
25909,8,2
25910,8,2
25911,9,2
25912,7,2
25913,8,2
25914,8,2
25915,9,2
25916,8,2
25917,9,2
25918,9,2
25919,10,2
25920,5,2
25921,6,2
25922,6,2
25923,7,2
25924,6,2
25925,7,2
25926,7,2
25927,8,2
25928,6,2
25929,7,2
25930,7,2
25931,8,2
25932,7,2
25933,8,2
25934,8,2
25935,9,2
25936,6,2
25937,7,2
25938,7,2
25939,8,2
25940,7,2
25941,8,2
25942,8,2
25943,9,2
25944,7,2
25945,8,2
25946,8,2
25947,9,2
25948,8,2
25949,9,2
25950,9,2
25951,10,2
25952,6,2
25953,7,2
25954,7,2
25955,8,2
25956,7,2
25957,8,2
25958,8,2
25959,9,2
25960,7,2
25961,8,2
25962,8,2
25963,9,2
25964,8,2
25965,9,2
25966,9,2
25967,10,2
25968,7,2
25969,8,2
25970,8,2
25971,9,2
25972,8,2
25973,9,2
25974,9,2
25975,10,2
25976,8,2
25977,9,2
25978,9,2
25979,10,2
25980,9,2
25981,10,2
25982,10,2
25983,11,2
25984,5,2
25985,6,2
25986,6,2
25987,7,2
25988,6,2
25989,7,2
25990,7,2
25991,8,2
25992,6,2
25993,7,2
25994,7,2
25995,8,2
25996,7,2
25997,8,2
25998,8,2
25999,9,2
26000,6,2
26001,7,2
26002,7,2
26003,8,2
26004,7,2
26005,8,2
26006,8,2
26007,9,2
26008,7,2
26009,8,2
26010,8,2
26011,9,2
26012,8,2
26013,9,2
26014,9,2
26015,10,2
26016,6,2
26017,7,2
26018,7,2
26019,8,2
26020,7,2
26021,8,2
26022,8,2
26023,9,2
26024,7,2
26025,8,2
26026,8,2
26027,9,2
26028,8,2
26029,9,2
26030,9,2
26031,10,2
26032,7,2
26033,8,2
26034,8,2
26035,9,2
26036,8,2
26037,9,2
26038,9,2
26039,10,2
26040,8,2
26041,9,2
26042,9,2
26043,10,2
26044,9,2
26045,10,2
26046,10,2
26047,11,2
26048,6,2
26049,7,2
26050,7,2
26051,8,2
26052,7,2
26053,8,2
26054,8,2
26055,9,2
26056,7,2
26057,8,2
26058,8,2
26059,9,2
26060,8,2
26061,9,2
26062,9,2
26063,10,2
26064,7,2
26065,8,2
26066,8,2
26067,9,2
26068,8,2
26069,9,2
26070,9,2
26071,10,2
26072,8,2
26073,9,2
26074,9,2
26075,10,2
26076,9,2
26077,10,2
26078,10,2
26079,11,2
26080,7,2
26081,8,2
26082,8,2
26083,9,2
26084,8,2
26085,9,2
26086,9,2
26087,10,2
26088,8,2
26089,9,2
26090,9,2
26091,10,2
26092,9,2
26093,10,2
26094,10,2
26095,11,2
26096,8,2
26097,9,2
26098,9,2
26099,10,2
26100,9,2
26101,10,2
26102,10,2
26103,11,2
26104,9,2
26105,10,2
26106,10,2
26107,11,2
26108,10,2
26109,11,2
26110,11,2
26111,12,2
26112,4,2
26113,5,2
26114,5,2
26115,6,2
26116,5,2
26117,6,2
26118,6,2
26119,7,2
26120,5,2
26121,6,2
26122,6,2
26123,7,2
26124,6,2
26125,7,2
26126,7,2
26127,8,2
26128,5,2
26129,6,2
26130,6,2
26131,7,2
26132,6,2
26133,7,2
26134,7,2
26135,8,2
26136,6,2
26137,7,2
26138,7,2
26139,8,2
26140,7,2
26141,8,2
26142,8,2
26143,9,2
26144,5,2
26145,6,2
26146,6,2
26147,7,2
26148,6,2
26149,7,2
26150,7,2
26151,8,2
26152,6,2
26153,7,2
26154,7,2
26155,8,2
26156,7,2
26157,8,2
26158,8,2
26159,9,2
26160,6,2
26161,7,2
26162,7,2
26163,8,2
26164,7,2
26165,8,2
26166,8,2
26167,9,2
26168,7,2
26169,8,2
26170,8,2
26171,9,2
26172,8,2
26173,9,2
26174,9,2
26175,10,2
26176,5,2
26177,6,2
26178,6,2
26179,7,2
26180,6,2
26181,7,2
26182,7,2
26183,8,2
26184,6,2
26185,7,2
26186,7,2
26187,8,2
26188,7,2
26189,8,2
26190,8,2
26191,9,2
26192,6,2
26193,7,2
26194,7,2
26195,8,2
26196,7,2
26197,8,2
26198,8,2
26199,9,2
26200,7,2
26201,8,2
26202,8,2
26203,9,2
26204,8,2
26205,9,2
26206,9,2
26207,10,2
26208,6,2
26209,7,2
26210,7,2
26211,8,2
26212,7,2
26213,8,2
26214,8,2
26215,9,2
26216,7,2
26217,8,2
26218,8,2
26219,9,2
26220,8,2
26221,9,2
26222,9,2
26223,10,2
26224,7,2
26225,8,2
26226,8,2
26227,9,2
26228,8,2
26229,9,2
26230,9,2
26231,10,2
26232,8,2
26233,9,2
26234,9,2
26235,10,2
26236,9,2
26237,10,2
26238,10,2
26239,11,2
26240,5,2
26241,6,2
26242,6,2
26243,7,2
26244,6,2
26245,7,2
26246,7,2
26247,8,2
26248,6,2
26249,7,2
26250,7,2
26251,8,2
26252,7,2
26253,8,2
26254,8,2
26255,9,2
26256,6,2
26257,7,2
26258,7,2
26259,8,2
26260,7,2
26261,8,2
26262,8,2
26263,9,2
26264,7,2
26265,8,2
26266,8,2
26267,9,2
26268,8,2
26269,9,2
26270,9,2
26271,10,2
26272,6,2
26273,7,2
26274,7,2
26275,8,2
26276,7,2
26277,8,2
26278,8,2
26279,9,2
26280,7,2
26281,8,2
26282,8,2
26283,9,2
26284,8,2
26285,9,2
26286,9,2
26287,10,2
26288,7,2
26289,8,2
26290,8,2
26291,9,2
26292,8,2
26293,9,2
26294,9,2
26295,10,2
26296,8,2
26297,9,2
26298,9,2
26299,10,2
26300,9,2
26301,10,2
26302,10,2
26303,11,2
26304,6,2
26305,7,2
26306,7,2
26307,8,2
26308,7,2
26309,8,2
26310,8,2
26311,9,2
26312,7,2
26313,8,2
26314,8,2
26315,9,2
26316,8,2
26317,9,2
26318,9,2
26319,10,2
26320,7,2
26321,8,2
26322,8,2
26323,9,2
26324,8,2
26325,9,2
26326,9,2
26327,10,2
26328,8,2
26329,9,2
26330,9,2
26331,10,2
26332,9,2
26333,10,2
26334,10,2
26335,11,2
26336,7,2
26337,8,2
26338,8,2
26339,9,2
26340,8,2
26341,9,2
26342,9,2
26343,10,2
26344,8,2
26345,9,2
26346,9,2
26347,10,2
26348,9,2
26349,10,2
26350,10,2
26351,11,2
26352,8,2
26353,9,2
26354,9,2
26355,10,2
26356,9,2
26357,10,2
26358,10,2
26359,11,2
26360,9,2
26361,10,2
26362,10,2
26363,11,2
26364,10,2
26365,11,2
26366,11,2
26367,12,2
26368,5,2
26369,6,2
26370,6,2
26371,7,2
26372,6,2
26373,7,2
26374,7,2
26375,8,2
26376,6,2
26377,7,2
26378,7,2
26379,8,2
26380,7,2
26381,8,2
26382,8,2
26383,9,2
26384,6,2
26385,7,2
26386,7,2
26387,8,2
26388,7,2
26389,8,2
26390,8,2
26391,9,2
26392,7,2
26393,8,2
26394,8,2
26395,9,2
26396,8,2
26397,9,2
26398,9,2
26399,10,2
26400,6,2
26401,7,2
26402,7,2
26403,8,2
26404,7,2
26405,8,2
26406,8,2
26407,9,2
26408,7,2
26409,8,2
26410,8,2
26411,9,2
26412,8,2
26413,9,2
26414,9,2
26415,10,2
26416,7,2
26417,8,2
26418,8,2
26419,9,2
26420,8,2
26421,9,2
26422,9,2
26423,10,2
26424,8,2
26425,9,2
26426,9,2
26427,10,2
26428,9,2
26429,10,2
26430,10,2
26431,11,2
26432,6,2
26433,7,2
26434,7,2
26435,8,2
26436,7,2
26437,8,2
26438,8,2
26439,9,2
26440,7,2
26441,8,2
26442,8,2
26443,9,2
26444,8,2
26445,9,2
26446,9,2
26447,10,2
26448,7,2
26449,8,2
26450,8,2
26451,9,2
26452,8,2
26453,9,2
26454,9,2
26455,10,2
26456,8,2
26457,9,2
26458,9,2
26459,10,2
26460,9,2
26461,10,2
26462,10,2
26463,11,2
26464,7,2
26465,8,2
26466,8,2
26467,9,2
26468,8,2
26469,9,2
26470,9,2
26471,10,2
26472,8,2
26473,9,2
26474,9,2
26475,10,2
26476,9,2
26477,10,2
26478,10,2
26479,11,2
26480,8,2
26481,9,2
26482,9,2
26483,10,2
26484,9,2
26485,10,2
26486,10,2
26487,11,2
26488,9,2
26489,10,2
26490,10,2
26491,11,2
26492,10,2
26493,11,2
26494,11,2
26495,12,2
26496,6,2
26497,7,2
26498,7,2
26499,8,2
26500,7,2
26501,8,2
26502,8,2
26503,9,2
26504,7,2
26505,8,2
26506,8,2
26507,9,2
26508,8,2
26509,9,2
26510,9,2
26511,10,2
26512,7,2
26513,8,2
26514,8,2
26515,9,2
26516,8,2
26517,9,2
26518,9,2
26519,10,2
26520,8,2
26521,9,2
26522,9,2
26523,10,2
26524,9,2
26525,10,2
26526,10,2
26527,11,2
26528,7,2
26529,8,2
26530,8,2
26531,9,2
26532,8,2
26533,9,2
26534,9,2
26535,10,2
26536,8,2
26537,9,2
26538,9,2
26539,10,2
26540,9,2
26541,10,2
26542,10,2
26543,11,2
26544,8,2
26545,9,2
26546,9,2
26547,10,2
26548,9,2
26549,10,2
26550,10,2
26551,11,2
26552,9,2
26553,10,2
26554,10,2
26555,11,2
26556,10,2
26557,11,2
26558,11,2
26559,12,2
26560,7,2
26561,8,2
26562,8,2
26563,9,2
26564,8,2
26565,9,2
26566,9,2
26567,10,2
26568,8,2
26569,9,2
26570,9,2
26571,10,2
26572,9,2
26573,10,2
26574,10,2
26575,11,2
26576,8,2
26577,9,2
26578,9,2
26579,10,2
26580,9,2
26581,10,2
26582,10,2
26583,11,2
26584,9,2
26585,10,2
26586,10,2
26587,11,2
26588,10,2
26589,11,2
26590,11,2
26591,12,2
26592,8,2
26593,9,2
26594,9,2
26595,10,2
26596,9,2
26597,10,2
26598,10,2
26599,11,2
26600,9,2
26601,10,2
26602,10,2
26603,11,2
26604,10,2
26605,11,2
26606,11,2
26607,12,2
26608,9,2
26609,10,2
26610,10,2
26611,11,2
26612,10,2
26613,11,2
26614,11,2
26615,12,2
26616,10,2
26617,11,2
26618,11,2
26619,12,2
26620,11,2
26621,12,2
26622,12,2
26623,13,2
26624,3,2
26625,4,2
26626,4,2
26627,5,2
26628,4,2
26629,5,2
26630,5,2
26631,6,2
26632,4,2
26633,5,2
26634,5,2
26635,6,2
26636,5,2
26637,6,2
26638,6,2
26639,7,2
26640,4,2
26641,5,2
26642,5,2
26643,6,2
26644,5,2
26645,6,2
26646,6,2
26647,7,2
26648,5,2
26649,6,2
26650,6,2
26651,7,2
26652,6,2
26653,7,2
26654,7,2
26655,8,2
26656,4,2
26657,5,2
26658,5,2
26659,6,2
26660,5,2
26661,6,2
26662,6,2
26663,7,2
26664,5,2
26665,6,2
26666,6,2
26667,7,2
26668,6,2
26669,7,2
26670,7,2
26671,8,2
26672,5,2
26673,6,2
26674,6,2
26675,7,2
26676,6,2
26677,7,2
26678,7,2
26679,8,2
26680,6,2
26681,7,2
26682,7,2
26683,8,2
26684,7,2
26685,8,2
26686,8,2
26687,9,2
26688,4,2
26689,5,2
26690,5,2
26691,6,2
26692,5,2
26693,6,2
26694,6,2
26695,7,2
26696,5,2
26697,6,2
26698,6,2
26699,7,2
26700,6,2
26701,7,2
26702,7,2
26703,8,2
26704,5,2
26705,6,2
26706,6,2
26707,7,2
26708,6,2
26709,7,2
26710,7,2
26711,8,2
26712,6,2
26713,7,2
26714,7,2
26715,8,2
26716,7,2
26717,8,2
26718,8,2
26719,9,2
26720,5,2
26721,6,2
26722,6,2
26723,7,2
26724,6,2
26725,7,2
26726,7,2
26727,8,2
26728,6,2
26729,7,2
26730,7,2
26731,8,2
26732,7,2
26733,8,2
26734,8,2
26735,9,2
26736,6,2
26737,7,2
26738,7,2
26739,8,2
26740,7,2
26741,8,2
26742,8,2
26743,9,2
26744,7,2
26745,8,2
26746,8,2
26747,9,2
26748,8,2
26749,9,2
26750,9,2
26751,10,2
26752,4,2
26753,5,2
26754,5,2
26755,6,2
26756,5,2
26757,6,2
26758,6,2
26759,7,2
26760,5,2
26761,6,2
26762,6,2
26763,7,2
26764,6,2
26765,7,2
26766,7,2
26767,8,2
26768,5,2
26769,6,2
26770,6,2
26771,7,2
26772,6,2
26773,7,2
26774,7,2
26775,8,2
26776,6,2
26777,7,2
26778,7,2
26779,8,2
26780,7,2
26781,8,2
26782,8,2
26783,9,2
26784,5,2
26785,6,2
26786,6,2
26787,7,2
26788,6,2
26789,7,2
26790,7,2
26791,8,2
26792,6,2
26793,7,2
26794,7,2
26795,8,2
26796,7,2
26797,8,2
26798,8,2
26799,9,2
26800,6,2
26801,7,2
26802,7,2
26803,8,2
26804,7,2
26805,8,2
26806,8,2
26807,9,2
26808,7,2
26809,8,2
26810,8,2
26811,9,2
26812,8,2
26813,9,2
26814,9,2
26815,10,2
26816,5,2
26817,6,2
26818,6,2
26819,7,2
26820,6,2
26821,7,2
26822,7,2
26823,8,2
26824,6,2
26825,7,2
26826,7,2
26827,8,2
26828,7,2
26829,8,2
26830,8,2
26831,9,2
26832,6,2
26833,7,2
26834,7,2
26835,8,2
26836,7,2
26837,8,2
26838,8,2
26839,9,2
26840,7,2
26841,8,2
26842,8,2
26843,9,2
26844,8,2
26845,9,2
26846,9,2
26847,10,2
26848,6,2
26849,7,2
26850,7,2
26851,8,2
26852,7,2
26853,8,2
26854,8,2
26855,9,2
26856,7,2
26857,8,2
26858,8,2
26859,9,2
26860,8,2
26861,9,2
26862,9,2
26863,10,2
26864,7,2
26865,8,2
26866,8,2
26867,9,2
26868,8,2
26869,9,2
26870,9,2
26871,10,2
26872,8,2
26873,9,2
26874,9,2
26875,10,2
26876,9,2
26877,10,2
26878,10,2
26879,11,2
26880,4,2
26881,5,2
26882,5,2
26883,6,2
26884,5,2
26885,6,2
26886,6,2
26887,7,2
26888,5,2
26889,6,2
26890,6,2
26891,7,2
26892,6,2
26893,7,2
26894,7,2
26895,8,2
26896,5,2
26897,6,2
26898,6,2
26899,7,2
26900,6,2
26901,7,2
26902,7,2
26903,8,2
26904,6,2
26905,7,2
26906,7,2
26907,8,2
26908,7,2
26909,8,2
26910,8,2
26911,9,2
26912,5,2
26913,6,2
26914,6,2
26915,7,2
26916,6,2
26917,7,2
26918,7,2
26919,8,2
26920,6,2
26921,7,2
26922,7,2
26923,8,2
26924,7,2
26925,8,2
26926,8,2
26927,9,2
26928,6,2
26929,7,2
26930,7,2
26931,8,2
26932,7,2
26933,8,2
26934,8,2
26935,9,2
26936,7,2
26937,8,2
26938,8,2
26939,9,2
26940,8,2
26941,9,2
26942,9,2
26943,10,2
26944,5,2
26945,6,2
26946,6,2
26947,7,2
26948,6,2
26949,7,2
26950,7,2
26951,8,2
26952,6,2
26953,7,2
26954,7,2
26955,8,2
26956,7,2
26957,8,2
26958,8,2
26959,9,2
26960,6,2
26961,7,2
26962,7,2
26963,8,2
26964,7,2
26965,8,2
26966,8,2
26967,9,2
26968,7,2
26969,8,2
26970,8,2
26971,9,2
26972,8,2
26973,9,2
26974,9,2
26975,10,2
26976,6,2
26977,7,2
26978,7,2
26979,8,2
26980,7,2
26981,8,2
26982,8,2
26983,9,2
26984,7,2
26985,8,2
26986,8,2
26987,9,2
26988,8,2
26989,9,2
26990,9,2
26991,10,2
26992,7,2
26993,8,2
26994,8,2
26995,9,2
26996,8,2
26997,9,2
26998,9,2
26999,10,2
27000,8,2
27001,9,2
27002,9,2
27003,10,2
27004,9,2
27005,10,2
27006,10,2
27007,11,2
27008,5,2
27009,6,2
27010,6,2
27011,7,2
27012,6,2
27013,7,2
27014,7,2
27015,8,2
27016,6,2
27017,7,2
27018,7,2
27019,8,2
27020,7,2
27021,8,2
27022,8,2
27023,9,2
27024,6,2
27025,7,2
27026,7,2
27027,8,2
27028,7,2
27029,8,2
27030,8,2
27031,9,2
27032,7,2
27033,8,2
27034,8,2
27035,9,2
27036,8,2
27037,9,2
27038,9,2
27039,10,2
27040,6,2
27041,7,2
27042,7,2
27043,8,2
27044,7,2
27045,8,2
27046,8,2
27047,9,2
27048,7,2
27049,8,2
27050,8,2
27051,9,2
27052,8,2
27053,9,2
27054,9,2
27055,10,2
27056,7,2
27057,8,2
27058,8,2
27059,9,2
27060,8,2
27061,9,2
27062,9,2
27063,10,2
27064,8,2
27065,9,2
27066,9,2
27067,10,2
27068,9,2
27069,10,2
27070,10,2
27071,11,2
27072,6,2
27073,7,2
27074,7,2
27075,8,2
27076,7,2
27077,8,2
27078,8,2
27079,9,2
27080,7,2
27081,8,2
27082,8,2
27083,9,2
27084,8,2
27085,9,2
27086,9,2
27087,10,2
27088,7,2
27089,8,2
27090,8,2
27091,9,2
27092,8,2
27093,9,2
27094,9,2
27095,10,2
27096,8,2
27097,9,2
27098,9,2
27099,10,2
27100,9,2
27101,10,2
27102,10,2
27103,11,2
27104,7,2
27105,8,2
27106,8,2
27107,9,2
27108,8,2
27109,9,2
27110,9,2
27111,10,2
27112,8,2
27113,9,2
27114,9,2
27115,10,2
27116,9,2
27117,10,2
27118,10,2
27119,11,2
27120,8,2
27121,9,2
27122,9,2
27123,10,2
27124,9,2
27125,10,2
27126,10,2
27127,11,2
27128,9,2
27129,10,2
27130,10,2
27131,11,2
27132,10,2
27133,11,2
27134,11,2
27135,12,2
27136,4,2
27137,5,2
27138,5,2
27139,6,2
27140,5,2
27141,6,2
27142,6,2
27143,7,2
27144,5,2
27145,6,2
27146,6,2
27147,7,2
27148,6,2
27149,7,2
27150,7,2
27151,8,2
27152,5,2
27153,6,2
27154,6,2
27155,7,2
27156,6,2
27157,7,2
27158,7,2
27159,8,2
27160,6,2
27161,7,2
27162,7,2
27163,8,2
27164,7,2
27165,8,2
27166,8,2
27167,9,2
27168,5,2
27169,6,2
27170,6,2
27171,7,2
27172,6,2
27173,7,2
27174,7,2
27175,8,2
27176,6,2
27177,7,2
27178,7,2
27179,8,2
27180,7,2
27181,8,2
27182,8,2
27183,9,2
27184,6,2
27185,7,2
27186,7,2
27187,8,2
27188,7,2
27189,8,2
27190,8,2
27191,9,2
27192,7,2
27193,8,2
27194,8,2
27195,9,2
27196,8,2
27197,9,2
27198,9,2
27199,10,2
27200,5,2
27201,6,2
27202,6,2
27203,7,2
27204,6,2
27205,7,2
27206,7,2
27207,8,2
27208,6,2
27209,7,2
27210,7,2
27211,8,2
27212,7,2
27213,8,2
27214,8,2
27215,9,2
27216,6,2
27217,7,2
27218,7,2
27219,8,2
27220,7,2
27221,8,2
27222,8,2
27223,9,2
27224,7,2
27225,8,2
27226,8,2
27227,9,2
27228,8,2
27229,9,2
27230,9,2
27231,10,2
27232,6,2
27233,7,2
27234,7,2
27235,8,2
27236,7,2
27237,8,2
27238,8,2
27239,9,2
27240,7,2
27241,8,2
27242,8,2
27243,9,2
27244,8,2
27245,9,2
27246,9,2
27247,10,2
27248,7,2
27249,8,2
27250,8,2
27251,9,2
27252,8,2
27253,9,2
27254,9,2
27255,10,2
27256,8,2
27257,9,2
27258,9,2
27259,10,2
27260,9,2
27261,10,2
27262,10,2
27263,11,2
27264,5,2
27265,6,2
27266,6,2
27267,7,2
27268,6,2
27269,7,2
27270,7,2
27271,8,2
27272,6,2
27273,7,2
27274,7,2
27275,8,2
27276,7,2
27277,8,2
27278,8,2
27279,9,2
27280,6,2
27281,7,2
27282,7,2
27283,8,2
27284,7,2
27285,8,2
27286,8,2
27287,9,2
27288,7,2
27289,8,2
27290,8,2
27291,9,2
27292,8,2
27293,9,2
27294,9,2
27295,10,2
27296,6,2
27297,7,2
27298,7,2
27299,8,2
27300,7,2
27301,8,2
27302,8,2
27303,9,2
27304,7,2
27305,8,2
27306,8,2
27307,9,2
27308,8,2
27309,9,2
27310,9,2
27311,10,2
27312,7,2
27313,8,2
27314,8,2
27315,9,2
27316,8,2
27317,9,2
27318,9,2
27319,10,2
27320,8,2
27321,9,2
27322,9,2
27323,10,2
27324,9,2
27325,10,2
27326,10,2
27327,11,2
27328,6,2
27329,7,2
27330,7,2
27331,8,2
27332,7,2
27333,8,2
27334,8,2
27335,9,2
27336,7,2
27337,8,2
27338,8,2
27339,9,2
27340,8,2
27341,9,2
27342,9,2
27343,10,2
27344,7,2
27345,8,2
27346,8,2
27347,9,2
27348,8,2
27349,9,2
27350,9,2
27351,10,2
27352,8,2
27353,9,2
27354,9,2
27355,10,2
27356,9,2
27357,10,2
27358,10,2
27359,11,2
27360,7,2
27361,8,2
27362,8,2
27363,9,2
27364,8,2
27365,9,2
27366,9,2
27367,10,2
27368,8,2
27369,9,2
27370,9,2
27371,10,2
27372,9,2
27373,10,2
27374,10,2
27375,11,2
27376,8,2
27377,9,2
27378,9,2
27379,10,2
27380,9,2
27381,10,2
27382,10,2
27383,11,2
27384,9,2
27385,10,2
27386,10,2
27387,11,2
27388,10,2
27389,11,2
27390,11,2
27391,12,2
27392,5,2
27393,6,2
27394,6,2
27395,7,2
27396,6,2
27397,7,2
27398,7,2
27399,8,2
27400,6,2
27401,7,2
27402,7,2
27403,8,2
27404,7,2
27405,8,2
27406,8,2
27407,9,2
27408,6,2
27409,7,2
27410,7,2
27411,8,2
27412,7,2
27413,8,2
27414,8,2
27415,9,2
27416,7,2
27417,8,2
27418,8,2
27419,9,2
27420,8,2
27421,9,2
27422,9,2
27423,10,2
27424,6,2
27425,7,2
27426,7,2
27427,8,2
27428,7,2
27429,8,2
27430,8,2
27431,9,2
27432,7,2
27433,8,2
27434,8,2
27435,9,2
27436,8,2
27437,9,2
27438,9,2
27439,10,2
27440,7,2
27441,8,2
27442,8,2
27443,9,2
27444,8,2
27445,9,2
27446,9,2
27447,10,2
27448,8,2
27449,9,2
27450,9,2
27451,10,2
27452,9,2
27453,10,2
27454,10,2
27455,11,2
27456,6,2
27457,7,2
27458,7,2
27459,8,2
27460,7,2
27461,8,2
27462,8,2
27463,9,2
27464,7,2
27465,8,2
27466,8,2
27467,9,2
27468,8,2
27469,9,2
27470,9,2
27471,10,2
27472,7,2
27473,8,2
27474,8,2
27475,9,2
27476,8,2
27477,9,2
27478,9,2
27479,10,2
27480,8,2
27481,9,2
27482,9,2
27483,10,2
27484,9,2
27485,10,2
27486,10,2
27487,11,2
27488,7,2
27489,8,2
27490,8,2
27491,9,2
27492,8,2
27493,9,2
27494,9,2
27495,10,2
27496,8,2
27497,9,2
27498,9,2
27499,10,2
27500,9,2
27501,10,2
27502,10,2
27503,11,2
27504,8,2
27505,9,2
27506,9,2
27507,10,2
27508,9,2
27509,10,2
27510,10,2
27511,11,2
27512,9,2
27513,10,2
27514,10,2
27515,11,2
27516,10,2
27517,11,2
27518,11,2
27519,12,2
27520,6,2
27521,7,2
27522,7,2
27523,8,2
27524,7,2
27525,8,2
27526,8,2
27527,9,2
27528,7,2
27529,8,2
27530,8,2
27531,9,2
27532,8,2
27533,9,2
27534,9,2
27535,10,2
27536,7,2
27537,8,2
27538,8,2
27539,9,2
27540,8,2
27541,9,2
27542,9,2
27543,10,2
27544,8,2
27545,9,2
27546,9,2
27547,10,2
27548,9,2
27549,10,2
27550,10,2
27551,11,2
27552,7,2
27553,8,2
27554,8,2
27555,9,2
27556,8,2
27557,9,2
27558,9,2
27559,10,2
27560,8,2
27561,9,2
27562,9,2
27563,10,2
27564,9,2
27565,10,2
27566,10,2
27567,11,2
27568,8,2
27569,9,2
27570,9,2
27571,10,2
27572,9,2
27573,10,2
27574,10,2
27575,11,2
27576,9,2
27577,10,2
27578,10,2
27579,11,2
27580,10,2
27581,11,2
27582,11,2
27583,12,2
27584,7,2
27585,8,2
27586,8,2
27587,9,2
27588,8,2
27589,9,2
27590,9,2
27591,10,2
27592,8,2
27593,9,2
27594,9,2
27595,10,2
27596,9,2
27597,10,2
27598,10,2
27599,11,2
27600,8,2
27601,9,2
27602,9,2
27603,10,2
27604,9,2
27605,10,2
27606,10,2
27607,11,2
27608,9,2
27609,10,2
27610,10,2
27611,11,2
27612,10,2
27613,11,2
27614,11,2
27615,12,2
27616,8,2
27617,9,2
27618,9,2
27619,10,2
27620,9,2
27621,10,2
27622,10,2
27623,11,2
27624,9,2
27625,10,2
27626,10,2
27627,11,2
27628,10,2
27629,11,2
27630,11,2
27631,12,2
27632,9,2
27633,10,2
27634,10,2
27635,11,2
27636,10,2
27637,11,2
27638,11,2
27639,12,2
27640,10,2
27641,11,2
27642,11,2
27643,12,2
27644,11,2
27645,12,2
27646,12,2
27647,13,2
27648,4,2
27649,5,2
27650,5,2
27651,6,2
27652,5,2
27653,6,2
27654,6,2
27655,7,2
27656,5,2
27657,6,2
27658,6,2
27659,7,2
27660,6,2
27661,7,2
27662,7,2
27663,8,2
27664,5,2
27665,6,2
27666,6,2
27667,7,2
27668,6,2
27669,7,2
27670,7,2
27671,8,2
27672,6,2
27673,7,2
27674,7,2
27675,8,2
27676,7,2
27677,8,2
27678,8,2
27679,9,2
27680,5,2
27681,6,2
27682,6,2
27683,7,2
27684,6,2
27685,7,2
27686,7,2
27687,8,2
27688,6,2
27689,7,2
27690,7,2
27691,8,2
27692,7,2
27693,8,2
27694,8,2
27695,9,2
27696,6,2
27697,7,2
27698,7,2
27699,8,2
27700,7,2
27701,8,2
27702,8,2
27703,9,2
27704,7,2
27705,8,2
27706,8,2
27707,9,2
27708,8,2
27709,9,2
27710,9,2
27711,10,2
27712,5,2
27713,6,2
27714,6,2
27715,7,2
27716,6,2
27717,7,2
27718,7,2
27719,8,2
27720,6,2
27721,7,2
27722,7,2
27723,8,2
27724,7,2
27725,8,2
27726,8,2
27727,9,2
27728,6,2
27729,7,2
27730,7,2
27731,8,2
27732,7,2
27733,8,2
27734,8,2
27735,9,2
27736,7,2
27737,8,2
27738,8,2
27739,9,2
27740,8,2
27741,9,2
27742,9,2
27743,10,2
27744,6,2
27745,7,2
27746,7,2
27747,8,2
27748,7,2
27749,8,2
27750,8,2
27751,9,2
27752,7,2
27753,8,2
27754,8,2
27755,9,2
27756,8,2
27757,9,2
27758,9,2
27759,10,2
27760,7,2
27761,8,2
27762,8,2
27763,9,2
27764,8,2
27765,9,2
27766,9,2
27767,10,2
27768,8,2
27769,9,2
27770,9,2
27771,10,2
27772,9,2
27773,10,2
27774,10,2
27775,11,2
27776,5,2
27777,6,2
27778,6,2
27779,7,2
27780,6,2
27781,7,2
27782,7,2
27783,8,2
27784,6,2
27785,7,2
27786,7,2
27787,8,2
27788,7,2
27789,8,2
27790,8,2
27791,9,2
27792,6,2
27793,7,2
27794,7,2
27795,8,2
27796,7,2
27797,8,2
27798,8,2
27799,9,2
27800,7,2
27801,8,2
27802,8,2
27803,9,2
27804,8,2
27805,9,2
27806,9,2
27807,10,2
27808,6,2
27809,7,2
27810,7,2
27811,8,2
27812,7,2
27813,8,2
27814,8,2
27815,9,2
27816,7,2
27817,8,2
27818,8,2
27819,9,2
27820,8,2
27821,9,2
27822,9,2
27823,10,2
27824,7,2
27825,8,2
27826,8,2
27827,9,2
27828,8,2
27829,9,2
27830,9,2
27831,10,2
27832,8,2
27833,9,2
27834,9,2
27835,10,2
27836,9,2
27837,10,2
27838,10,2
27839,11,2
27840,6,2
27841,7,2
27842,7,2
27843,8,2
27844,7,2
27845,8,2
27846,8,2
27847,9,2
27848,7,2
27849,8,2
27850,8,2
27851,9,2
27852,8,2
27853,9,2
27854,9,2
27855,10,2
27856,7,2
27857,8,2
27858,8,2
27859,9,2
27860,8,2
27861,9,2
27862,9,2
27863,10,2
27864,8,2
27865,9,2
27866,9,2
27867,10,2
27868,9,2
27869,10,2
27870,10,2
27871,11,2
27872,7,2
27873,8,2
27874,8,2
27875,9,2
27876,8,2
27877,9,2
27878,9,2
27879,10,2
27880,8,2
27881,9,2
27882,9,2
27883,10,2
27884,9,2
27885,10,2
27886,10,2
27887,11,2
27888,8,2
27889,9,2
27890,9,2
27891,10,2
27892,9,2
27893,10,2
27894,10,2
27895,11,2
27896,9,2
27897,10,2
27898,10,2
27899,11,2
27900,10,2
27901,11,2
27902,11,2
27903,12,2
27904,5,2
27905,6,2
27906,6,2
27907,7,2
27908,6,2
27909,7,2
27910,7,2
27911,8,2
27912,6,2
27913,7,2
27914,7,2
27915,8,2
27916,7,2
27917,8,2
27918,8,2
27919,9,2
27920,6,2
27921,7,2
27922,7,2
27923,8,2
27924,7,2
27925,8,2
27926,8,2
27927,9,2
27928,7,2
27929,8,2
27930,8,2
27931,9,2
27932,8,2
27933,9,2
27934,9,2
27935,10,2
27936,6,2
27937,7,2
27938,7,2
27939,8,2
27940,7,2
27941,8,2
27942,8,2
27943,9,2
27944,7,2
27945,8,2
27946,8,2
27947,9,2
27948,8,2
27949,9,2
27950,9,2
27951,10,2
27952,7,2
27953,8,2
27954,8,2
27955,9,2
27956,8,2
27957,9,2
27958,9,2
27959,10,2
27960,8,2
27961,9,2
27962,9,2
27963,10,2
27964,9,2
27965,10,2
27966,10,2
27967,11,2
27968,6,2
27969,7,2
27970,7,2
27971,8,2
27972,7,2
27973,8,2
27974,8,2
27975,9,2
27976,7,2
27977,8,2
27978,8,2
27979,9,2
27980,8,2
27981,9,2
27982,9,2
27983,10,2
27984,7,2
27985,8,2
27986,8,2
27987,9,2
27988,8,2
27989,9,2
27990,9,2
27991,10,2
27992,8,2
27993,9,2
27994,9,2
27995,10,2
27996,9,2
27997,10,2
27998,10,2
27999,11,2
28000,7,2
28001,8,2
28002,8,2
28003,9,2
28004,8,2
28005,9,2
28006,9,2
28007,10,2
28008,8,2
28009,9,2
28010,9,2
28011,10,2
28012,9,2
28013,10,2
28014,10,2
28015,11,2
28016,8,2
28017,9,2
28018,9,2
28019,10,2
28020,9,2
28021,10,2
28022,10,2
28023,11,2
28024,9,2
28025,10,2
28026,10,2
28027,11,2
28028,10,2
28029,11,2
28030,11,2
28031,12,2
28032,6,2
28033,7,2
28034,7,2
28035,8,2
28036,7,2
28037,8,2
28038,8,2
28039,9,2
28040,7,2
28041,8,2
28042,8,2
28043,9,2
28044,8,2
28045,9,2
28046,9,2
28047,10,2
28048,7,2
28049,8,2
28050,8,2
28051,9,2
28052,8,2
28053,9,2
28054,9,2
28055,10,2
28056,8,2
28057,9,2
28058,9,2
28059,10,2
28060,9,2
28061,10,2
28062,10,2
28063,11,2
28064,7,2
28065,8,2
28066,8,2
28067,9,2
28068,8,2
28069,9,2
28070,9,2
28071,10,2
28072,8,2
28073,9,2
28074,9,2
28075,10,2
28076,9,2
28077,10,2
28078,10,2
28079,11,2
28080,8,2
28081,9,2
28082,9,2
28083,10,2
28084,9,2
28085,10,2
28086,10,2
28087,11,2
28088,9,2
28089,10,2
28090,10,2
28091,11,2
28092,10,2
28093,11,2
28094,11,2
28095,12,2
28096,7,2
28097,8,2
28098,8,2
28099,9,2
28100,8,2
28101,9,2
28102,9,2
28103,10,2
28104,8,2
28105,9,2
28106,9,2
28107,10,2
28108,9,2
28109,10,2
28110,10,2
28111,11,2
28112,8,2
28113,9,2
28114,9,2
28115,10,2
28116,9,2
28117,10,2
28118,10,2
28119,11,2
28120,9,2
28121,10,2
28122,10,2
28123,11,2
28124,10,2
28125,11,2
28126,11,2
28127,12,2
28128,8,2
28129,9,2
28130,9,2
28131,10,2
28132,9,2
28133,10,2
28134,10,2
28135,11,2
28136,9,2
28137,10,2
28138,10,2
28139,11,2
28140,10,2
28141,11,2
28142,11,2
28143,12,2
28144,9,2
28145,10,2
28146,10,2
28147,11,2
28148,10,2
28149,11,2
28150,11,2
28151,12,2
28152,10,2
28153,11,2
28154,11,2
28155,12,2
28156,11,2
28157,12,2
28158,12,2
28159,13,2
28160,5,2
28161,6,2
28162,6,2
28163,7,2
28164,6,2
28165,7,2
28166,7,2
28167,8,2
28168,6,2
28169,7,2
28170,7,2
28171,8,2
28172,7,2
28173,8,2
28174,8,2
28175,9,2
28176,6,2
28177,7,2
28178,7,2
28179,8,2
28180,7,2
28181,8,2
28182,8,2
28183,9,2
28184,7,2
28185,8,2
28186,8,2
28187,9,2
28188,8,2
28189,9,2
28190,9,2
28191,10,2
28192,6,2
28193,7,2
28194,7,2
28195,8,2
28196,7,2
28197,8,2
28198,8,2
28199,9,2
28200,7,2
28201,8,2
28202,8,2
28203,9,2
28204,8,2
28205,9,2
28206,9,2
28207,10,2
28208,7,2
28209,8,2
28210,8,2
28211,9,2
28212,8,2
28213,9,2
28214,9,2
28215,10,2
28216,8,2
28217,9,2
28218,9,2
28219,10,2
28220,9,2
28221,10,2
28222,10,2
28223,11,2
28224,6,2
28225,7,2
28226,7,2
28227,8,2
28228,7,2
28229,8,2
28230,8,2
28231,9,2
28232,7,2
28233,8,2
28234,8,2
28235,9,2
28236,8,2
28237,9,2
28238,9,2
28239,10,2
28240,7,2
28241,8,2
28242,8,2
28243,9,2
28244,8,2
28245,9,2
28246,9,2
28247,10,2
28248,8,2
28249,9,2
28250,9,2
28251,10,2
28252,9,2
28253,10,2
28254,10,2
28255,11,2
28256,7,2
28257,8,2
28258,8,2
28259,9,2
28260,8,2
28261,9,2
28262,9,2
28263,10,2
28264,8,2
28265,9,2
28266,9,2
28267,10,2
28268,9,2
28269,10,2
28270,10,2
28271,11,2
28272,8,2
28273,9,2
28274,9,2
28275,10,2
28276,9,2
28277,10,2
28278,10,2
28279,11,2
28280,9,2
28281,10,2
28282,10,2
28283,11,2
28284,10,2
28285,11,2
28286,11,2
28287,12,2
28288,6,2
28289,7,2
28290,7,2
28291,8,2
28292,7,2
28293,8,2
28294,8,2
28295,9,2
28296,7,2
28297,8,2
28298,8,2
28299,9,2
28300,8,2
28301,9,2
28302,9,2
28303,10,2
28304,7,2
28305,8,2
28306,8,2
28307,9,2
28308,8,2
28309,9,2
28310,9,2
28311,10,2
28312,8,2
28313,9,2
28314,9,2
28315,10,2
28316,9,2
28317,10,2
28318,10,2
28319,11,2
28320,7,2
28321,8,2
28322,8,2
28323,9,2
28324,8,2
28325,9,2
28326,9,2
28327,10,2
28328,8,2
28329,9,2
28330,9,2
28331,10,2
28332,9,2
28333,10,2
28334,10,2
28335,11,2
28336,8,2
28337,9,2
28338,9,2
28339,10,2
28340,9,2
28341,10,2
28342,10,2
28343,11,2
28344,9,2
28345,10,2
28346,10,2
28347,11,2
28348,10,2
28349,11,2
28350,11,2
28351,12,2
28352,7,2
28353,8,2
28354,8,2
28355,9,2
28356,8,2
28357,9,2
28358,9,2
28359,10,2
28360,8,2
28361,9,2
28362,9,2
28363,10,2
28364,9,2
28365,10,2
28366,10,2
28367,11,2
28368,8,2
28369,9,2
28370,9,2
28371,10,2
28372,9,2
28373,10,2
28374,10,2
28375,11,2
28376,9,2
28377,10,2
28378,10,2
28379,11,2
28380,10,2
28381,11,2
28382,11,2
28383,12,2
28384,8,2
28385,9,2
28386,9,2
28387,10,2
28388,9,2
28389,10,2
28390,10,2
28391,11,2
28392,9,2
28393,10,2
28394,10,2
28395,11,2
28396,10,2
28397,11,2
28398,11,2
28399,12,2
28400,9,2
28401,10,2
28402,10,2
28403,11,2
28404,10,2
28405,11,2
28406,11,2
28407,12,2
28408,10,2
28409,11,2
28410,11,2
28411,12,2
28412,11,2
28413,12,2
28414,12,2
28415,13,2
28416,6,2
28417,7,2
28418,7,2
28419,8,2
28420,7,2
28421,8,2
28422,8,2
28423,9,2
28424,7,2
28425,8,2
28426,8,2
28427,9,2
28428,8,2
28429,9,2
28430,9,2
28431,10,2
28432,7,2
28433,8,2
28434,8,2
28435,9,2
28436,8,2
28437,9,2
28438,9,2
28439,10,2
28440,8,2
28441,9,2
28442,9,2
28443,10,2
28444,9,2
28445,10,2
28446,10,2
28447,11,2
28448,7,2
28449,8,2
28450,8,2
28451,9,2
28452,8,2
28453,9,2
28454,9,2
28455,10,2
28456,8,2
28457,9,2
28458,9,2
28459,10,2
28460,9,2
28461,10,2
28462,10,2
28463,11,2
28464,8,2
28465,9,2
28466,9,2
28467,10,2
28468,9,2
28469,10,2
28470,10,2
28471,11,2
28472,9,2
28473,10,2
28474,10,2
28475,11,2
28476,10,2
28477,11,2
28478,11,2
28479,12,2
28480,7,2
28481,8,2
28482,8,2
28483,9,2
28484,8,2
28485,9,2
28486,9,2
28487,10,2
28488,8,2
28489,9,2
28490,9,2
28491,10,2
28492,9,2
28493,10,2
28494,10,2
28495,11,2
28496,8,2
28497,9,2
28498,9,2
28499,10,2
28500,9,2
28501,10,2
28502,10,2
28503,11,2
28504,9,2
28505,10,2
28506,10,2
28507,11,2
28508,10,2
28509,11,2
28510,11,2
28511,12,2
28512,8,2
28513,9,2
28514,9,2
28515,10,2
28516,9,2
28517,10,2
28518,10,2
28519,11,2
28520,9,2
28521,10,2
28522,10,2
28523,11,2
28524,10,2
28525,11,2
28526,11,2
28527,12,2
28528,9,2
28529,10,2
28530,10,2
28531,11,2
28532,10,2
28533,11,2
28534,11,2
28535,12,2
28536,10,2
28537,11,2
28538,11,2
28539,12,2
28540,11,2
28541,12,2
28542,12,2
28543,13,2
28544,7,2
28545,8,2
28546,8,2
28547,9,2
28548,8,2
28549,9,2
28550,9,2
28551,10,2
28552,8,2
28553,9,2
28554,9,2
28555,10,2
28556,9,2
28557,10,2
28558,10,2
28559,11,2
28560,8,2
28561,9,2
28562,9,2
28563,10,2
28564,9,2
28565,10,2
28566,10,2
28567,11,2
28568,9,2
28569,10,2
28570,10,2
28571,11,2
28572,10,2
28573,11,2
28574,11,2
28575,12,2
28576,8,2
28577,9,2
28578,9,2
28579,10,2
28580,9,2
28581,10,2
28582,10,2
28583,11,2
28584,9,2
28585,10,2
28586,10,2
28587,11,2
28588,10,2
28589,11,2
28590,11,2
28591,12,2
28592,9,2
28593,10,2
28594,10,2
28595,11,2
28596,10,2
28597,11,2
28598,11,2
28599,12,2
28600,10,2
28601,11,2
28602,11,2
28603,12,2
28604,11,2
28605,12,2
28606,12,2
28607,13,2
28608,8,2
28609,9,2
28610,9,2
28611,10,2
28612,9,2
28613,10,2
28614,10,2
28615,11,2
28616,9,2
28617,10,2
28618,10,2
28619,11,2
28620,10,2
28621,11,2
28622,11,2
28623,12,2
28624,9,2
28625,10,2
28626,10,2
28627,11,2
28628,10,2
28629,11,2
28630,11,2
28631,12,2
28632,10,2
28633,11,2
28634,11,2
28635,12,2
28636,11,2
28637,12,2
28638,12,2
28639,13,2
28640,9,2
28641,10,2
28642,10,2
28643,11,2
28644,10,2
28645,11,2
28646,11,2
28647,12,2
28648,10,2
28649,11,2
28650,11,2
28651,12,2
28652,11,2
28653,12,2
28654,12,2
28655,13,2
28656,10,2
28657,11,2
28658,11,2
28659,12,2
28660,11,2
28661,12,2
28662,12,2
28663,13,2
28664,11,2
28665,12,2
28666,12,2
28667,13,2
28668,12,2
28669,13,2
28670,13,2
28671,14,2
28672,3,2
28673,4,2
28674,4,2
28675,5,2
28676,4,2
28677,5,2
28678,5,2
28679,6,2
28680,4,2
28681,5,2
28682,5,2
28683,6,2
28684,5,2
28685,6,2
28686,6,2
28687,7,2
28688,4,2
28689,5,2
28690,5,2
28691,6,2
28692,5,2
28693,6,2
28694,6,2
28695,7,2
28696,5,2
28697,6,2
28698,6,2
28699,7,2
28700,6,2
28701,7,2
28702,7,2
28703,8,2
28704,4,2
28705,5,2
28706,5,2
28707,6,2
28708,5,2
28709,6,2
28710,6,2
28711,7,2
28712,5,2
28713,6,2
28714,6,2
28715,7,2
28716,6,2
28717,7,2
28718,7,2
28719,8,2
28720,5,2
28721,6,2
28722,6,2
28723,7,2
28724,6,2
28725,7,2
28726,7,2
28727,8,2
28728,6,2
28729,7,2
28730,7,2
28731,8,2
28732,7,2
28733,8,2
28734,8,2
28735,9,2
28736,4,2
28737,5,2
28738,5,2
28739,6,2
28740,5,2
28741,6,2
28742,6,2
28743,7,2
28744,5,2
28745,6,2
28746,6,2
28747,7,2
28748,6,2
28749,7,2
28750,7,2
28751,8,2
28752,5,2
28753,6,2
28754,6,2
28755,7,2
28756,6,2
28757,7,2
28758,7,2
28759,8,2
28760,6,2
28761,7,2
28762,7,2
28763,8,2
28764,7,2
28765,8,2
28766,8,2
28767,9,2
28768,5,2
28769,6,2
28770,6,2
28771,7,2
28772,6,2
28773,7,2
28774,7,2
28775,8,2
28776,6,2
28777,7,2
28778,7,2
28779,8,2
28780,7,2
28781,8,2
28782,8,2
28783,9,2
28784,6,2
28785,7,2
28786,7,2
28787,8,2
28788,7,2
28789,8,2
28790,8,2
28791,9,2
28792,7,2
28793,8,2
28794,8,2
28795,9,2
28796,8,2
28797,9,2
28798,9,2
28799,10,2
28800,4,2
28801,5,2
28802,5,2
28803,6,2
28804,5,2
28805,6,2
28806,6,2
28807,7,2
28808,5,2
28809,6,2
28810,6,2
28811,7,2
28812,6,2
28813,7,2
28814,7,2
28815,8,2
28816,5,2
28817,6,2
28818,6,2
28819,7,2
28820,6,2
28821,7,2
28822,7,2
28823,8,2
28824,6,2
28825,7,2
28826,7,2
28827,8,2
28828,7,2
28829,8,2
28830,8,2
28831,9,2
28832,5,2
28833,6,2
28834,6,2
28835,7,2
28836,6,2
28837,7,2
28838,7,2
28839,8,2
28840,6,2
28841,7,2
28842,7,2
28843,8,2
28844,7,2
28845,8,2
28846,8,2
28847,9,2
28848,6,2
28849,7,2
28850,7,2
28851,8,2
28852,7,2
28853,8,2
28854,8,2
28855,9,2
28856,7,2
28857,8,2
28858,8,2
28859,9,2
28860,8,2
28861,9,2
28862,9,2
28863,10,2
